SECTION 130320 OF THE FEDERAL HOUSING ENTERPRISES FINANCIAL SAFETY AND SOUNDNESS ACT OF 1992 12 USC 450220;0;LegalReferences
THE FEDERAL DEPOSIT INSURANCE CORPORATION IMPROVEMENT ACT OF 1991 12 USC 4401 ET SEQ;0;LegalReferences
THE FEDERAL DEPOSIT INSURANCE CORPORATION IMPROVEMENT ACT OF 1991 12 USC 4403A;0;LegalReferences
HOUSING ENTERPRISES FINANCIAL SAFETY AND SOUNDNESS ACT OF 1992 12 USC 4617D;0;LegalReferences
SECTION 21 OR 27 OF THE SECURITIES EXCHANGE ACT OF 1934 15 USC 78U 78AA;0;LegalReferences
THE SECURITIES INVESTOR PROTECTION ACT OF 1970 15 USC 78AAA ET SEQ;0;LegalReferences
THE FEDERAL DEPOSIT INSURANCE CORPORATION IMPROVEMENT ACT OF 1991;2;LegalReferences
NONBANK FINANCIAL COMPANY SUPERVISED BY THE BOARD OF GOVERNORS;64;EconomicOperands
THE SECURITIES INVESTOR PROTECTION ACT OF 1970 15 USC 78DDD;2;LegalReferences
THE SECURITIES INVESTOR PROTECTION ACT OF 1970 15 USC 78LLL;1;LegalReferences
DODD-FRANK WALL STREET REFORM AND CONSUMER PROTECTION ACT;25;LegalReferences
SECTION 5A OF THE INSPECTOR GENERAL ACT OF 1978 5 USC APP;1;LegalReferences
SECURITIES INVESTOR PROTECTION ACT OF 1970 15 USC 78FFF2C;0;LegalReferences
SECURITIES INVESTOR PROTECTION ACT 15 USC 78AAA ET SEQ;0;LegalReferences
THE BANK HOLDING COMPANY ACT OF 1956 12 USC 1841A;0;LegalReferences
THE BANK HOLDING COMPANY ACT OF 1956 12 USC 1841B;0;LegalReferences
THE BANK HOLDING COMPANY ACT OF 1956 12 USC 1843K;2;LegalReferences
PART 366 OF TITLE 12 CODE OF FEDERAL REGULATIONS;0;LegalReferences
THE SECURITIES EXCHANGE ACT OF 1934 15 USC 73OB;0;LegalReferences
THE SECURITIES EXCHANGE ACT OF 1934 15 USC 78OB;3;LegalReferences
COMMITTEE ON BANKING HOUSING AND URBAN AFFAIRS;88;EconomicOperands
THE FEDERAL DEPOSIT INSURANCE ACT 12 USC 1818;10;LegalReferences
COMMITTEE ON FINANCIAL SERVICES OF THE HOUSE;78;EconomicOperands
CHAPTER 31 OF TITLE 31 UNITED STATES CODE;1;LegalReferences
COMPTROLLER GENERAL OF THE UNITED STATES;52;EconomicOperands
ADMINISTRATIVE EXPENSES OF THE RECEIVER;0;EconomicOperands
RECORDS OF A COVERED FINANCIAL COMPANY;0;EconomicOperands
CUSTOMER PROPERTY AND MEMBER PROPERTY;0;EconomicOperands
FEDERAL DEPOSIT INSURANCE CORPORATION;108;EconomicOperands
REVISED STATUTES OF THE UNITED STATES;13;LegalReferences
PRIMARY FINANCIAL REGULATORY AGENCY;32;EconomicOperands
THE SECURITIES EXCHANGE ACT OF 1934;82;LegalReferences
ACTUAL DIRECT COMPENSATORY DAMAGES;0;EconomicOperands
APPROPRIATE FEDERAL BANKING AGENCY;166;EconomicOperands
SUPREME COURT OF THE UNITED STATES;5;EconomicOperands
CHAPTER 11 OF THE BANKRUPTCY CODE;0;LegalReferences
THE FEDERAL DEPOSIT INSURANCE ACT;54;LegalReferences
FEDERAL RULES OF CIVIL PROCEDURE;6;LegalReferences
COMMITTEE ON FINANCIAL SERVICES;9;EconomicOperands
INSURED DEPOSITORY INSTITUTION;161;EconomicOperands
UNITED STATES COURT OF APPEALS;10;EconomicOperands
IMPACT ON FINANCIAL STABILITY;0;EconomicOperands
INTERNAL REVENUE CODE OF 1986;14;EconomicOperands
ORDERLY LIQUIDATION AUTHORITY;0;EconomicOperands
SELF-REGULATORY ORGANIZATIONS;14;EconomicOperands
DISTRICT OF COLUMBIA CIRCUIT;8;EconomicOperands
QUALIFIED FINANCIAL CONTRACT;0;EconomicOperands
REVERSE REPURCHASE AGREEMENT;3;EconomicOperands
SELF-REGULATORY ORGANIZATION;45;EconomicOperands
THE FEDERAL CREDIT UNION ACT;4;LegalReferences
FUTURES COMMISSION MERCHANT;34;EconomicOperands
THE FARM CREDIT ACT OF 1971;1;LegalReferences
COMMITTEE ON THE JUDICIARY;1;EconomicOperands
DEPARTMENT OF THE TREASURY;18;EconomicOperands
ELIGIBLE FINANCIAL COMPANY;0;EconomicOperands
THE COMMODITY EXCHANGE ACT;62;LegalReferences
COVERED FINANCIAL COMPANY;2;EconomicOperands
FEDERAL REGULATORY AGENCY;8;EconomicOperands
MASTER AGREEMENT CONTAINS;2;EconomicOperands
NONBANK FINANCIAL COMPANY;38;EconomicOperands
STATE INSURANCE REGULATOR;15;EconomicOperands
BANK PRODUCTS ACT OF 2000;2;LegalReferences
SUBCLAUSES I THROUGH VIII;0;LegalReferences
SUBPARAGRAPHS A B C AND D;0;LegalReferences
BRIDGE FINANCIAL COMPANY;0;EconomicOperands
COVERED BROKER OR DEALER;0;EconomicOperands
CUSTOMER NAME SECURITIES;1;EconomicOperands
FEDERAL BANKING AGENCIES;61;EconomicOperands
FEDERAL INSURANCE OFFICE;11;EconomicOperands
HOUSE OF REPRESENTATIVES;31;EconomicOperands
PROMPT CORRECTIVE ACTION;2;EconomicOperands
SUBCLAUSES I THROUGH XII;0;LegalReferences
DEPOSITORY INSTITUTIONS;25;EconomicOperands
IMPLEMENTATION EXPENSES;0;EconomicOperands
UNDERSERVED COMMUNITIES;6;EconomicOperands
SUBPARAGRAPHS B C AND D;0;LegalReferences
SUBPARAGRAPHS C D AND E;2;LegalReferences
IN CONNECTION THEREWITH;2;LogicalConnectors
AS SOON AS PRACTICABLE;5;Attributes
CUSTOMER NAME SECURITY;0;EconomicOperands
DEPOSITORY INSTITUTION;85;EconomicOperands
FINANCIAL INSTITUTIONS;89;EconomicOperands
INSTITUTION-AFFILIATED;4;EconomicOperands
GRAMM-LEACH-BLILEY ACT;28;LegalReferences
SUBCLAUSES I THROUGH V;1;LegalReferences
SUBCLAUSES I THROUGH X;0;LegalReferences
TO THE MAXIMUM EXTENT;8;Attributes
BUSINESS OF INSURANCE;15;EconomicOperands
CLEARING ORGANIZATION;13;EconomicOperands
CONFLICTS OF INTEREST;77;EconomicOperands
FINANCIAL INSTITUTION;87;EconomicOperands
PREDOMINANTLY ENGAGED;12;EconomicOperands
RESOLUTION MECHANISMS;0;EconomicOperands
CLAUSES I THROUGH III;7;LegalReferences
SUBPARAGRAPHS A AND B;24;LegalReferences
RULES OF CONSTRUCTION;6;Other
BANK HOLDING COMPANY;124;EconomicOperands
CONFLICT OF INTEREST;16;EconomicOperands
CONFLICT-OF-INTEREST;0;EconomicOperands
CORPORATE GOVERNANCE;3;EconomicOperands
DISTRICT OF COLUMBIA;12;EconomicOperands
IN DANGER OF DEFAULT;7;EconomicOperands
INSURED CREDIT UNION;33;EconomicOperands
REPURCHASE AGREEMENT;3;EconomicOperands
RISK-RELATED FACTORS;6;EconomicOperands
CLAUSES I THROUGH VI;0;LegalReferences
PARAGRAPHS 13 AND 14;0;LegalReferences
SUBCLAUSES I AND III;2;LegalReferences
LESS FREQUENTLY THAN;17;LogicalConnectors
RULE OF CONSTRUCTION;59;Other
COMPTROLLER GENERAL;89;EconomicOperands
CREDIT ENHANCEMENTS;1;EconomicOperands
DERIVATIVES MARKETS;1;EconomicOperands
FINANCIAL CONDITION;17;EconomicOperands
FINANCIAL STABILITY;58;EconomicOperands
INVESTOR PROTECTION;19;EconomicOperands
SECURITIES CONTRACT;2;EconomicOperands
PARAGRAPHS 9 AND 10;0;LegalReferences
SUBCLAUSES I AND IV;0;LegalReferences
SUBPARAGRAPH A OR B;11;LegalReferences
SUBPARAGRAPH G OR H;0;LegalReferences
SUBSECTIONS A AND B;22;LegalReferences
SUBSECTIONS B AND C;9;LegalReferences
BANKRUPTCY PROCESS;0;EconomicOperands
BOARD OF GOVERNORS;504;EconomicOperands
COMMODITY CONTRACT;3;EconomicOperands
COVERED SUBSIDIARY;0;EconomicOperands
FARM CREDIT SYSTEM;9;EconomicOperands
FEDERAL ASSISTANCE;8;EconomicOperands
FINANCIAL SERVICES;16;EconomicOperands
FOREIGN GOVERNMENT;16;EconomicOperands
INTERCONNECTEDNESS;7;EconomicOperands
RESOLUTION PROCESS;0;EconomicOperands
SITUATED CLAIMANTS;0;EconomicOperands
TOTAL CONSOLIDATED;25;EconomicOperands
TRANSFER OF ASSETS;0;EconomicOperands
IN CONNECTION WITH;148;FunctionWords
12 USC 2001 ET SEQ;0;LegalReferences
CLAUSES II AND III;3;LegalReferences
PARAGRAPHS 1 AND 2;25;LegalReferences
PARAGRAPHS 2 AND 3;8;LegalReferences
UNITED STATES CODE;160;LegalReferences
WRIT OF CERTIORARI;1;LegalReferences
FOR THE PURPOSE OF;74;LogicalConnectors
IN ACCORDANCE WITH;199;LogicalConnectors
IN CONFORMITY WITH;2;RegulatoryOperators
CUSTOMER PROPERTY;1;EconomicOperands
DEPOSIT INSURANCE;27;EconomicOperands
FINANCIAL COMPANY;23;EconomicOperands
FINANCIAL MARKETS;21;EconomicOperands
INSURANCE COMPANY;18;EconomicOperands
MARKET DISCIPLINE;2;EconomicOperands
OFF-BALANCE SHEET;2;EconomicOperands
PROTECTIVE DECREE;1;EconomicOperands
PUBLIC DISCLOSURE;21;EconomicOperands
UNJUST ENRICHMENT;1;EconomicOperands
WRITTEN AGREEMENT;5;EconomicOperands
IN THE CONTEXT OF;3;FunctionWords
PARAGRAPH 9 OR 10;0;LegalReferences
SUBSECTION A OR B;9;LegalReferences
IN THE EVENT THAT;5;LogicalConnectors
ATTORNEY GENERAL;38;EconomicOperands
CEASE-AND-DESIST;11;EconomicOperands
COMMODITY BROKER;0;EconomicOperands
COURT OF APPEALS;6;EconomicOperands
FINANCIAL SYSTEM;63;EconomicOperands
FOREIGN EXCHANGE;6;EconomicOperands
FORWARD CONTRACT;0;EconomicOperands
FULLY GUARANTEED;2;EconomicOperands
GOLDEN PARACHUTE;1;EconomicOperands
LETTER OF CREDIT;4;EconomicOperands
MORTGAGE-RELATED;4;EconomicOperands
PERIOD BEGINNING;82;EconomicOperands
RESPONSIBILITIES;43;EconomicOperands
UNENFORCEABILITY;1;EconomicOperands
PARAGRAPH 1 OR 2;6;LegalReferences
PARAGRAPH 3 OR 5;0;LegalReferences
FOR THE PURPOSES;31;LogicalConnectors
PURSUANT THERETO;1;LogicalConnectors
ADVERSE EFFECTS;4;EconomicOperands
BANKRUPTCY CODE;0;EconomicOperands
COMPATIBLE WITH;0;EconomicOperands
CONFIDENTIALITY;47;EconomicOperands
FEDERAL RESERVE;168;EconomicOperands
FINANCIAL FIRMS;4;EconomicOperands
INSTRUMENTALITY;21;EconomicOperands
JUDICIAL REVIEW;12;EconomicOperands
LEGAL CERTAINTY;12;EconomicOperands
LOAN COMMITMENT;0;EconomicOperands
MAJORITY LEADER;1;EconomicOperands
MINORITY LEADER;6;EconomicOperands
ORDINARY COURSE;9;EconomicOperands
REPRESENTATIVES;109;EconomicOperands
RESPONSIBLE FOR;36;EconomicOperands
SECURITIES LAWS;33;EconomicOperands
STATE-CHARTERED;6;EconomicOperands
WALKAWAY CLAUSE;0;EconomicOperands
ASSOCIATED WITH;107;FunctionWords
15 USC 78EEEB2C;0;LegalReferences
SECTION 210C10B;0;LegalReferences
THE CLAYTON ACT;0;LegalReferences
THIS SUBSECTION;373;LegalReferences
NOTWITHSTANDING;147;LogicalConnectors
WITH RESPECT TO;586;LogicalConnectors
RECOMMENDATIONS;141;RegulatoryOperators
ADMINISTRATION;34;EconomicOperands
ADMINISTRATIVE;66;EconomicOperands
ADVERSE EFFECT;0;EconomicOperands
BOARD OF TRADE;81;EconomicOperands
CERTIFICATIONS;9;EconomicOperands
COLLATERALIZED;6;EconomicOperands
COMMODITY SWAP;2;EconomicOperands
CONCENTRATIONS;2;EconomicOperands
CONSIDERATIONS;45;EconomicOperands
COUNTERPARTIES;34;EconomicOperands
CROSS-CURRENCY;1;EconomicOperands
DISCRIMINATION;11;EconomicOperands
ELECTRONICALLY;5;EconomicOperands
FEDERAL AGENCY;48;EconomicOperands
IDENTIFICATION;27;EconomicOperands
IMPLEMENTATION;42;EconomicOperands
INTERCONNECTED;6;EconomicOperands
INVESTIGATIONS;17;EconomicOperands
RECOMMENDATION;53;EconomicOperands
REHABILITATION;2;EconomicOperands
REORGANIZATION;12;EconomicOperands
REPRESENTATIVE;34;EconomicOperands
RESPONSIBILITY;21;EconomicOperands
SMALL BUSINESS;24;EconomicOperands
SWAP AGREEMENT;4;EconomicOperands
SECTION 201A11;0;LegalReferences
SECTION 202A1A;0;LegalReferences
SECTION 202C1A;0;LegalReferences
SECTION 210A1A;0;LegalReferences
SECTION 210N14;0;LegalReferences
STUDY REQUIRED;57;LegalReferences
SUBCHAPTER III;2;LegalReferences
SUBPARAGRAPH A;364;LegalReferences
SUBPARAGRAPH B;169;LegalReferences
SUBPARAGRAPH C;66;LegalReferences
SUBPARAGRAPH D;41;LegalReferences
SUBPARAGRAPH F;6;LegalReferences
SUBPARAGRAPH G;6;LegalReferences
SUBPARAGRAPH H;9;LegalReferences
SUBSECTION A11;0;LegalReferences
THIS PARAGRAPH;169;LegalReferences
AS A RESULT OF;17;LogicalConnectors
IN ADDITION TO;32;LogicalConnectors
IN THE CASE OF;105;LogicalConnectors
NOT LATER THAN;262;LogicalConnectors
WITH REGARD TO;25;LogicalConnectors
DETERMINATIONS;40;Other
IN THE FUTURE;4;Attributes
AUTOMATICALLY;1;EconomicOperands
BALANCE SHEET;10;EconomicOperands
CIRCUMVENTION;7;EconomicOperands
CLARIFICATION;11;EconomicOperands
CONGRESSIONAL;8;EconomicOperands
CONSIDERATION;66;EconomicOperands
CONSOLIDATION;5;EconomicOperands
CONTRIBUTIONS;6;EconomicOperands
COUNTERPARTYS;0;EconomicOperands
CURRENCY SWAP;2;EconomicOperands
DETERMINATION;239;EconomicOperands
DIFFERENTIATE;7;EconomicOperands
DISCRETIONARY;4;EconomicOperands
DOCUMENTATION;18;EconomicOperands
EFFECTIVENESS;51;EconomicOperands
EXPEDITIOUSLY;3;EconomicOperands
INCORPORATION;2;EconomicOperands
INSUFFICIENCY;2;EconomicOperands
INTEREST RATE;52;EconomicOperands
INTERNATIONAL;43;EconomicOperands
INVESTIGATION;38;EconomicOperands
INVOLUNTARILY;4;EconomicOperands
MODIFICATIONS;11;EconomicOperands
NONDEFAULTING;2;EconomicOperands
NORMAL COURSE;3;EconomicOperands
OF SECURITIES;59;EconomicOperands
PARTICIPATION;30;EconomicOperands
PUBLIC POLICY;1;EconomicOperands
RAMIFICATIONS;0;EconomicOperands
RECEIVERSHIPS;0;EconomicOperands
RECORDKEEPING;26;EconomicOperands
REGISTRATIONS;0;EconomicOperands
REGULATION OF;67;EconomicOperands
REIMBURSEMENT;7;EconomicOperands
SUPREME COURT;1;EconomicOperands
SYSTEMIC RISK;33;EconomicOperands
THIRD PARTIES;7;EconomicOperands
UNITED STATES;365;EconomicOperands
URBAN AFFAIRS;5;EconomicOperands
APPLICABILITY;28;FunctionWords
APPLICABLE TO;91;FunctionWords
CONSISTING OF;1;FunctionWords
MISCELLANEOUS;2;FunctionWords
SUBSTANTIALLY;22;FunctionWords
PARAGRAPH 10A;0;LegalReferences
PARAGRAPH 10B;0;LegalReferences
PARAGRAPH 12B;1;LegalReferences
PARAGRAPH 13A;0;LegalReferences
PARAGRAPH 13B;0;LegalReferences
PARAGRAPH 2BI;2;LegalReferences
SECTION 102A4;0;LegalReferences
SECTION 202A1;0;LegalReferences
SECTION 203C3;0;LegalReferences
SECTION 210A2;0;LegalReferences
SECTION 210A5;0;LegalReferences
SECTION 210B1;0;LegalReferences
SECTION 210C8;0;LegalReferences
SECTION 210N9;0;LegalReferences
SECTIONS 204D;0;LegalReferences
SUBSECTION A1;48;LegalReferences
SUBSECTION A4;9;LegalReferences
SUBSECTION A6;2;LegalReferences
SUBSECTION A8;2;LegalReferences
SUBSECTION B1;12;LegalReferences
SUBSECTION B2;34;LegalReferences
SUBSECTION B4;4;LegalReferences
SUBSECTION D4;2;LegalReferences
SUBSECTION D5;1;LegalReferences
SUBSECTION E2;6;LegalReferences
SUBSECTION H2;4;LegalReferences
SUBSECTION N9;0;LegalReferences
SUBSECTION O1;0;LegalReferences
PROVIDED THAT;21;LogicalConnectors
REGARDLESS OF;21;LogicalConnectors
TO THE EXTENT;143;LogicalConnectors
TOGETHER WITH;21;LogicalConnectors
AUTHORIZATION;33;RegulatoryOperators
ESTABLISHMENT;57;RegulatoryOperators
INSUFFICIENT;8;Attributes
PERIODICALLY;16;Attributes
ACCELERATION;1;EconomicOperands
ADJUDICATION;4;EconomicOperands
ADMINISTERED;15;EconomicOperands
APPOINTMENTS;1;EconomicOperands
ARRANGEMENTS;25;EconomicOperands
AVAILABILITY;56;EconomicOperands
BUSINESS DAY;14;EconomicOperands
CERTIFICATES;0;EconomicOperands
COMMENCEMENT;7;EconomicOperands
COMMENSURATE;1;EconomicOperands
COMPENSATION;145;EconomicOperands
COMPENSATORY;5;EconomicOperands
CONFIDENTIAL;40;EconomicOperands
CONFIRMATION;2;EconomicOperands
CONSOLIDATED;21;EconomicOperands
CONSTITUTION;3;EconomicOperands
CONSULTATION;146;EconomicOperands
CONSUMMATION;21;EconomicOperands
CONTINUATION;15;EconomicOperands
CONTRIBUTION;23;EconomicOperands
COORDINATION;51;EconomicOperands
COUNTERPARTY;92;EconomicOperands
DEMONSTRATED;2;EconomicOperands
DEMONSTRATES;3;EconomicOperands
DISTRIBUTION;13;EconomicOperands
DUTY OF CARE;3;EconomicOperands
ENTITLEMENTS;2;EconomicOperands
EXPECTATIONS;1;EconomicOperands
FACILITATING;4;EconomicOperands
FOREIGN BANK;34;EconomicOperands
FUNCTIONS OF;52;EconomicOperands
GOVERNMENTAL;18;EconomicOperands
GUARANTEEING;5;EconomicOperands
IMPLICATIONS;3;EconomicOperands
INCORPORATED;15;EconomicOperands
JURISDICTION;145;EconomicOperands
MARKET SHARE;5;EconomicOperands
MODIFICATION;40;EconomicOperands
MORAL HAZARD;1;EconomicOperands
MUNICIPALITY;5;EconomicOperands
NOTIFICATION;29;EconomicOperands
ORGANIZATION;70;EconomicOperands
PARTICIPANTS;67;EconomicOperands
PARTICIPATED;5;EconomicOperands
PRESCRIPTION;2;EconomicOperands
QUANTITATIVE;19;EconomicOperands
RECEIVERSHIP;6;EconomicOperands
RELATIONSHIP;8;EconomicOperands
REQUIREMENTS;479;EconomicOperands
SATISFACTION;2;EconomicOperands
SHAREHOLDERS;16;EconomicOperands
SIMULTANEOUS;4;EconomicOperands
SOLICITATION;19;EconomicOperands
STAKEHOLDERS;1;EconomicOperands
SUBORDINATED;1;EconomicOperands
SUBSIDIARIES;41;EconomicOperands
TRANSACTIONS;194;EconomicOperands
TRANSFERRING;7;EconomicOperands
UNENCUMBERED;0;EconomicOperands
UNLIQUIDATED;0;EconomicOperands
BY REASON OF;8;FunctionWords
BY VIRTUE OF;8;FunctionWords
ON BEHALF OF;68;FunctionWords
PARAGRAPH 11;7;LegalReferences
PARAGRAPH 12;6;LegalReferences
PARAGRAPH 13;7;LegalReferences
PARAGRAPH 14;1;LegalReferences
PARAGRAPH 15;1;LegalReferences
PARAGRAPH 1A;34;LegalReferences
PARAGRAPH 1B;17;LegalReferences
PARAGRAPH 1C;5;LegalReferences
PARAGRAPH 2B;20;LegalReferences
PARAGRAPH 3A;10;LegalReferences
PARAGRAPH 3B;9;LegalReferences
PARAGRAPH 4B;10;LegalReferences
PARAGRAPH 51;1;LegalReferences
PARAGRAPH 6B;2;LegalReferences
PARAGRAPH 8A;0;LegalReferences
PARAGRAPH 9A;2;LegalReferences
SECTION 1013;1;LegalReferences
SECTION 1032;1;LegalReferences
SECTION 1367;0;LegalReferences
SECTION 15C5;0;LegalReferences
SECTION 202A;4;LegalReferences
SECTION 203A;1;LegalReferences
SECTION 203B;3;LegalReferences
SECTION 203D;0;LegalReferences
SECTION 204D;0;LegalReferences
SECTION 205E;1;LegalReferences
SECTION 205F;0;LegalReferences
SECTION 2105;1;LegalReferences
SECTION 210B;2;LegalReferences
SECTION 210C;1;LegalReferences
SECTION 210H;0;LegalReferences
SECTION 210N;0;LegalReferences
SECTION 3A47;1;LegalReferences
SECTION 403A;0;LegalReferences
SECTION 5242;0;LegalReferences
SECTION 547C;0;LegalReferences
SECTION 548C;0;LegalReferences
SECTIONS 403;0;LegalReferences
SECTIONS 547;0;LegalReferences
SECTIONS 741;0;LegalReferences
SUBCLAUSE II;12;LegalReferences
SUBSECTION A;272;LegalReferences
SUBSECTION B;175;LegalReferences
SUBSECTION C;63;LegalReferences
SUBSECTION D;41;LegalReferences
SUBSECTION E;36;LegalReferences
SUBSECTION H;14;LegalReferences
SUBSECTION O;4;LegalReferences
THIS SECTION;729;LegalReferences
EARLIER THAN;8;LogicalConnectors
GREATER THAN;11;LogicalConnectors
IN THE PLACE;2;LogicalConnectors
RESPECTIVELY;75;LogicalConnectors
SPECIFICALLY;33;LogicalConnectors
DEFINITIONAL;1;Other
SUBPARAGRAPH;78;Other
ESTABLISHING;57;RegulatoryOperators
RESTRICTIONS;29;RegulatoryOperators
50000000000;17;Attributes
APPROPRIATE;521;Attributes
ENFORCEABLE;20;Attributes
IMMEDIATELY;24;Attributes
SIGNIFICANT;78;Attributes
SUBSTANTIAL;34;Attributes
ACCEPTANCES;2;EconomicOperands
ACQUISITION;31;EconomicOperands
AFFIRMATIVE;5;EconomicOperands
ALTERNATIVE;18;EconomicOperands
APPLICATION;107;EconomicOperands
APPOINTMENT;26;EconomicOperands
ARRANGEMENT;15;EconomicOperands
ASSESSMENTS;32;EconomicOperands
ASSOCIATION;64;EconomicOperands
AUTHORITIES;87;EconomicOperands
CALCULATION;9;EconomicOperands
CERTIFICATE;8;EconomicOperands
CHAIRPERSON;55;EconomicOperands
COMBINATION;5;EconomicOperands
COMMISSIONS;22;EconomicOperands
COMMODITIES;25;EconomicOperands
COMPETITION;10;EconomicOperands
COMPETITIVE;24;EconomicOperands
CONCLUSIONS;5;EconomicOperands
CONCURRENCE;4;EconomicOperands
CONFLICTING;3;EconomicOperands
CONSEQUENCE;3;EconomicOperands
CONSERVATOR;4;EconomicOperands
CONSTITUTES;15;EconomicOperands
CONSUMMATED;11;EconomicOperands
CONTINGENCY;6;EconomicOperands
CONTRACTUAL;11;EconomicOperands
CONTRIBUTED;3;EconomicOperands
CONVERTIBLE;2;EconomicOperands
COOPERATION;4;EconomicOperands
CORPORATION;253;EconomicOperands
DEFINITIONS;107;EconomicOperands
DESCRIPTION;60;EconomicOperands
DESIGNATION;40;EconomicOperands
DETERMINING;62;EconomicOperands
DEVELOPMENT;42;EconomicOperands
DIFFERENCES;11;EconomicOperands
DISPOSITION;10;EconomicOperands
DISSOLUTION;1;EconomicOperands
DISTRIBUTED;8;EconomicOperands
DUPLICATIVE;3;EconomicOperands
ENFORCEMENT;286;EconomicOperands
ENHANCEMENT;2;EconomicOperands
EVALUATIONS;3;EconomicOperands
EVIDENTIARY;1;EconomicOperands
EXAMINATION;139;EconomicOperands
FILING DATE;5;EconomicOperands
FORECLOSURE;50;EconomicOperands
GOVERNMENTS;6;EconomicOperands
IMPROVEMENT;4;EconomicOperands
INFORMATION;725;EconomicOperands
INSTITUTION;64;EconomicOperands
INSTRUMENTS;37;EconomicOperands
INTENTIONAL;0;EconomicOperands
INVESTMENTS;41;EconomicOperands
INVOLUNTARY;1;EconomicOperands
LEGISLATIVE;20;EconomicOperands
LIABILITIES;18;EconomicOperands
LIQUIDATING;3;EconomicOperands
LIQUIDATION;6;EconomicOperands
LONGER-TERM;0;EconomicOperands
MAINTAINING;17;EconomicOperands
MEMBERSHIPS;0;EconomicOperands
OBLIGATIONS;91;EconomicOperands
OPPORTUNITY;52;EconomicOperands
OUTSTANDING;27;EconomicOperands
PARTNERSHIP;25;EconomicOperands
PERFORMANCE;36;EconomicOperands
PRACTICABLE;29;EconomicOperands
PRESUMPTION;5;EconomicOperands
PROCEEDINGS;56;EconomicOperands
PROSECUTION;5;EconomicOperands
PROTECTIONS;6;EconomicOperands
PUBLICATION;42;EconomicOperands
REASONS FOR;10;EconomicOperands
RECOVERABLE;1;EconomicOperands
REGULATIONS;404;EconomicOperands
REQUIREMENT;124;EconomicOperands
RESTITUTION;8;EconomicOperands
SHAREHOLDER;23;EconomicOperands
STOCKBROKER;0;EconomicOperands
SUBORDINATE;5;EconomicOperands
SUMMARIZING;3;EconomicOperands
SUPERVISION;92;EconomicOperands
SUPERVISORY;76;EconomicOperands
SUPPLEMENTS;1;EconomicOperands
TERMINATION;23;EconomicOperands
TERRITORIAL;4;EconomicOperands
TRANSACTION;355;EconomicOperands
TRANSFERRED;192;EconomicOperands
TRANSMITTAL;6;EconomicOperands
TRANSMITTED;9;EconomicOperands
UTILIZATION;1;EconomicOperands
VOLUNTARILY;4;EconomicOperands
PURSUANT TO;385;FunctionWords
REFERRED TO;76;FunctionWords
RELATING TO;240;FunctionWords
PARAGRAPH 1;390;LegalReferences
PARAGRAPH 2;200;LegalReferences
PARAGRAPH 3;88;LegalReferences
PARAGRAPH 4;76;LegalReferences
PARAGRAPH 5;24;LegalReferences
PARAGRAPH 6;24;LegalReferences
PARAGRAPH 8;9;LegalReferences
PARAGRAPH 9;8;LegalReferences
SECTION 101;7;LegalReferences
SECTION 11E;0;LegalReferences
SECTION 120;1;LegalReferences
SECTION 15B;5;LegalReferences
SECTION 165;2;LegalReferences
SECTION 201;1;LegalReferences
SECTION 202;5;LegalReferences
SECTION 203;6;LegalReferences
SECTION 204;4;LegalReferences
SECTION 205;3;LegalReferences
SECTION 206;4;LegalReferences
SECTION 209;1;LegalReferences
SECTION 210;1;LegalReferences
SECTION 215;0;LegalReferences
SECTION 402;2;LegalReferences
SECTION 546;0;LegalReferences
SECTION 5B2;0;LegalReferences
SUBCLAUSE I;21;LegalReferences
SUBSECTIONS;34;LegalReferences
EXCLUSIVELY;9;LogicalConnectors
AS A RESULT;0;LogicalConnectors
IN ANY CASE;8;LogicalConnectors
IN ORDER TO;77;LogicalConnectors
LONGER THAN;4;LogicalConnectors
RELATIVE TO;9;LogicalConnectors
TO CONCLUDE;2;LogicalConnectors
AUTHORIZING;3;RegulatoryOperators
ESTABLISHED;254;RegulatoryOperators
ESTABLISHES;5;RegulatoryOperators
LIMITATIONS;69;RegulatoryOperators
PROHIBITION;57;RegulatoryOperators
PROMULGATED;25;RegulatoryOperators
RESTRICTION;4;RegulatoryOperators
10 PERCENT;15;Attributes
85 PERCENT;2;Attributes
90 PERCENT;4;Attributes
ACCEPTABLE;11;Attributes
CONSISTENT;117;Attributes
INDIRECTLY;63;Attributes
REASONABLE;129;Attributes
REASONABLY;52;Attributes
SEMIANNUAL;10;Attributes
SUFFICIENT;31;Attributes
ACCELERATE;1;EconomicOperands
ACCEPTANCE;13;EconomicOperands
ACCOUNTANT;4;EconomicOperands
ACCOUNTING;83;EconomicOperands
ACQUIESCES;0;EconomicOperands
ACTIVITIES;299;EconomicOperands
ADMINISTER;22;EconomicOperands
AFFILIATES;38;EconomicOperands
AFFIRMANCE;1;EconomicOperands
AGREEMENTS;55;EconomicOperands
ALLOCATION;20;EconomicOperands
APPOINTING;4;EconomicOperands
ASSESSMENT;52;EconomicOperands
ASSIGNMENT;13;EconomicOperands
ASSISTANCE;102;EconomicOperands
ASSOCIATED;42;EconomicOperands
ASSUMPTION;2;EconomicOperands
BANKRUPTCY;10;EconomicOperands
BASED UPON;17;EconomicOperands
BASIS SWAP;2;EconomicOperands
BENEFICIAL;3;EconomicOperands
BURDENSOME;2;EconomicOperands
BUSINESSES;11;EconomicOperands
CALCULATED;8;EconomicOperands
CAPRICIOUS;1;EconomicOperands
CATEGORIES;18;EconomicOperands
CHALLENGES;2;EconomicOperands
CIRCUMVENT;2;EconomicOperands
COLLATERAL;29;EconomicOperands
COLLECTING;11;EconomicOperands
COLLECTION;35;EconomicOperands
COMMERCIAL;45;EconomicOperands
COMMISSION;1559;EconomicOperands
COMMITTEES;31;EconomicOperands
COMPARABLE;55;EconomicOperands
COMPLETING;3;EconomicOperands
COMPLETION;17;EconomicOperands
COMPLEXITY;4;EconomicOperands
CONCLUSION;7;EconomicOperands
CONDITIONS;107;EconomicOperands
CONDUCT OF;27;EconomicOperands
CONDUCTING;41;EconomicOperands
CONSIDERED;59;EconomicOperands
CONSIST OF;3;EconomicOperands
CONSTITUTE;14;EconomicOperands
CONSULTING;8;EconomicOperands
CONTAINING;22;EconomicOperands
CONTINGENT;6;EconomicOperands
CONTINUING;4;EconomicOperands
CONVENIENT;1;EconomicOperands
CONVERSION;24;EconomicOperands
COORDINATE;48;EconomicOperands
CURRENCIES;8;EconomicOperands
DEFINITION;85;EconomicOperands
DESCRIBING;18;EconomicOperands
DIFFERENCE;6;EconomicOperands
DIRECTIVES;3;EconomicOperands
DISCHARGED;1;EconomicOperands
DISCLOSING;6;EconomicOperands
DISCRETION;72;EconomicOperands
DISRUPTIVE;2;EconomicOperands
DUE REGARD;3;EconomicOperands
EFFICIENCY;10;EconomicOperands
EMPLOYMENT;43;EconomicOperands
EVALUATING;4;EconomicOperands
EVALUATION;22;EconomicOperands
EXECUTIVES;3;EconomicOperands
EXERCISING;11;EconomicOperands
EXPEDITION;0;EconomicOperands
EXPERIENCE;8;EconomicOperands
EXPIRATION;26;EconomicOperands
EXPLAINING;0;EconomicOperands
EXTENSIONS;8;EconomicOperands
FACILITATE;44;EconomicOperands
FORECLOSED;2;EconomicOperands
FRAUDULENT;15;EconomicOperands
FULFILLING;2;EconomicOperands
GOOD FAITH;15;EconomicOperands
GOVERNMENT;123;EconomicOperands
GUARANTEED;15;EconomicOperands
GUIDELINES;46;EconomicOperands
HOUSEHOLDS;4;EconomicOperands
IMPORTANCE;11;EconomicOperands
IMPRISONED;2;EconomicOperands
INCENTIVES;13;EconomicOperands
INCIDENTAL;20;EconomicOperands
INDIVIDUAL;120;EconomicOperands
INITIATIVE;11;EconomicOperands
INJUNCTION;9;EconomicOperands
INJUNCTIVE;2;EconomicOperands
INSOLVENCY;7;EconomicOperands
INVESTMENT;137;EconomicOperands
JUSTIFYING;0;EconomicOperands
LIKELIHOOD;4;EconomicOperands
LIQUIDATED;0;EconomicOperands
LITIGATION;14;EconomicOperands
MAINTAINED;33;EconomicOperands
MANAGEMENT;109;EconomicOperands
MATERIALLY;11;EconomicOperands
MATURITIES;0;EconomicOperands
MECHANISMS;12;EconomicOperands
MISCONDUCT;12;EconomicOperands
MITIGATING;13;EconomicOperands
NET EQUITY;0;EconomicOperands
OBLIGATION;55;EconomicOperands
OCCURRENCE;18;EconomicOperands
OPERATIONS;51;EconomicOperands
PERFORMING;45;EconomicOperands
PERSONALLY;19;EconomicOperands
POSSESSION;10;EconomicOperands
PREFERENCE;1;EconomicOperands
PRESERVING;4;EconomicOperands
PREVENTION;14;EconomicOperands
PRIORITIES;3;EconomicOperands
PRIVILEGES;10;EconomicOperands
PROCEDURES;190;EconomicOperands
PROCEEDING;96;EconomicOperands
PROHIBITED;17;EconomicOperands
PROMULGATE;35;EconomicOperands
PROSECUTED;1;EconomicOperands
PROTECTION;150;EconomicOperands
PROTECTIVE;0;EconomicOperands
PROVISIONS;236;EconomicOperands
PURCHASING;14;EconomicOperands
RECKLESSLY;8;EconomicOperands
RECOUPMENT;4;EconomicOperands
RECOVERIES;0;EconomicOperands
REDEMPTION;5;EconomicOperands
REGISTERED;350;EconomicOperands
REGULATION;293;EconomicOperands
REGULATORS;39;EconomicOperands
REGULATORY;179;EconomicOperands
REPURCHASE;0;EconomicOperands
RESOLUTION;75;EconomicOperands
RISK-BASED;14;EconomicOperands
SCHEDULING;3;EconomicOperands
SECURITIES;435;EconomicOperands
SETTLEMENT;69;EconomicOperands
SHORT-TERM;4;EconomicOperands
STRUCTURES;4;EconomicOperands
SUBSIDIARY;179;EconomicOperands
SUCCESSION;2;EconomicOperands
SUCCESSIVE;1;EconomicOperands
SUPERVISED;67;EconomicOperands
SUPPORTING;10;EconomicOperands
SUSPENSION;13;EconomicOperands
TERMINATED;15;EconomicOperands
UNDERLYING;19;EconomicOperands
UNDISPUTED;0;EconomicOperands
UNRESOLVED;0;EconomicOperands
VALUATIONS;1;EconomicOperands
VOLATILITY;4;EconomicOperands
WINDING UP;2;EconomicOperands
APPLICABLE;184;FunctionWords
IN GENERAL;595;FunctionWords
PARTICULAR;32;FunctionWords
SUBSEQUENT;16;FunctionWords
THEMSELVES;7;FunctionWords
THEREAFTER;31;FunctionWords
THEREUNDER;42;FunctionWords
CLAUSE III;31;LegalReferences
CLAUSE VII;9;LegalReferences
SECTION 14;5;LegalReferences
SECTION 16;2;LegalReferences
SECTION 2A;7;LegalReferences
SECTION 2B;2;LegalReferences
SECTION 4K;11;LegalReferences
SECTION 7A;0;LegalReferences
SECTION 8C;0;LegalReferences
SECTION 8E;2;LegalReferences
SECTION 8N;0;LegalReferences
SECTION 8V;0;LegalReferences
SUBTITLE A;14;LegalReferences
THIS TITLE;503;LegalReferences
AS SOON AS;4;LogicalConnectors
BECAUSE OF;15;LogicalConnectors
EARLIER OF;6;LogicalConnectors
EQUIVALENT;22;LogicalConnectors
EXCEPTIONS;34;LogicalConnectors
FEWER THAN;20;LogicalConnectors
IN LIEU OF;7;LogicalConnectors
LIMITED TO;18;LogicalConnectors
MULTIPLIED;3;LogicalConnectors
PREVIOUSLY;6;LogicalConnectors
SUBJECT TO;475;LogicalConnectors
ADDITIONAL;111;MathematicalOperators
AMENDMENTS;146;Other
CONFORMING;32;Other
PARAGRAPHS;33;Other
RULEMAKING;106;Other
SUBCHAPTER;8;Other
LIMITATION;77;RegulatoryOperators
AUTHORIZED;147;RegulatoryOperators
DESIGNATED;126;RegulatoryOperators
DETERMINED;123;RegulatoryOperators
DETERMINES;191;RegulatoryOperators
EXEMPTIONS;35;RegulatoryOperators
PERMITTING;6;RegulatoryOperators
PRESCRIBED;214;RegulatoryOperators
24 MONTHS;6;Attributes
ADVISABLE;4;Attributes
EQUITABLE;22;Attributes
NECESSARY;279;Attributes
PRESENTLY;1;Attributes
QUARTERLY;5;Attributes
ACQUIESCE;0;EconomicOperands
ACQUIRING;6;EconomicOperands
ADVERSELY;3;EconomicOperands
AFFECTING;25;EconomicOperands
AFFILIATE;119;EconomicOperands
AGGREGATE;46;EconomicOperands
AGREEMENT;144;EconomicOperands
ALLEGEDLY;1;EconomicOperands
ALLOCATED;5;EconomicOperands
ALLOWANCE;1;EconomicOperands
ANTITRUST;8;EconomicOperands
APPEARING;1;EconomicOperands
APPLICANT;33;EconomicOperands
APPOINTED;48;EconomicOperands
APPRAISER;48;EconomicOperands
ARBITRARY;1;EconomicOperands
AUTHORITY;515;EconomicOperands
AVAILABLE;224;EconomicOperands
AVOIDABLE;1;EconomicOperands
AVOIDANCE;1;EconomicOperands
BONA FIDE;28;EconomicOperands
BORROWING;25;EconomicOperands
BROKERAGE;14;EconomicOperands
CARRY OUT;106;EconomicOperands
CAUSES OF;2;EconomicOperands
CERTIFIES;4;EconomicOperands
CHALLENGE;0;EconomicOperands
CHARACTER;10;EconomicOperands
CHARTERED;21;EconomicOperands
CLEARANCE;7;EconomicOperands
COMMENCED;10;EconomicOperands
COMMITTED;23;EconomicOperands
COMMODITY;91;EconomicOperands
COMPANIES;151;EconomicOperands
COMPETENT;16;EconomicOperands
CONDITION;31;EconomicOperands
CONDUCTED;85;EconomicOperands
CONFIRMED;3;EconomicOperands
CONSIDERS;14;EconomicOperands
CONSUMERS;167;EconomicOperands
CONTAINED;20;EconomicOperands
CONTRACTS;119;EconomicOperands
CONVICTED;15;EconomicOperands
CORPORATE;16;EconomicOperands
CREDITORS;15;EconomicOperands
CURRENTLY;4;EconomicOperands
CUSTODIAN;21;EconomicOperands
CUSTOMERS;30;EconomicOperands
DECISIONS;21;EconomicOperands
DEFAULTED;1;EconomicOperands
DEPLETION;0;EconomicOperands
DEPOSITED;32;EconomicOperands
DETERRENT;2;EconomicOperands
DEVELOPED;14;EconomicOperands
DIRECTION;9;EconomicOperands
DIRECTORS;111;EconomicOperands
DISCHARGE;10;EconomicOperands
DISCLOSED;23;EconomicOperands
DISCLOSES;4;EconomicOperands
DISCOVERY;23;EconomicOperands
DISMISSAL;1;EconomicOperands
DISMISSED;1;EconomicOperands
DISREGARD;6;EconomicOperands
DISRUPTED;2;EconomicOperands
DIVIDENDS;19;EconomicOperands
DOCUMENTS;43;EconomicOperands
EFFECTING;7;EconomicOperands
EFFICIENT;15;EconomicOperands
EMISSIONS;1;EconomicOperands
EMPLOYEES;186;EconomicOperands
ESSENTIAL;3;EconomicOperands
ESTIMATED;7;EconomicOperands
EXCESSIVE;5;EconomicOperands
EXCLUSION;30;EconomicOperands
EXECUTING;7;EconomicOperands
EXECUTION;28;EconomicOperands
EXECUTIVE;14;EconomicOperands
EXEMPLARY;2;EconomicOperands
EXERCISED;1;EconomicOperands
EXERCISES;2;EconomicOperands
EXPEDITED;6;EconomicOperands
EXTENSION;49;EconomicOperands
FAVORABLE;4;EconomicOperands
FIDUCIARY;23;EconomicOperands
FINANCIAL;458;EconomicOperands
FINANCING;27;EconomicOperands
FOREGOING;4;EconomicOperands
FREQUENCY;9;EconomicOperands
FUNCTIONS;112;EconomicOperands
GENERATED;3;EconomicOperands
GOVERNING;49;EconomicOperands
GUARANTEE;51;EconomicOperands
IMMEDIATE;2;EconomicOperands
IMPLEMENT;51;EconomicOperands
INABILITY;1;EconomicOperands
INCURRING;0;EconomicOperands
INFLATION;9;EconomicOperands
INITIATED;12;EconomicOperands
INSOLVENT;8;EconomicOperands
INSPECTOR;52;EconomicOperands
INSURANCE;225;EconomicOperands
INTENTION;4;EconomicOperands
INTERESTS;42;EconomicOperands
INTERFERE;2;EconomicOperands
INVESTORS;134;EconomicOperands
INVOLVING;42;EconomicOperands
JUDICIARY;0;EconomicOperands
KNOWLEDGE;15;EconomicOperands
LEVERAGED;4;EconomicOperands
LIABILITY;21;EconomicOperands
LIQUIDATE;4;EconomicOperands
LIQUIDITY;30;EconomicOperands
LONG-TERM;9;EconomicOperands
MAGNITUDE;1;EconomicOperands
MARKETING;12;EconomicOperands
MEASURING;2;EconomicOperands
MUNICIPAL;143;EconomicOperands
OBLIGATED;2;EconomicOperands
OBTAINING;15;EconomicOperands
OCCURRING;12;EconomicOperands
OFFICIALS;6;EconomicOperands
OMISSIONS;1;EconomicOperands
OPERATING;34;EconomicOperands
OPERATION;38;EconomicOperands
ORGANIZED;19;EconomicOperands
OWNERSHIP;31;EconomicOperands
PENALTIES;37;EconomicOperands
PERFORMED;12;EconomicOperands
PETITIONS;1;EconomicOperands
PORTFOLIO;25;EconomicOperands
POSITIONS;71;EconomicOperands
POTENTIAL;91;EconomicOperands
PRACTICES;85;EconomicOperands
PREJUDICE;1;EconomicOperands
PRESENTED;6;EconomicOperands
PRESIDENT;42;EconomicOperands
PRINCIPAL;104;EconomicOperands
PRIVILEGE;27;EconomicOperands
PROCEDURE;34;EconomicOperands
PROMOTING;7;EconomicOperands
PROVIDING;134;EconomicOperands
PROVISION;333;EconomicOperands
PUBLISHED;29;EconomicOperands
PURCHASED;11;EconomicOperands
PURCHASER;6;EconomicOperands
PURCHASES;12;EconomicOperands
QUALIFIED;25;EconomicOperands
RECEIVERS;0;EconomicOperands
RECEIVING;28;EconomicOperands
RECOMMEND;18;EconomicOperands
RECORDING;2;EconomicOperands
REFERENCE;13;EconomicOperands
REIMBURSE;11;EconomicOperands
REPAYMENT;24;EconomicOperands
REPORTING;148;EconomicOperands
REPUDIATE;0;EconomicOperands
RESOLVING;12;EconomicOperands
RESULTING;23;EconomicOperands
RETENTION;44;EconomicOperands
REVIEWING;11;EconomicOperands
SCHEDULES;6;EconomicOperands
SECRETARY;250;EconomicOperands
SELECTION;11;EconomicOperands
SOUNDNESS;41;EconomicOperands
STABILITY;30;EconomicOperands
STANDARDS;300;EconomicOperands
STATEMENT;71;EconomicOperands
SUBMITTED;79;EconomicOperands
SUCCESSOR;43;EconomicOperands
SUPPORTED;2;EconomicOperands
SUSPENDED;7;EconomicOperands
TAXPAYERS;15;EconomicOperands
TEMPORARY;27;EconomicOperands
TERMINATE;23;EconomicOperands
TERRITORY;13;EconomicOperands
TESTIMONY;46;EconomicOperands
TIMELINES;3;EconomicOperands
TRANSFERS;23;EconomicOperands
TREATMENT;58;EconomicOperands
UNMATURED;0;EconomicOperands
UNSECURED;4;EconomicOperands
VALUATION;19;EconomicOperands
VIOLATION;187;EconomicOperands
VOLUNTARY;6;EconomicOperands
WIND DOWN;0;EconomicOperands
BE SERVED;22;FunctionWords
DIFFERENT;23;FunctionWords
FOLLOWING;714;FunctionWords
GENERALLY;19;FunctionWords
HEREAFTER;2;FunctionWords
PRECEDING;70;FunctionWords
CHAPTER 7;8;LegalReferences
CLAUSE II;42;LegalReferences
CLAUSE IV;15;LegalReferences
SECTION 1;65;LegalReferences
SECTION 3;46;LegalReferences
SECTION 4;32;LegalReferences
SECTION 7;1;LegalReferences
SUBCLAUSE;3;LegalReferences
EXCLUDING;7;LogicalConnectors
BEGINNING;20;LogicalConnectors
EXCEPT AS;135;LogicalConnectors
HEREUNDER;1;LogicalConnectors
INCLUDING;675;LogicalConnectors
LESS THAN;50;LogicalConnectors
MORE THAN;74;LogicalConnectors
OTHERWISE;232;LogicalConnectors
REGARDING;238;LogicalConnectors
SIMILARLY;6;LogicalConnectors
MAXIMIZES;1;MathematicalOperators
MINIMIZES;0;MathematicalOperators
AMENDMENT;85;Other
CONSTRUED;116;Other
DESCRIBED;614;Other
EFFECTIVE;64;Other
ENACTMENT;279;Other
EXPRESSLY;8;Other
INSERTING;1069;Other
MANDATORY;34;RegulatoryOperators
AUTHORIZE;9;RegulatoryOperators
DETERMINE;161;RegulatoryOperators
ESTABLISH;238;RegulatoryOperators
EXCEPTION;66;RegulatoryOperators
JUSTIFIES;1;RegulatoryOperators
MITIGATES;0;RegulatoryOperators
PERMITTED;59;RegulatoryOperators
PRESCRIBE;189;RegulatoryOperators
PROHIBITS;4;RegulatoryOperators
REGULATED;65;RegulatoryOperators
REQUESTED;31;RegulatoryOperators
REQUIRING;53;RegulatoryOperators
RESTRICTS;2;RegulatoryOperators
SATISFIED;4;RegulatoryOperators
SATISFIES;2;RegulatoryOperators
SET FORTH;46;RegulatoryOperators
SPECIFIED;43;RegulatoryOperators
SUPERVISE;4;RegulatoryOperators
120 DAYS;5;Attributes
180 DAYS;35;Attributes
2 MONTHS;1;Attributes
24 HOURS;4;Attributes
6 MONTHS;21;Attributes
ADEQUATE;37;Attributes
DIRECTLY;121;Attributes
IMPROPER;3;Attributes
POSSIBLE;33;Attributes
PROMPTLY;15;Attributes
RELEVANT;61;Attributes
STRICTLY;1;Attributes
ACCOUNTS;51;EconomicOperands
ACCRUING;7;EconomicOperands
ACQUIRED;12;EconomicOperands
ACTIVITY;98;EconomicOperands
ADEQUACY;13;EconomicOperands
AFFECTED;17;EconomicOperands
AGENCIES;191;EconomicOperands
ALLOCATE;4;EconomicOperands
AMORTIZE;2;EconomicOperands
ANALYSIS;59;EconomicOperands
APPROVED;33;EconomicOperands
ASSESSED;10;EconomicOperands
ASSUMING;3;EconomicOperands
ATTORNEY;21;EconomicOperands
BARRIERS;3;EconomicOperands
BASELINE;8;EconomicOperands
BEHAVIOR;6;EconomicOperands
BELIEVED;3;EconomicOperands
BENEFITS;73;EconomicOperands
BORROWED;7;EconomicOperands
BUSINESS;161;EconomicOperands
CALENDAR;7;EconomicOperands
CAPACITY;55;EconomicOperands
CARRYING;39;EconomicOperands
CATEGORY;52;EconomicOperands
CLAIMANT;1;EconomicOperands
CLAIMING;2;EconomicOperands
CLEARING;215;EconomicOperands
COMMENCE;10;EconomicOperands
COMPANYS;3;EconomicOperands
COMPLETE;36;EconomicOperands
COMPUTER;6;EconomicOperands
CONCLUDE;0;EconomicOperands
CONGRESS;155;EconomicOperands
CONSENTS;3;EconomicOperands
CONSIDER;72;EconomicOperands
CONTINUE;33;EconomicOperands
CONTRACT;300;EconomicOperands
CONVEYED;4;EconomicOperands
COSTS OF;24;EconomicOperands
CREATING;7;EconomicOperands
CREATION;3;EconomicOperands
CREDITED;28;EconomicOperands
CREDITOR;111;EconomicOperands
CRIMINAL;16;EconomicOperands
CRITERIA;46;EconomicOperands
CUSTOMER;65;EconomicOperands
DEADLINE;20;EconomicOperands
DEALINGS;1;EconomicOperands
DECISION;52;EconomicOperands
DEFAULTS;10;EconomicOperands
DEFERRED;2;EconomicOperands
DEFINING;7;EconomicOperands
DELIVERY;70;EconomicOperands
DESIGNED;42;EconomicOperands
DIMINISH;3;EconomicOperands
DIRECTOR;495;EconomicOperands
DISCOUNT;23;EconomicOperands
DISPUTED;0;EconomicOperands
DISTRESS;13;EconomicOperands
DISTRICT;47;EconomicOperands
DOCUMENT;16;EconomicOperands
DURATION;7;EconomicOperands
DYNAMICS;0;EconomicOperands
EARNINGS;7;EconomicOperands
ECONOMIC;37;EconomicOperands
ELECTION;24;EconomicOperands
ELIGIBLE;27;EconomicOperands
EMPLOYED;29;EconomicOperands
EMPLOYEE;172;EconomicOperands
ENTERING;15;EconomicOperands
ENTITIES;165;EconomicOperands
ENTITLED;24;EconomicOperands
ESTIMATE;16;EconomicOperands
EVIDENCE;30;EconomicOperands
EXCHANGE;97;EconomicOperands
EXECUTED;20;EconomicOperands
EXERCISE;75;EconomicOperands
EXISTING;63;EconomicOperands
EXPECTED;19;EconomicOperands
EXPEDITE;1;EconomicOperands
EXPENDED;10;EconomicOperands
EXPENSES;44;EconomicOperands
EXPOSURE;13;EconomicOperands
EXTENDED;14;EconomicOperands
FINDINGS;46;EconomicOperands
FOLLOWED;1;EconomicOperands
FULFILLS;1;EconomicOperands
FUNCTION;23;EconomicOperands
GOVERNED;3;EconomicOperands
GRADUATE;2;EconomicOperands
GUARANTY;8;EconomicOperands
IDENTIFY;58;EconomicOperands
IDENTITY;20;EconomicOperands
IMPOSING;12;EconomicOperands
INCIDENT;1;EconomicOperands
INCLUDED;23;EconomicOperands
INCLUDES;69;EconomicOperands
INCURRED;14;EconomicOperands
INDIRECT;13;EconomicOperands
INITIATE;27;EconomicOperands
INSTANCE;0;EconomicOperands
INTENDED;17;EconomicOperands
INTEREST;207;EconomicOperands
INVOLVES;13;EconomicOperands
ISSUANCE;43;EconomicOperands
JUDGMENT;25;EconomicOperands
JUDICIAL;27;EconomicOperands
LEVERAGE;20;EconomicOperands
MAINTAIN;98;EconomicOperands
MAJORITY;20;EconomicOperands
MATERIAL;92;EconomicOperands
MATURITY;4;EconomicOperands
MEASURED;0;EconomicOperands
MEASURES;30;EconomicOperands
MERCHANT;24;EconomicOperands
MINORITY;25;EconomicOperands
MONETARY;21;EconomicOperands
MORTGAGE;183;EconomicOperands
MULTIPLE;16;EconomicOperands
NATIONAL;128;EconomicOperands
NOTIFIED;8;EconomicOperands
OBTAINED;43;EconomicOperands
OCCURRED;12;EconomicOperands
OFFERING;52;EconomicOperands
OFFERORS;0;EconomicOperands
OFFICERS;21;EconomicOperands
OFFICIAL;15;EconomicOperands
OMISSION;18;EconomicOperands
ORGANIZE;0;EconomicOperands
ORIGINAL;18;EconomicOperands
OUTWEIGH;1;EconomicOperands
PARTNERS;0;EconomicOperands
PAYMENTS;80;EconomicOperands
PENDENCY;4;EconomicOperands
PERSONAL;26;EconomicOperands
PETITION;60;EconomicOperands
PLANNING;16;EconomicOperands
POLICIES;77;EconomicOperands
PRACTICE;62;EconomicOperands
PREPARED;16;EconomicOperands
PRIORITY;7;EconomicOperands
PROBABLE;1;EconomicOperands
PROCEEDS;11;EconomicOperands
PROPERTY;183;EconomicOperands
PROPOSED;110;EconomicOperands
PROPOSES;1;EconomicOperands
PROSPECT;1;EconomicOperands
PROTECTS;1;EconomicOperands
PROVIDES;68;EconomicOperands
PUNITIVE;3;EconomicOperands
PURCHASE;88;EconomicOperands
PURPOSES;404;EconomicOperands
REALIZED;3;EconomicOperands
RECEIPTS;14;EconomicOperands
RECEIVED;95;EconomicOperands
RECEIVER;12;EconomicOperands
RECEIVES;47;EconomicOperands
RECORDED;2;EconomicOperands
RECOVERY;13;EconomicOperands
RELIANCE;11;EconomicOperands
REMEDIES;28;EconomicOperands
RENDERED;2;EconomicOperands
REQUESTS;29;EconomicOperands
RESERVES;3;EconomicOperands
RESOLVED;2;EconomicOperands
RESOLVES;0;EconomicOperands
RESPONSE;50;EconomicOperands
RESUBMIT;5;EconomicOperands
RESULTED;2;EconomicOperands
RETAINED;13;EconomicOperands
REVENUES;4;EconomicOperands
REVIEWED;6;EconomicOperands
RULES OF;68;EconomicOperands
SALARIES;4;EconomicOperands
SCHEDULE;16;EconomicOperands
SECURING;13;EconomicOperands
SECURITY;186;EconomicOperands
SEPARATE;32;EconomicOperands
SERVICES;231;EconomicOperands
SITUATED;1;EconomicOperands
SUBPOENA;26;EconomicOperands
SUSPENDS;0;EconomicOperands
SYSTEMIC;3;EconomicOperands
TAXATION;2;EconomicOperands
TAXPAYER;10;EconomicOperands
TRANSFER;123;EconomicOperands
TREASURY;22;EconomicOperands
VACATION;2;EconomicOperands
VALIDITY;11;EconomicOperands
VIOLATED;14;EconomicOperands
CONTENTS;21;FunctionWords
DOES NOT;172;FunctionWords
MODIFIED;13;FunctionWords
SPECIFIC;56;FunctionWords
3 REPORT;9;LegalReferences
CLAUSE I;122;LegalReferences
CLAUSE V;11;LegalReferences
THIS ACT;335;LegalReferences
TITLE 11;14;LegalReferences
TITLE 18;15;LegalReferences
TITLE II;10;LegalReferences
TITLE IV;1;LegalReferences
AT LEAST;42;LogicalConnectors
EQUAL TO;39;LogicalConnectors
GREATEST;4;LogicalConnectors
PREVIOUS;15;LogicalConnectors
PROVIDED;390;LogicalConnectors
SO AS TO;11;LogicalConnectors
DECREASE;3;MathematicalOperators
INCREASE;44;MathematicalOperators
MAXIMIZE;1;MathematicalOperators
MINIMIZE;23;MathematicalOperators
BASED ON;90;Other
CONTRARY;8;Other
MEANINGS;15;Other
STRIKING;1004;Other
APPROVAL;46;RegulatoryOperators
ASSIGNED;4;RegulatoryOperators
ENFORCES;0;RegulatoryOperators
ENSURING;11;RegulatoryOperators
EVALUATE;19;RegulatoryOperators
EXCEPTED;16;RegulatoryOperators
EXEMPTED;12;RegulatoryOperators
GRANTING;9;RegulatoryOperators
LIMITING;32;RegulatoryOperators
MITIGATE;36;RegulatoryOperators
PRESUMED;1;RegulatoryOperators
PROHIBIT;23;RegulatoryOperators
REQUIRED;511;RegulatoryOperators
REQUIRES;23;RegulatoryOperators
RESTRAIN;1;RegulatoryOperators
SUITABLE;2;RegulatoryOperators
10 DAYS;6;Attributes
1000000;9;Attributes
10-YEAR;2;Attributes
2 YEARS;26;Attributes
24-HOUR;0;Attributes
30 DAYS;47;Attributes
45 DAYS;4;Attributes
5 YEARS;31;Attributes
60 DAYS;35;Attributes
90 DAYS;41;Attributes
ALREADY;8;Attributes
EARLIER;8;Attributes
PERCENT;21;Attributes
PRUDENT;3;Attributes
QUARTER;7;Attributes
SERIOUS;8;Attributes
SHORTER;7;Attributes
ABILITY;81;EconomicOperands
ACCEPTS;6;EconomicOperands
ACCOUNT;185;EconomicOperands
ACCRUED;5;EconomicOperands
ACCRUES;2;EconomicOperands
ACHIEVE;15;EconomicOperands
ACQUIRE;14;EconomicOperands
ACTIONS;100;EconomicOperands
ADDRESS;40;EconomicOperands
ADVANCE;33;EconomicOperands
ADVERSE;10;EconomicOperands
AFFAIRS;20;EconomicOperands
AFFECTS;11;EconomicOperands
ALLEGES;1;EconomicOperands
AMOUNTS;109;EconomicOperands
APPLIED;38;EconomicOperands
APPOINT;15;EconomicOperands
ARISING;52;EconomicOperands
ARRANGE;1;EconomicOperands
AVOIDED;1;EconomicOperands
BACK-UP;4;EconomicOperands
BALANCE;25;EconomicOperands
BANKERS;1;EconomicOperands
BANKING;43;EconomicOperands
BECOMES;9;EconomicOperands
BENEFIT;43;EconomicOperands
BONUSES;1;EconomicOperands
BROKERS;91;EconomicOperands
BROUGHT;47;EconomicOperands
CAPITAL;96;EconomicOperands
CENTRAL;2;EconomicOperands
CLAUSES;4;EconomicOperands
CLEARED;62;EconomicOperands
COLLECT;21;EconomicOperands
COMPANY;279;EconomicOperands
COMPARE;4;EconomicOperands
CONDUCT;190;EconomicOperands
CONSENT;34;EconomicOperands
CONSULT;67;EconomicOperands
CONTACT;8;EconomicOperands
CONTAIN;36;EconomicOperands
CONTROL;83;EconomicOperands
CONVERT;5;EconomicOperands
COUNCIL;357;EconomicOperands
COUNTRY;36;EconomicOperands
COVERED;22;EconomicOperands
CREATED;9;EconomicOperands
CREDITS;10;EconomicOperands
CUSTODY;27;EconomicOperands
DAMAGES;19;EconomicOperands
DEALERS;100;EconomicOperands
DEALING;8;EconomicOperands
DECIDED;1;EconomicOperands
DEFAULT;39;EconomicOperands
DEFENSE;5;EconomicOperands
DEFINED;320;EconomicOperands
DEFRAUD;5;EconomicOperands
DEGREES;0;EconomicOperands
DELIVER;4;EconomicOperands
DEPLETE;0;EconomicOperands
DEPOSIT;21;EconomicOperands
DERIVED;14;EconomicOperands
DISPUTE;19;EconomicOperands
EFFECTS;24;EconomicOperands
EFFORTS;31;EconomicOperands
ELECTED;9;EconomicOperands
ENABLES;2;EconomicOperands
ENGAGED;86;EconomicOperands
ENHANCE;17;EconomicOperands
ENSURES;2;EconomicOperands
ENTERED;57;EconomicOperands
EXAMINE;28;EconomicOperands
EXPENSE;4;EconomicOperands
EXPERTS;8;EconomicOperands
EXPIRED;6;EconomicOperands
FACTORS;55;EconomicOperands
FAILURE;48;EconomicOperands
FEDERAL;504;EconomicOperands
FINDING;25;EconomicOperands
FOREIGN;172;EconomicOperands
FORWARD;6;EconomicOperands
FULFILL;8;EconomicOperands
FUNDING;42;EconomicOperands
FURNISH;16;EconomicOperands
HEARING;85;EconomicOperands
HOLDERS;7;EconomicOperands
HOLDING;10;EconomicOperands
HOUSING;111;EconomicOperands
IMPACTS;2;EconomicOperands
IMPOSED;69;EconomicOperands
IMPROVE;27;EconomicOperands
INCLUDE;244;EconomicOperands
INDEXED;3;EconomicOperands
INDICES;5;EconomicOperands
INITIAL;43;EconomicOperands
INSIDER;2;EconomicOperands
INSURED;76;EconomicOperands
INTERIM;22;EconomicOperands
ISSUING;24;EconomicOperands
JUSTICE;2;EconomicOperands
LEGALLY;2;EconomicOperands
LENDING;58;EconomicOperands
LOCATED;46;EconomicOperands
MAILING;4;EconomicOperands
MANAGED;12;EconomicOperands
MARKETS;72;EconomicOperands
MATURED;0;EconomicOperands
MEASURE;15;EconomicOperands
MEMBERS;108;EconomicOperands
MERGERS;1;EconomicOperands
MONITOR;35;EconomicOperands
NETTING;2;EconomicOperands
NONBANK;63;EconomicOperands
OFFENSE;4;EconomicOperands
OFFERED;32;EconomicOperands
OFFICER;118;EconomicOperands
OFFSETS;0;EconomicOperands
ONGOING;14;EconomicOperands
OPERATE;15;EconomicOperands
OPINION;4;EconomicOperands
OPTIONS;34;EconomicOperands
ORDERED;11;EconomicOperands
ORDERLY;28;EconomicOperands
OVERSEE;4;EconomicOperands
PARTIAL;7;EconomicOperands
PARTIES;18;EconomicOperands
PARTNER;9;EconomicOperands
PATTERN;5;EconomicOperands
PAYABLE;19;EconomicOperands
PAYMENT;164;EconomicOperands
PENALTY;82;EconomicOperands
PERFORM;54;EconomicOperands
PERIODS;22;EconomicOperands
PERSONS;190;EconomicOperands
PLACING;7;EconomicOperands
PORTION;22;EconomicOperands
PREPAID;7;EconomicOperands
PRIMARY;35;EconomicOperands
PRIVATE;47;EconomicOperands
PROCESS;79;EconomicOperands
PRODUCT;66;EconomicOperands
PROFITS;0;EconomicOperands
PROMOTE;41;EconomicOperands
PROTECT;43;EconomicOperands
PROVIDE;314;EconomicOperands
PUBLISH;29;EconomicOperands
PURPOSE;74;EconomicOperands
REACHED;0;EconomicOperands
REASONS;12;EconomicOperands
RECEIPT;71;EconomicOperands
RECEIVE;51;EconomicOperands
RECORDS;121;EconomicOperands
RECOVER;8;EconomicOperands
REDUCED;12;EconomicOperands
REFLECT;24;EconomicOperands
REMAINS;6;EconomicOperands
REMOVAL;4;EconomicOperands
REMOVED;1;EconomicOperands
REPORTS;227;EconomicOperands
REQUEST;167;EconomicOperands
RESOLVE;22;EconomicOperands
RESULTS;55;EconomicOperands
REVERSE;1;EconomicOperands
REVIEWS;18;EconomicOperands
SATISFY;13;EconomicOperands
SECURED;43;EconomicOperands
SEEKING;23;EconomicOperands
SELLING;11;EconomicOperands
SERVICE;104;EconomicOperands
SERVING;31;EconomicOperands
SETTING;21;EconomicOperands
SETTLES;8;EconomicOperands
SHARING;18;EconomicOperands
SHOWING;5;EconomicOperands
SOLVENT;4;EconomicOperands
SOURCES;19;EconomicOperands
SPEAKER;2;EconomicOperands
SPECIAL;46;EconomicOperands
STUDIED;0;EconomicOperands
STUDIES;11;EconomicOperands
SUBJECT;38;EconomicOperands
SUBMITS;10;EconomicOperands
SUCCEED;4;EconomicOperands
SUMMARY;8;EconomicOperands
SUPPORT;59;EconomicOperands
SURPLUS;5;EconomicOperands
SUSPEND;15;EconomicOperands
SYSTEMS;63;EconomicOperands
TREATED;35;EconomicOperands
TRUSTEE;5;EconomicOperands
UNSOUND;6;EconomicOperands
UTILIZE;6;EconomicOperands
WEATHER;1;EconomicOperands
WEBSITE;16;EconomicOperands
WILLFUL;1;EconomicOperands
WIND UP;2;EconomicOperands
WRITING;68;EconomicOperands
WRITTEN;105;EconomicOperands
AGAINST;118;FunctionWords
ANOTHER;60;FunctionWords
APPLIES;22;FunctionWords
BETWEEN;107;FunctionWords
CERTAIN;90;FunctionWords
CURRENT;38;FunctionWords
FAILING;2;FunctionWords
GENERAL;115;FunctionWords
MATTERS;34;FunctionWords
OUTSIDE;21;FunctionWords
PENDING;16;FunctionWords
PRESENT;24;FunctionWords
RELATED;118;FunctionWords
SAVINGS;38;FunctionWords
THEREOF;97;FunctionWords
THEREON;1;FunctionWords
THERETO;40;FunctionWords
THROUGH;238;FunctionWords
VARIOUS;7;FunctionWords
WITHOUT;81;FunctionWords
SECTION;40;LegalReferences
TITLE 1;0;LegalReferences
TITLE 5;90;LegalReferences
JOINTLY;95;LogicalConnectors
NEITHER;7;LogicalConnectors
NOTHING;95;LogicalConnectors
EXCEEDS;14;LogicalConnectors
FURTHER;36;LogicalConnectors
GRANTED;33;LogicalConnectors
GREATER;16;LogicalConnectors
IN THAT;11;LogicalConnectors
LARGEST;4;LogicalConnectors
ONLY IF;22;LogicalConnectors
OVERALL;12;LogicalConnectors
SIMILAR;91;LogicalConnectors
SO THAT;12;LogicalConnectors
SUCH AS;25;LogicalConnectors
THAT IS;494;LogicalConnectors
WHETHER;253;LogicalConnectors
AVERAGE;8;MathematicalOperators
MAXIMUM;35;MathematicalOperators
MINIMUM;84;MathematicalOperators
ADOPTED;38;Other
APPEARS;138;Other
CHAPTER;18;Other
CONTENT;21;Other
CONTEXT;7;Other
HEADING;20;Other
MEANING;64;Other
RESPECT;4;Other
STATUTE;25;Other
THEREIN;22;Other
LIMITED;26;RegulatoryOperators
ALLOWED;16;RegulatoryOperators
AMENDED;645;RegulatoryOperators
APPROVE;16;RegulatoryOperators
DECLARE;4;RegulatoryOperators
ENFORCE;121;RegulatoryOperators
PERMITS;4;RegulatoryOperators
PREVENT;65;RegulatoryOperators
REQUIRE;219;RegulatoryOperators
1-YEAR;22;Attributes
250000;8;Attributes
2-YEAR;15;Attributes
30-DAY;11;Attributes
3-YEAR;6;Attributes
60-DAY;9;Attributes
90-DAY;13;Attributes
LIKELY;18;Attributes
PROMPT;10;Attributes
TIMELY;53;Attributes
ACCEPT;29;EconomicOperands
ACCESS;100;EconomicOperands
ACCRUE;2;EconomicOperands
ACTING;52;EconomicOperands
ACTION;320;EconomicOperands
ACTUAL;18;EconomicOperands
AFFECT;69;EconomicOperands
AFFIRM;3;EconomicOperands
AFFORD;5;EconomicOperands
AGENCY;428;EconomicOperands
AGENTS;16;EconomicOperands
AGREED;9;EconomicOperands
AGREES;8;EconomicOperands
AMOUNT;298;EconomicOperands
ANNUAL;124;EconomicOperands
APPEAL;30;EconomicOperands
APPEAR;15;EconomicOperands
ARISEN;1;EconomicOperands
ARISES;10;EconomicOperands
ASSERT;4;EconomicOperands
ASSETS;141;EconomicOperands
ASSIGN;2;EconomicOperands
ASSIST;19;EconomicOperands
ASSUME;1;EconomicOperands
ASSURE;7;EconomicOperands
AUDITS;10;EconomicOperands
BACKUP;17;EconomicOperands
BECAME;5;EconomicOperands
BECOME;43;EconomicOperands
BEGINS;7;EconomicOperands
BRANCH;30;EconomicOperands
BREACH;1;EconomicOperands
BRIDGE;3;EconomicOperands
BROKER;123;EconomicOperands
BURDEN;9;EconomicOperands
CANCEL;1;EconomicOperands
CAUSED;5;EconomicOperands
CHARGE;35;EconomicOperands
CHOICE;3;EconomicOperands
CLAIMS;15;EconomicOperands
CLOSED;2;EconomicOperands
COLLAR;2;EconomicOperands
COMMIT;3;EconomicOperands
COPIES;15;EconomicOperands
COUNTY;3;EconomicOperands
COURSE;13;EconomicOperands
COURTS;16;EconomicOperands
CREATE;16;EconomicOperands
CREDIT;229;EconomicOperands
DEALER;147;EconomicOperands
DEBTOR;10;EconomicOperands
DEFINE;29;EconomicOperands
DEGREE;14;EconomicOperands
DEMAND;45;EconomicOperands
DENIES;2;EconomicOperands
DIFFER;1;EconomicOperands
DIRECT;48;EconomicOperands
DOLLAR;27;EconomicOperands
DUTIES;110;EconomicOperands
EARNED;2;EconomicOperands
EFFECT;140;EconomicOperands
ENABLE;15;EconomicOperands
ENGAGE;42;EconomicOperands
ENTITY;199;EconomicOperands
EQUITY;54;EconomicOperands
ESTATE;47;EconomicOperands
ETHNIC;2;EconomicOperands
EVENTS;1;EconomicOperands
EXISTS;10;EconomicOperands
EXTEND;33;EconomicOperands
EXTENT;97;EconomicOperands
FAILED;10;EconomicOperands
FOLLOW;12;EconomicOperands
FORMER;6;EconomicOperands
FUTURE;62;EconomicOperands
GOVERN;2;EconomicOperands
HINDER;1;EconomicOperands
HOLDER;17;EconomicOperands
IMPACT;60;EconomicOperands
IMPAIR;2;EconomicOperands
IMPEDE;2;EconomicOperands
INCOME;49;EconomicOperands
INDUCE;5;EconomicOperands
INFORM;10;EconomicOperands
INJURY;3;EconomicOperands
INTENT;14;EconomicOperands
INVEST;6;EconomicOperands
ISSUED;166;EconomicOperands
ISSUES;53;EconomicOperands
JUDGES;0;EconomicOperands
JUNIOR;1;EconomicOperands
LEASES;5;EconomicOperands
LESSEE;4;EconomicOperands
LESSOR;1;EconomicOperands
LIABLE;13;EconomicOperands
LINKED;4;EconomicOperands
LOSSES;32;EconomicOperands
MANAGE;8;EconomicOperands
MARGIN;69;EconomicOperands
MARKET;217;EconomicOperands
MASTER;10;EconomicOperands
MEMBER;158;EconomicOperands
MERGED;1;EconomicOperands
MERGER;9;EconomicOperands
METALS;0;EconomicOperands
METHOD;12;EconomicOperands
MODIFY;22;EconomicOperands
MONTHS;11;EconomicOperands
MOTION;17;EconomicOperands
MUTUAL;7;EconomicOperands
NATURE;73;EconomicOperands
NORMAL;1;EconomicOperands
NOTICE;238;EconomicOperands
NOTIFY;36;EconomicOperands
NUMBER;89;EconomicOperands
OBTAIN;44;EconomicOperands
OFFERS;20;EconomicOperands
OFFICE;309;EconomicOperands
OFFSET;16;EconomicOperands
ONLINE;3;EconomicOperands
OPPOSE;1;EconomicOperands
OPTION;63;EconomicOperands
ORDERS;101;EconomicOperands
OTHERS;11;EconomicOperands
PAYING;9;EconomicOperands
PERIOD;271;EconomicOperands
PERSON;869;EconomicOperands
POSING;1;EconomicOperands
POWERS;46;EconomicOperands
PROVED;1;EconomicOperands
PROVEN;2;EconomicOperands
PUBLIC;304;EconomicOperands
PURSUE;4;EconomicOperands
REASON;13;EconomicOperands
RECENT;6;EconomicOperands
RECORD;39;EconomicOperands
REFILE;0;EconomicOperands
REGARD;26;EconomicOperands
RELATE;18;EconomicOperands
RELIEF;36;EconomicOperands
REMAIN;36;EconomicOperands
REMEDY;6;EconomicOperands
REPORT;528;EconomicOperands
RESULT;49;EconomicOperands
RETAIN;22;EconomicOperands
RETURN;14;EconomicOperands
REVIEW;192;EconomicOperands
REVISE;12;EconomicOperands
RIGHTS;55;EconomicOperands
SAFETY;57;EconomicOperands
SECTOR;13;EconomicOperands
SECURE;39;EconomicOperands
SENATE;136;EconomicOperands
SENIOR;26;EconomicOperands
SERVES;7;EconomicOperands
SETOFF;1;EconomicOperands
SEVERE;1;EconomicOperands
SINGLE;25;EconomicOperands
SMOOTH;0;EconomicOperands
SOURCE;30;EconomicOperands
SPREAD;2;EconomicOperands
STATED;4;EconomicOperands
STATES;33;EconomicOperands
STATUS;53;EconomicOperands
STAYED;3;EconomicOperands
SUBMIT;172;EconomicOperands
SUDDEN;1;EconomicOperands
SUFFER;1;EconomicOperands
TAKING;42;EconomicOperands
TIMING;14;EconomicOperands
TRADED;40;EconomicOperands
UNABLE;6;EconomicOperands
UNPAID;0;EconomicOperands
UNSAFE;3;EconomicOperands
VESTED;15;EconomicOperands
VIABLE;0;EconomicOperands
WAIVED;10;EconomicOperands
WHOLLY;2;EconomicOperands
BEYOND;1;FunctionWords
DURING;140;FunctionWords
HAVING;49;FunctionWords
ITSELF;14;FunctionWords
MAKING;98;FunctionWords
CLAUSE;21;LegalReferences
BEFORE;305;LogicalConnectors
DUE TO;9;LogicalConnectors
EITHER;46;LogicalConnectors
ENTIRE;7;LogicalConnectors
EXCEPT;140;LogicalConnectors
HIGHER;16;LogicalConnectors
I MEAN;1;LogicalConnectors
IF NOT;5;LogicalConnectors
LONGER;8;LogicalConnectors
SECOND;35;LogicalConnectors
SOLELY;59;LogicalConnectors
UNLESS;166;LogicalConnectors
WITHIN;189;LogicalConnectors
EXCEED;67;MathematicalOperators
FILING;47;Other
MANNER;163;Other
SOUGHT;3;Other
TITLES;2;Other
LIMITS;78;RegulatoryOperators
SHOULD;58;RegulatoryOperators
ALLOWS;6;RegulatoryOperators
CANNOT;10;RegulatoryOperators
COMPLY;67;RegulatoryOperators
DEEMED;83;RegulatoryOperators
ENSURE;122;RegulatoryOperators
EXEMPT;75;RegulatoryOperators
IMPOSE;56;RegulatoryOperators
PERMIT;44;RegulatoryOperators
FIFTH;0;Attributes
FIRST;88;Attributes
THIRD;39;Attributes
ABIDE;4;EconomicOperands
AGENT;62;EconomicOperands
AGREE;12;EconomicOperands
AMEND;11;EconomicOperands
ARISE;14;EconomicOperands
ASSET;46;EconomicOperands
AUDIT;56;EconomicOperands
AVOID;10;EconomicOperands
AWARE;4;EconomicOperands
BANKS;55;EconomicOperands
BASES;1;EconomicOperands
BOARD;498;EconomicOperands
BOOKS;25;EconomicOperands
BRING;20;EconomicOperands
CALLS;2;EconomicOperands
CAUSE;50;EconomicOperands
CEASE;4;EconomicOperands
CHART;2;EconomicOperands
CIVIL;86;EconomicOperands
CLAIM;24;EconomicOperands
CLEAR;30;EconomicOperands
CLOSE;2;EconomicOperands
COSTS;62;EconomicOperands
COURT;142;EconomicOperands
COVER;14;EconomicOperands
DEBTS;0;EconomicOperands
DELAY;8;EconomicOperands
ELECT;19;EconomicOperands
ENTER;42;EconomicOperands
ENTRY;6;EconomicOperands
EQUAL;14;EconomicOperands
EVENT;35;EconomicOperands
EXIST;7;EconomicOperands
FAILS;13;EconomicOperands
FILED;37;EconomicOperands
FILES;13;EconomicOperands
FINAL;125;EconomicOperands
FINED;2;EconomicOperands
FINES;9;EconomicOperands
FIXED;10;EconomicOperands
FLOOR;6;EconomicOperands
FRAUD;44;EconomicOperands
FULLY;24;EconomicOperands
FUNDS;162;EconomicOperands
GAINS;2;EconomicOperands
GRANT;44;EconomicOperands
GROSS;2;EconomicOperands
GROUP;84;EconomicOperands
HEDGE;11;EconomicOperands
HOURS;1;EconomicOperands
INCUR;2;EconomicOperands
INDEX;37;EconomicOperands
ISSUE;143;EconomicOperands
JOINT;28;EconomicOperands
LARGE;29;EconomicOperands
LEASE;16;EconomicOperands
LEAVE;4;EconomicOperands
LEGAL;74;EconomicOperands
LOANS;102;EconomicOperands
LOCAL;33;EconomicOperands
MEANS;385;EconomicOperands
MEDIA;7;EconomicOperands
MEETS;44;EconomicOperands
MERGE;3;EconomicOperands
MONEY;59;EconomicOperands
MONTH;7;EconomicOperands
NEEDS;21;EconomicOperands
OCCUR;4;EconomicOperands
OFFER;34;EconomicOperands
ORDER;233;EconomicOperands
OWNED;33;EconomicOperands
PANEL;11;EconomicOperands
PAPER;4;EconomicOperands
PARTY;80;EconomicOperands
PLACE;195;EconomicOperands
PLANS;39;EconomicOperands
POSED;8;EconomicOperands
POWER;19;EconomicOperands
PRIOR;78;EconomicOperands
PROOF;3;EconomicOperands
RATES;33;EconomicOperands
REFER;5;EconomicOperands
RENEW;2;EconomicOperands
REPAY;19;EconomicOperands
RIGHT;51;EconomicOperands
RISKS;109;EconomicOperands
RULES;497;EconomicOperands
SALES;27;EconomicOperands
SCOPE;48;EconomicOperands
SEEKS;4;EconomicOperands
SERVE;65;EconomicOperands
SMALL;22;EconomicOperands
STAND;0;EconomicOperands
STATE;552;EconomicOperands
STEPS;27;EconomicOperands
STOCK;27;EconomicOperands
STUDY;231;EconomicOperands
TENDS;0;EconomicOperands
TIMES;30;EconomicOperands
TRADE;165;EconomicOperands
TREAT;5;EconomicOperands
TRUST;51;EconomicOperands
TYPES;44;EconomicOperands
USING;29;EconomicOperands
VALID;7;EconomicOperands
VALUE;87;EconomicOperands
YIELD;4;EconomicOperands
ABOUT;72;FunctionWords
ABOVE;6;FunctionWords
ALONG;4;FunctionWords
AMONG;54;FunctionWords
BEING;43;FunctionWords
CASES;7;FunctionWords
COULD;44;FunctionWords
EVERY;26;FunctionWords
FORTH;5;FunctionWords
GIVEN;23;FunctionWords
LATER;19;FunctionWords
MIGHT;10;FunctionWords
TAKES;23;FunctionWords
THEIR;102;FunctionWords
THERE;86;FunctionWords
THOSE;79;FunctionWords
UNDER;2422;FunctionWords
WHICH;833;FunctionWords
WHOLE;19;FunctionWords
WHOSE;30;FunctionWords
WOULD;165;FunctionWords
TITLE;16;LegalReferences
OTHER;1368;LogicalConnectors
UNTIL;46;LogicalConnectors
WHERE;61;LogicalConnectors
AFTER;823;LogicalConnectors
IMPLY;2;LogicalConnectors
LEAST;0;LogicalConnectors
RATIO;9;LogicalConnectors
SINCE;2;LogicalConnectors
STILL;1;LogicalConnectors
WHILE;26;LogicalConnectors
TOTAL;97;MathematicalOperators
APPLY;205;Other
BASED;18;Other
BASIS;114;Other
FOUND;23;Other
KNOWN;31;Other
TAKEN;64;Other
TERMS;215;Other
LIMIT;86;RegulatoryOperators
ALLOW;20;RegulatoryOperators
DEEMS;37;RegulatoryOperators
SHALL;3207;RegulatoryOperators
DAYS;9;Attributes
ABLE;6;EconomicOperands
BANK;175;EconomicOperands
BEAR;4;EconomicOperands
BEST;13;EconomicOperands
BODY;15;EconomicOperands
BOND;4;EconomicOperands
BOOK;3;EconomicOperands
CASE;9;EconomicOperands
CASH;26;EconomicOperands
CODE;22;EconomicOperands
COPY;44;EconomicOperands
COST;48;EconomicOperands
DATE;562;EconomicOperands
DEAL;2;EconomicOperands
DEBT;62;EconomicOperands
DUTY;49;EconomicOperands
FACE;3;EconomicOperands
FACT;10;EconomicOperands
FAIL;7;EconomicOperands
FAIR;39;EconomicOperands
FALL;4;EconomicOperands
FDIC;3;EconomicOperands
FEES;108;EconomicOperands
FILE;43;EconomicOperands
FIRM;55;EconomicOperands
FORM;125;EconomicOperands
FREE;9;EconomicOperands
FULL;28;EconomicOperands
FUND;239;EconomicOperands
GAIN;9;EconomicOperands
GOOD;13;EconomicOperands
HARM;12;EconomicOperands
HEAR;1;EconomicOperands
HELD;75;EconomicOperands
HOLD;14;EconomicOperands
KNEW;5;EconomicOperands
LAST;10;EconomicOperands
LATE;10;EconomicOperands
LAWS;74;EconomicOperands
LIEN;14;EconomicOperands
LOAN;278;EconomicOperands
LOSE;4;EconomicOperands
LOSS;47;EconomicOperands
LOST;3;EconomicOperands
MAIL;5;EconomicOperands
MEET;64;EconomicOperands
NAME;19;EconomicOperands
NEED;20;EconomicOperands
OWED;4;EconomicOperands
PAID;53;EconomicOperands
PLAN;140;EconomicOperands
POSE;29;EconomicOperands
POST;6;EconomicOperands
RACE;3;EconomicOperands
RATE;92;EconomicOperands
REAL;61;EconomicOperands
RING;4;EconomicOperands
RISK;119;EconomicOperands
RULE;420;EconomicOperands
SALE;148;EconomicOperands
SEAL;1;EconomicOperands
SEEK;21;EconomicOperands
SELL;17;EconomicOperands
SHOW;3;EconomicOperands
SIGN;12;EconomicOperands
SIPC;23;EconomicOperands
SIZE;48;EconomicOperands
SPOT;8;EconomicOperands
STAY;33;EconomicOperands
SUIT;6;EconomicOperands
SWAP;282;EconomicOperands
TIME;201;EconomicOperands
TOOL;0;EconomicOperands
TYPE;70;EconomicOperands
UPON;192;EconomicOperands
USED;142;EconomicOperands
VOID;4;EconomicOperands
VOTE;52;EconomicOperands
WAYS;7;EconomicOperands
YEAR;206;EconomicOperands
BEEN;145;FunctionWords
FROM;653;FunctionWords
GIVE;19;FunctionWords
HAVE;382;FunctionWords
INTO;227;FunctionWords
MADE;355;FunctionWords
MAKE;189;FunctionWords
MOST;11;FunctionWords
ONCE;15;FunctionWords
PART;65;FunctionWords
PAST;6;FunctionWords
PLUS;4;FunctionWords
SAME;191;FunctionWords
SUCH;2454;FunctionWords
TAKE;105;FunctionWords
THAN;225;FunctionWords
THAT;2508;FunctionWords
THEY;18;FunctionWords
THIS;111;FunctionWords
WERE;76;FunctionWords
WHOM;44;FunctionWords
WILL;120;FunctionWords
WITH;1183;FunctionWords
1006;0;LegalReferences
1014;1;LegalReferences
1032;1;LegalReferences
1991;0;LegalReferences
210H;0;LegalReferences
ACTS;53;LegalReferences
VIII;23;LegalReferences
BOTH;49;LogicalConnectors
EACH;670;LogicalConnectors
NONE;6;LogicalConnectors
WHEN;75;LogicalConnectors
ALSO;46;LogicalConnectors
MORE;139;LogicalConnectors
NEXT;4;LogicalConnectors
ONLY;96;LogicalConnectors
SOLE;36;LogicalConnectors
THEN;36;LogicalConnectors
LESS;18;MathematicalOperators
OVER;63;MathematicalOperators
ENDS;4;Other
MEAN;8;Other
SETS;9;Other
TERM;713;Other
100;15;Attributes
2/3;18;Attributes
210;1;Attributes
500;1;Attributes
DUE;19;Attributes
ABL;0;EconomicOperands
ABS;0;EconomicOperands
ACH;1;EconomicOperands
AGE;9;EconomicOperands
AID;7;EconomicOperands
BAN;2;EconomicOperands
CAP;3;EconomicOperands
CRO;0;EconomicOperands
DAY;71;EconomicOperands
GAO;11;EconomicOperands
IFI;23;EconomicOperands
IRC;0;EconomicOperands
LAW;369;EconomicOperands
LED;8;EconomicOperands
LOW;8;EconomicOperands
MAP;9;EconomicOperands
NET;29;EconomicOperands
NEW;161;EconomicOperands
OMO;0;EconomicOperands
OUT;57;EconomicOperands
PAY;95;EconomicOperands
PIT;4;EconomicOperands
RUN;1;EconomicOperands
SEC;481;EconomicOperands
SEX;3;EconomicOperands
TAX;26;EconomicOperands
USE;220;EconomicOperands
VAR;0;EconomicOperands
ARE;701;FunctionWords
BAR;14;FunctionWords
DID;5;FunctionWords
FOR;2759;FunctionWords
HAD;22;FunctionWords
HAS;417;FunctionWords
HIS;15;FunctionWords
HOW;36;FunctionWords
ITS;268;FunctionWords
MAY;1306;FunctionWords
MET;5;FunctionWords
ONE;46;FunctionWords
OWN;38;FunctionWords
PER;16;FunctionWords
SHE;2;FunctionWords
THE;22942;FunctionWords
WAS;128;FunctionWords
WHO;278;FunctionWords
13C;0;LegalReferences
201;1;LegalReferences
202;0;LegalReferences
203;0;LegalReferences
204;1;LegalReferences
205;0;LegalReferences
206;3;LegalReferences
208;0;LegalReferences
209;0;LegalReferences
211;0;LegalReferences
212;1;LegalReferences
214;1;LegalReferences
215;0;LegalReferences
217;0;LegalReferences
341;1;LegalReferences
343;1;LegalReferences
404;1;LegalReferences
5C5;0;LegalReferences
657;0;LegalReferences
761;1;LegalReferences
ACT;165;LegalReferences
APP;1;LegalReferences
III;406;LegalReferences
VII;39;LegalReferences
ALL;385;LogicalConnectors
ANY;3356;LogicalConnectors
AND;8650;LogicalConnectors
BUT;100;LogicalConnectors
NON;42;LogicalConnectors
NOR;15;LogicalConnectors
NOT;994;LogicalConnectors
WHY;11;LogicalConnectors
END;444;Other
PUT;17;Other
SET;67;Other
10;46;Attributes
12;67;Attributes
15;69;Attributes
20;21;Attributes
25;18;Attributes
EC;125;EconomicOperands
IT;159;EconomicOperands
PE;0;EconomicOperands
TR;4;EconomicOperands
US;119;EconomicOperands
VI;58;EconomicOperands
AN;1548;FunctionWords
AT;672;FunctionWords
BE;1915;FunctionWords
BY;4690;FunctionWords
DO;38;FunctionWords
GO;1;FunctionWords
HE;3;FunctionWords
IN;5410;FunctionWords
IS;1783;FunctionWords
OF;13023;FunctionWords
ON;1484;FunctionWords
TO;6027;FunctionWords
UP;19;FunctionWords
11;61;LegalReferences
13;21;LegalReferences
14;62;LegalReferences
16;22;LegalReferences
17;23;LegalReferences
18;17;LegalReferences
1A;30;LegalReferences
24;6;LegalReferences
2C;4;LegalReferences
44;6;LegalReferences
48;10;LegalReferences
49;4;LegalReferences
A1;18;LegalReferences
AA;67;LegalReferences
B2;7;LegalReferences
B4;1;LegalReferences
BB;49;LegalReferences
CC;36;LegalReferences
D4;0;LegalReferences
E2;2;LegalReferences
H5;0;LegalReferences
II;931;LegalReferences
IV;198;LegalReferences
IX;14;LegalReferences
XI;6;LegalReferences
NO;256;LogicalConnectors
AS;2242;LogicalConnectors
IF;501;LogicalConnectors
OR;7920;LogicalConnectors
SO;76;LogicalConnectors
1;1250;Attributes
2;1064;Attributes
3;639;Attributes
4;404;Attributes
5;296;Attributes
6;217;Attributes
7;267;Attributes
8;156;Attributes
9;204;Attributes
A;7421;FunctionWords
I;1045;FunctionWords
B;1602;LegalReferences
C;1014;LegalReferences
D;587;LegalReferences
E;446;LegalReferences
F;238;LegalReferences
H;160;LegalReferences
J;56;LegalReferences
K;42;LegalReferences
L;47;LegalReferences
M;40;LegalReferences
N;48;LegalReferences
O;28;LegalReferences
P;38;LegalReferences
Q;23;LegalReferences
R;56;LegalReferences
T;50;LegalReferences
U;35;LegalReferences
V;127;LegalReferences
X;44;LegalReferences
Y;17;LegalReferences
Z;8;LegalReferences
