THE DEPOSITORY INSTITUTIONS MANAGEMENT INTERLOCKS ACT 12 USC 3201 ET SEQ;0;LegalReferences
FINANCIAL INSTITUTIONS REFORM RECOVERY AND ENFORCEMENT ACT OF 1989;10;LegalReferences
NONBANK FINANCIAL COMPANY SUPERVISED BY THE BOARD OF GOVERNORS;6;EconomicOperands
SECTION 5136A OF THE REVISED STATUTES OF THE UNITED STATES;0;LegalReferences
THE BANK HOLDING COMPANY ACT OF 1956 12 USC 1841 ET SEQ;9;LegalReferences
GENERALLY APPLICABLE RISK-BASED CAPITAL REQUIREMENTS;0;EconomicOperands
THE BANK HOLDING COMPANY ACT OF 1956 12 USC 1843K6B;1;LegalReferences
THE INTERNATIONAL BANKING ACT OF 1978 12 USC 3105D3;0;LegalReferences
THE INTERNATIONAL BANKING ACT OF 1978 12 USC 3105E1;0;LegalReferences
GENERALLY APPLICABLE LEVERAGE CAPITAL REQUIREMENTS;0;EconomicOperands
THE BANK HOLDING COMPANY ACT OF 1956 12 USC 1843J1;0;LegalReferences
THE BANK HOLDING COMPANY ACT OF 1956 12 USC 1843J2;0;LegalReferences
THE INTERNATIONAL BANKING ACT OF 1978 12 USC 3106A;2;LegalReferences
NONBANK FINANCIAL COMPANY SUPERVISED BY THE BOARD;17;EconomicOperands
THE BANK HOLDING COMPANY ACT OF 1956 12 USC 1841;4;LegalReferences
THE BANK HOLDING COMPANY ACT OF 1956 12 USC 1842;0;LegalReferences
THE BANK HOLDING COMPANY ACT OF 1956 12 USC 1843;2;LegalReferences
THE EMERGENCY ECONOMIC STABILIZATION ACT OF 2008;0;LegalReferences
THE FEDERAL DEPOSIT INSURANCE ACT 12 USC 1818B3;0;LegalReferences
THE FEDERAL DEPOSIT INSURANCE ACT 12 USC 1820B3;0;LegalReferences
COMMITTEE ON BANKING HOUSING AND URBAN AFFAIRS;90;EconomicOperands
THE FARM CREDIT ACT OF 1971 12 USC 2001 ET SEQ;3;LegalReferences
THE SECURITIES EXCHANGE ACT OF 1934 15 USC 78O;26;LegalReferences
THE FEDERAL DEPOSIT INSURANCE ACT 12 USC 1818;9;LegalReferences
COMMITTEE ON FINANCIAL SERVICES OF THE HOUSE;78;EconomicOperands
THE FEDERAL ADVISORY COMMITTEE ACT 5 USC APP;2;LegalReferences
NATIONAL CREDIT UNION ADMINISTRATION BOARD;20;EconomicOperands
COMPTROLLER GENERAL OF THE UNITED STATES;55;EconomicOperands
CHAPTER 71 OF TITLE 5 UNITED STATES CODE;5;LegalReferences
BUREAU OF CONSUMER FINANCIAL PROTECTION;91;EconomicOperands
DEMONSTRATED GOOD FAITH EFFORT RESOLVE;0;EconomicOperands
DEPOSITORY INSTITUTION HOLDING COMPANY;18;EconomicOperands
SECURITY-BASED SWAP EXECUTION FACILITY;48;EconomicOperands
SMALLER INSURED DEPOSITORY INSTITUTION;0;EconomicOperands
FINANCIAL STABILITY OVERSIGHT COUNCIL;20;EconomicOperands
SIGNIFICANT NONBANK FINANCIAL COMPANY;0;EconomicOperands
COMMODITY FUTURES TRADING COMMISSION;153;EconomicOperands
NATIONAL CREDIT UNION ADMINISTRATION;44;EconomicOperands
THE BANK HOLDING COMPANY ACT OF 1956;10;LegalReferences
FEDERAL FINANCIAL REGULATORY AGENCY;3;EconomicOperands
FUNCTIONALLY REGULATED SUBSIDIARIES;2;EconomicOperands
PRIMARY FINANCIAL REGULATORY AGENCY;10;EconomicOperands
SECURITY-BASED SWAP DATA REPOSITORY;40;EconomicOperands
THE FINANCIAL STABILITY ACT OF 2010;2;LegalReferences
APPROPRIATE FEDERAL BANKING AGENCY;166;EconomicOperands
DERIVATIVES CLEARING ORGANIZATION;171;EconomicOperands
FOREIGN NONBANK FINANCIAL COMPANY;0;EconomicOperands
FUNCTIONALLY REGULATED SUBSIDIARY;12;EconomicOperands
THE FEDERAL DEPOSIT INSURANCE ACT;55;LegalReferences
SAVINGS AND LOAN HOLDING COMPANY;45;EconomicOperands
SIGNIFICANT BANK HOLDING COMPANY;0;EconomicOperands
COLLECTIVE BARGAINING AGREEMENT;4;EconomicOperands
TO THE FULLEST EXTENT POSSIBLE;12;Attributes
INSURED DEPOSITORY INSTITUTION;151;EconomicOperands
ANNUAL GROSS REVENUES DERIVED;1;EconomicOperands
INTERNAL FINANCIAL ACTIVITIES;6;EconomicOperands
REVERSE REPURCHASE AGREEMENTS;1;EconomicOperands
TROUBLED ASSET RELIEF PROGRAM;1;EconomicOperands
AUDITED FINANCIAL STATEMENTS;4;EconomicOperands
INTERMEDIATE HOLDING COMPANY;16;EconomicOperands
OFF-BALANCE-SHEET ACTIVITIES;0;EconomicOperands
OFFICE OF FINANCIAL RESEARCH;1;EconomicOperands
OFFICE OF THRIFT SUPERVISION;219;EconomicOperands
RESEARCH AND ANALYSIS CENTER;0;EconomicOperands
US NONBANK FINANCIAL COMPANY;0;EconomicOperands
THE CLAYTON ACT 15 USC 18AC8;1;LegalReferences
COMPTROLLER OF THE CURRENCY;153;EconomicOperands
SUBSECTIONS A1 A2 A7 AND C1;0;LegalReferences
DEPARTMENT OF THE TREASURY;21;EconomicOperands
FINANCIAL TRANSACTION DATA;0;EconomicOperands
SPECIAL ADVISORY TECHNICAL;0;EconomicOperands
FREEDOM OF INFORMATION ACT;4;LegalReferences
LEGALLY BINDING AGREEMENT;0;EconomicOperands
NONBANK FINANCIAL COMPANY;6;EconomicOperands
SECRETARY OF THE TREASURY;41;EconomicOperands
SUBPARAGRAPHS A THROUGH E;4;LegalReferences
CAPITAL PURCHASE PROGRAM;0;EconomicOperands
CONSOLIDATED SUPERVISION;3;EconomicOperands
ELIMINATING EXPECTATIONS;0;EconomicOperands
FEDERAL BANKING AGENCIES;57;EconomicOperands
FEDERAL INSURANCE OFFICE;7;EconomicOperands
MUTUAL HOLDING COMPANIES;1;EconomicOperands
PROMPT CORRECTIVE ACTION;4;EconomicOperands
REQUESTS FOR INFORMATION;6;EconomicOperands
FLEXIBLE WORK SCHEDULES;1;EconomicOperands
JURISDICTIONAL DISPUTES;0;EconomicOperands
REVISIONS DEMONSTRATING;0;EconomicOperands
SWAP EXECUTION FACILITY;78;EconomicOperands
TAKE INTO CONSIDERATION;17;EconomicOperands
UNDERSERVED COMMUNITIES;5;EconomicOperands
WORKPLACE FLEXIBILITIES;2;EconomicOperands
SUBPARAGRAPHS C D AND E;2;LegalReferences
SUBSECTIONS B THROUGH N;5;LegalReferences
SUBSECTIONS C THROUGH G;0;LegalReferences
SUBSECTIONS D THROUGH H;0;LegalReferences
AS SOON AS PRACTICABLE;5;Attributes
BANK HOLDING COMPANIES;16;EconomicOperands
DEPOSITORY INSTITUTION;71;EconomicOperands
DERIVATIVE TRANSACTION;12;EconomicOperands
FINANCIAL INSTITUTIONS;80;EconomicOperands
INSTITUTION-AFFILIATED;3;EconomicOperands
LIQUIDITY REQUIREMENTS;0;EconomicOperands
PERMANENT SELF-FUNDING;0;EconomicOperands
PROPOSED DETERMINATION;2;EconomicOperands
REPORTING REQUIREMENTS;18;EconomicOperands
SAFEGUARDS IMPLEMENTED;0;EconomicOperands
SYSTEMICALLY IMPORTANT;18;EconomicOperands
INVESTMENT COMPANY ACT;1;LegalReferences
PARAGRAPHS 1 THROUGH 4;7;LegalReferences
TO THE MAXIMUM EXTENT;8;Attributes
ADVERSE CIRCUMSTANCES;0;EconomicOperands
DEMONSTRABLE PROGRESS;0;EconomicOperands
FINANCIAL TRANSACTION;15;EconomicOperands
PREDOMINANTLY ENGAGED;10;EconomicOperands
REEMPLOYED ANNUITANTS;1;EconomicOperands
REPURCHASE AGREEMENTS;2;EconomicOperands
WORKFORCE FLEXIBILITY;1;EconomicOperands
WORKPLACE FLEXIBILITY;0;EconomicOperands
SUBPARAGRAPHS A AND B;26;LegalReferences
ACTIVITIES CONDUCTED;6;EconomicOperands
BANK HOLDING COMPANY;60;EconomicOperands
CAPITAL REQUIREMENTS;24;EconomicOperands
CHILDCARE ASSISTANCE;1;EconomicOperands
DISTRICT OF COLUMBIA;13;EconomicOperands
FINANCIAL ACTIVITIES;8;EconomicOperands
FINANCIAL INSTRUMENT;3;EconomicOperands
LIQUID 2-WAY MARKETS;0;EconomicOperands
ORIGINAL APPOINTMENT;0;EconomicOperands
PROPOSED ACQUISITION;1;EconomicOperands
PRUDENTIAL STANDARDS;0;EconomicOperands
RISK-RELATED FACTORS;1;EconomicOperands
RISK-WEIGHTED ASSETS;2;EconomicOperands
SWAP DATA REPOSITORY;51;EconomicOperands
CLAUSES I THROUGH IX;1;LegalReferences
SECTION 113A OR 113B;0;LegalReferences
LESS FREQUENTLY THAN;14;LogicalConnectors
RULE OF CONSTRUCTION;57;Other
APPROPRIATED MONEYS;0;EconomicOperands
CAPITAL REQUIREMENT;2;EconomicOperands
COMPROMISE POSITION;1;EconomicOperands
COMPTROLLER GENERAL;87;EconomicOperands
COMPUTING RESOURCES;0;EconomicOperands
CORPORATE STRUCTURE;0;EconomicOperands
DIVERSE BACKGROUNDS;1;EconomicOperands
ENGLISH TRANSLATION;0;EconomicOperands
ESSENTIAL LONG-TERM;0;EconomicOperands
FINANCIAL CONDITION;16;EconomicOperands
FINANCIAL STABILITY;29;EconomicOperands
IRREVOCABLE LETTERS;0;EconomicOperands
MARKET TRANSPARENCY;1;EconomicOperands
MATURITIES SUITABLE;3;EconomicOperands
OWNERSHIP STRUCTURE;0;EconomicOperands
PROPOSED ACCOUNTING;0;EconomicOperands
SECURITIES CONTRACT;6;EconomicOperands
SUCCESSION PLANNING;1;EconomicOperands
UNDERCAPITALIZATION;0;EconomicOperands
WRITTEN EXPLANATION;4;EconomicOperands
SUBSECTIONS A AND B;17;LegalReferences
BENEFITS AND RISKS;1;EconomicOperands
BOARD OF GOVERNORS;329;EconomicOperands
CASE-BY-CASE BASIS;5;EconomicOperands
CONTINGENT CAPITAL;0;EconomicOperands
DISPUTE RESOLUTION;2;EconomicOperands
EMPIRICAL EVIDENCE;0;EconomicOperands
EXECUTIVE SCHEDULE;2;EconomicOperands
FARM CREDIT SYSTEM;9;EconomicOperands
FELLOWSHIP PROGRAM;0;EconomicOperands
FINANCIAL CONTRACT;0;EconomicOperands
FINANCIAL SERVICES;13;EconomicOperands
FOREIGN GOVERNMENT;16;EconomicOperands
INTERCONNECTEDNESS;1;EconomicOperands
INTERNAL FINANCIAL;1;EconomicOperands
OFFICER PERFORMING;1;EconomicOperands
POLICY DEVELOPMENT;1;EconomicOperands
REVENUES GENERATED;2;EconomicOperands
SOFTWARE DEVELOPED;0;EconomicOperands
SOURCE OF STRENGTH;5;EconomicOperands
STATUTES GOVERNING;0;EconomicOperands
TOTAL CONSOLIDATED;12;EconomicOperands
IN CONNECTION WITH;174;FunctionWords
PARAGRAPHS 1 AND 3;3;LegalReferences
UNITED STATES CODE;155;LegalReferences
FOR THE PURPOSE OF;78;LogicalConnectors
IN ACCORDANCE WITH;233;LogicalConnectors
ADVANCED TRAINING;0;EconomicOperands
AVOID DUPLICATION;4;EconomicOperands
CAPITAL STANDARDS;3;EconomicOperands
DEPOSIT INSURANCE;31;EconomicOperands
EASILY ACCESSIBLE;1;EconomicOperands
FINANCIAL COMPANY;73;EconomicOperands
FINANCIAL MARKETS;16;EconomicOperands
FINANCIAL PRODUCT;56;EconomicOperands
FINANCIAL SYSTEMS;0;EconomicOperands
FORWARD CONTRACTS;3;EconomicOperands
HOLDING COMPANIES;36;EconomicOperands
INSURANCE COMPANY;30;EconomicOperands
INTERNAL TREASURY;1;EconomicOperands
JUDICIAL DISTRICT;11;EconomicOperands
MARKET DISCIPLINE;2;EconomicOperands
MARKET EFFICIENCY;0;EconomicOperands
OFF-BALANCE SHEET;3;EconomicOperands
OFF-BALANCE-SHEET;1;EconomicOperands
OPTIMAL STRUCTURE;0;EconomicOperands
OVER-ACCUMULATION;0;EconomicOperands
PHASED RETIREMENT;1;EconomicOperands
PROCEEDS CREDITED;3;EconomicOperands
PROCURE TEMPORARY;0;EconomicOperands
PROPOSED DECISION;0;EconomicOperands
PUBLIC DISCLOSURE;15;EconomicOperands
REPORTED PUBLICLY;6;EconomicOperands
STABILITY-RELATED;0;EconomicOperands
HART-SCOTT-RODINO;1;LegalReferences
REASONABLE NOTICE;3;LegalReferences
SUBSECTION A OR B;7;LegalReferences
SUBTITLES A AND C;0;LegalReferences
IN THE EVENT THAT;8;LogicalConnectors
DECEMBER 31 2009;0;Attributes
AFFIRMATIVE VOTE;12;EconomicOperands
ANSWER QUESTIONS;0;EconomicOperands
BECOME EFFECTIVE;31;EconomicOperands
COMMERCIAL PAPER;2;EconomicOperands
EXISTING REPORTS;6;EconomicOperands
FINANCIAL ASSETS;3;EconomicOperands
FINANCIAL SYSTEM;53;EconomicOperands
MAINTAIN METRICS;0;EconomicOperands
NONVOTING MEMBER;0;EconomicOperands
PERIOD BEGINNING;90;EconomicOperands
PREDOMINANT LINE;0;EconomicOperands
RESPONSIBILITIES;44;EconomicOperands
RISK MEASUREMENT;0;EconomicOperands
SIGNED STATEMENT;0;EconomicOperands
STANDARD-SETTING;0;EconomicOperands
THEREOF HAS BEEN;2;FunctionWords
ATTRIBUTION RULE;0;LegalReferences
NONAPPLICABILITY;0;Other
ASSESSMENT BASE;6;EconomicOperands
CAPITAL-RAISING;0;EconomicOperands
CHARACTERISTICS;11;EconomicOperands
COMPETITIVENESS;2;EconomicOperands
CONFIDENTIALITY;44;EconomicOperands
CREDIT EXPOSURE;13;EconomicOperands
DIVERSIFICATION;1;EconomicOperands
ECONOMIC GROWTH;0;EconomicOperands
EMERGING MARKET;0;EconomicOperands
EXECUTIVE LEVEL;0;EconomicOperands
FORWARD-LOOKING;1;EconomicOperands
GUARANTEES TIED;0;EconomicOperands
HOLDING COMPANY;6;EconomicOperands
INSTRUMENTALITY;23;EconomicOperands
JUDICIAL REVIEW;12;EconomicOperands
POST-EMPLOYMENT;2;EconomicOperands
PUBLICLY TRADED;3;EconomicOperands
REPRESENTATIVES;110;EconomicOperands
RESPONSIBLE FOR;43;EconomicOperands
RISK MANAGEMENT;38;EconomicOperands
SHORT-TERM DEBT;0;EconomicOperands
STANDARDIZATION;1;EconomicOperands
STANDBY LETTERS;0;EconomicOperands
WRITTEN FINDING;3;EconomicOperands
ATTRIBUTABLE TO;4;FunctionWords
THIS SUBSECTION;373;LegalReferences
NOTWITHSTANDING;177;LogicalConnectors
WITH RESPECT TO;656;LogicalConnectors
RECOMMENDATIONS;110;RegulatoryOperators
JANUARY 1 2010;4;Attributes
JANUARY 1 2013;3;Attributes
OCTOBER 4 2010;0;Attributes
ADMINISTRATIVE;80;EconomicOperands
BOARD OF TRADE;83;EconomicOperands
CLASSIFICATION;4;EconomicOperands
CONCENTRATIONS;2;EconomicOperands
CONSIDERATIONS;38;EconomicOperands
COUNTERPARTIES;32;EconomicOperands
EFFECTIVE DATE;101;EconomicOperands
FEDERAL AGENCY;58;EconomicOperands
GROSS REVENUES;2;EconomicOperands
IDENTIFICATION;24;EconomicOperands
IMPLEMENTATION;43;EconomicOperands
INTERCONNECTED;1;EconomicOperands
ORGANIZATIONAL;5;EconomicOperands
PARENTAL LEAVE;1;EconomicOperands
PARTICIPATIONS;1;EconomicOperands
PART-TIME WORK;1;EconomicOperands
QUANTITATIVELY;0;EconomicOperands
RECOMMENDATION;50;EconomicOperands
REPRESENTATIVE;36;EconomicOperands
LETTER SR-01-1;0;LegalReferences
SECTION 154B1B;0;LegalReferences
SECTION 3132A1;0;LegalReferences
SECTION 7103A8;1;LegalReferences
STUDY REQUIRED;51;LegalReferences
SUBCHAPTER III;2;LegalReferences
SUBPARAGRAPH A;391;LegalReferences
SUBPARAGRAPH B;177;LegalReferences
SUBPARAGRAPH C;65;LegalReferences
SUBPARAGRAPH D;43;LegalReferences
SUBSECTION B3A;0;LegalReferences
THIS PARAGRAPH;185;LegalReferences
AS A RESULT OF;24;LogicalConnectors
IN ADDITION TO;29;LogicalConnectors
IN NO INSTANCE;0;LogicalConnectors
IN THE CASE OF;121;LogicalConnectors
NOT LATER THAN;260;LogicalConnectors
WITH REGARD TO;29;LogicalConnectors
DETERMINATIONS;37;Other
COMPLYING WITH;14;RegulatoryOperators
APPROPRIATELY;10;Attributes
APPORTIONMENT;6;EconomicOperands
BALANCE SHEET;10;EconomicOperands
CIVIL SERVICE;3;EconomicOperands
COMMISSIONERS;2;EconomicOperands
COMPARABILITY;10;EconomicOperands
COMPREHENSIVE;23;EconomicOperands
CONCENTRATION;7;EconomicOperands
CONGRESSIONAL;8;EconomicOperands
CONSIDERATION;66;EconomicOperands
CONSOLIDATION;8;EconomicOperands
DELIBERATIONS;0;EconomicOperands
DETERMINATION;239;EconomicOperands
DIFFERENTIATE;6;EconomicOperands
DISCONTINUOUS;0;EconomicOperands
DISQUALIFYING;0;EconomicOperands
DISTRIBUTIONS;2;EconomicOperands
EFFECTIVENESS;55;EconomicOperands
FOREIGN BANKS;21;EconomicOperands
FOREIGN-BASED;1;EconomicOperands
INCREMENTALLY;0;EconomicOperands
INTEREST RATE;55;EconomicOperands
INTERNATIONAL;46;EconomicOperands
JURISDICTIONS;2;EconomicOperands
MAJORITY VOTE;2;EconomicOperands
MEMBER AGENCY;3;EconomicOperands
METHODOLOGIES;16;EconomicOperands
NONAFFILIATED;0;EconomicOperands
ORAL ARGUMENT;1;EconomicOperands
ORGANIZATIONS;28;EconomicOperands
PARTICIPATION;33;EconomicOperands
POSITION DATA;2;EconomicOperands
PROFESSIONALS;1;EconomicOperands
REGULATION OF;65;EconomicOperands
REIMBURSEMENT;13;EconomicOperands
RELATIONSHIPS;7;EconomicOperands
STANDARDIZING;3;EconomicOperands
SYSTEMIC RISK;29;EconomicOperands
TRANSFER DATE;80;EconomicOperands
UNITED STATES;311;EconomicOperands
VOTING MEMBER;0;EconomicOperands
VOTING SHARES;2;EconomicOperands
APPLICABILITY;28;FunctionWords
APPLICABLE TO;89;FunctionWords
CONSISTING OF;1;FunctionWords
SUBSTANTIALLY;30;FunctionWords
SECTION 113E3;0;LegalReferences
SECTION 1206A;0;LegalReferences
SECTION 154B1;0;LegalReferences
SECTION 167B2;0;LegalReferences
SECTION 3109B;0;LegalReferences
SUBSECTION A1;47;LegalReferences
SUBSECTION A2;22;LegalReferences
SUBSECTION A4;9;LegalReferences
SUBSECTION A6;2;LegalReferences
SUBSECTION B2;34;LegalReferences
SUBSECTION B3;5;LegalReferences
SUBSECTION D1;10;LegalReferences
SUBSECTION D2;3;LegalReferences
THIS SUBTITLE;120;LegalReferences
IN WHICH CASE;4;LogicalConnectors
PROVIDED THAT;20;LogicalConnectors
REGARDLESS OF;19;LogicalConnectors
TO THE EXTENT;147;LogicalConnectors
TOGETHER WITH;27;LogicalConnectors
ESTABLISHMENT;57;RegulatoryOperators
PERIODICALLY;13;Attributes
ACQUISITIONS;5;EconomicOperands
ADMINISTERED;15;EconomicOperands
ADVISABILITY;5;EconomicOperands
AFFILIATIONS;0;EconomicOperands
APPLICATIONS;7;EconomicOperands
APPROPRIATED;29;EconomicOperands
AVAILABILITY;49;EconomicOperands
CAPABILITIES;2;EconomicOperands
COMMISSIONER;13;EconomicOperands
COMPENSATION;146;EconomicOperands
CONCENTRATED;1;EconomicOperands
CONFIDENTIAL;34;EconomicOperands
CONSEQUENCES;3;EconomicOperands
CONSOLIDATED;13;EconomicOperands
CONSULTATION;133;EconomicOperands
COORDINATION;55;EconomicOperands
CORPORATIONS;3;EconomicOperands
COUNTERPARTS;1;EconomicOperands
COUNTERPARTY;93;EconomicOperands
CROSS-BORDER;1;EconomicOperands
DEFICIENCIES;5;EconomicOperands
DESCRIPTIONS;5;EconomicOperands
DEVELOPMENTS;5;EconomicOperands
EXAMINATIONS;76;EconomicOperands
EXPERIENCING;0;EconomicOperands
FOREIGN BANK;28;EconomicOperands
FUNCTIONS OF;57;EconomicOperands
IMPLICATIONS;3;EconomicOperands
INCORPORATED;15;EconomicOperands
INSTITUTIONS;68;EconomicOperands
INTELLECTUAL;0;EconomicOperands
INTERMEDIATE;4;EconomicOperands
INTERMITTENT;0;EconomicOperands
INTERRUPTION;0;EconomicOperands
INTERVENTION;0;EconomicOperands
JURISDICTION;154;EconomicOperands
MARKET SHARE;5;EconomicOperands
MODIFICATION;37;EconomicOperands
MULTILATERAL;5;EconomicOperands
NONDELEGABLE;2;EconomicOperands
NOTIFICATION;35;EconomicOperands
ORGANIZATION;73;EconomicOperands
PARTICIPANTS;68;EconomicOperands
PARTICIPATED;6;EconomicOperands
PARTICIPATES;7;EconomicOperands
PROFESSIONAL;24;EconomicOperands
PROGRAMMATIC;2;EconomicOperands
REEVALUATION;0;EconomicOperands
REGISTRATION;112;EconomicOperands
REIMBURSABLE;0;EconomicOperands
REQUIREMENTS;458;EconomicOperands
SHAREHOLDERS;29;EconomicOperands
STAKEHOLDERS;1;EconomicOperands
STRESS TESTS;0;EconomicOperands
SUBSIDIARIES;35;EconomicOperands
TRANSACTIONS;194;EconomicOperands
UNAFFILIATED;7;EconomicOperands
UNAUTHORIZED;0;EconomicOperands
UNEXPECTEDLY;0;EconomicOperands
ON BEHALF OF;63;FunctionWords
PARAGRAPH 13;13;LegalReferences
PARAGRAPH 1A;35;LegalReferences
PARAGRAPH 1B;21;LegalReferences
PARAGRAPH 22;6;LegalReferences
PARAGRAPH 2A;21;LegalReferences
PARAGRAPH 2B;20;LegalReferences
PARAGRAPH 3B;9;LegalReferences
PARAGRAPH 4B;9;LegalReferences
PARAGRAPH 6B;2;LegalReferences
REGULATION D;2;LegalReferences
SECTION 10B3;0;LegalReferences
SECTION 113B;0;LegalReferences
SECTION 115C;0;LegalReferences
SECTION 165A;0;LegalReferences
SECTION 165D;0;LegalReferences
SECTION 46A2;0;LegalReferences
SECTION 4K4E;0;LegalReferences
SECTION 4K6B;1;LegalReferences
SECTION 5314;0;LegalReferences
SECTION 5316;1;LegalReferences
SECTION 7AC8;1;LegalReferences
SUBSECTION A;225;LegalReferences
SUBSECTION B;176;LegalReferences
SUBSECTION C;62;LegalReferences
SUBSECTION D;42;LegalReferences
SUBSECTION E;37;LegalReferences
THIS SECTION;733;LegalReferences
EARLIER THAN;8;LogicalConnectors
GREATER THAN;9;LogicalConnectors
IN THE PLACE;2;LogicalConnectors
RESPECTIVELY;76;LogicalConnectors
SPECIFICALLY;36;LogicalConnectors
DEFINITIONAL;1;Other
SUBPARAGRAPH;86;Other
ESTABLISHING;55;RegulatoryOperators
IMPLEMENTING;31;RegulatoryOperators
PROHIBITIONS;11;RegulatoryOperators
RESTRICTIONS;31;RegulatoryOperators
10000000000;13;Attributes
15000000000;0;Attributes
50000000000;8;Attributes
APPROPRIATE;522;Attributes
ENFORCEABLE;34;Attributes
IMMEDIATELY;36;Attributes
MAY 19 2010;0;Attributes
SHORT-DATED;0;Attributes
SIGNIFICANT;60;Attributes
ACCEPTANCES;3;EconomicOperands
ACCOMPANIED;5;EconomicOperands
ACCUMULATED;0;EconomicOperands
ACQUISITION;30;EconomicOperands
ADJUSTMENTS;25;EconomicOperands
ANTIEVASION;0;EconomicOperands
APPLICATION;99;EconomicOperands
APPOINTMENT;97;EconomicOperands
ASSESSMENTS;50;EconomicOperands
AUTHORITIES;100;EconomicOperands
CHAIRPERSON;32;EconomicOperands
COMBINATION;9;EconomicOperands
COMMINGLING;2;EconomicOperands
COMMODITIES;25;EconomicOperands
COMMUNITIES;12;EconomicOperands
COMPENSATED;5;EconomicOperands
COMPETITIVE;21;EconomicOperands
COMPUTATION;1;EconomicOperands
CONCURRENCE;5;EconomicOperands
CONFLICTING;3;EconomicOperands
CONSOLIDATE;2;EconomicOperands
CONTRACTUAL;15;EconomicOperands
CONTROLLING;13;EconomicOperands
CONVERTIBLE;1;EconomicOperands
COORDINATED;9;EconomicOperands
CORPORATION;750;EconomicOperands
DATA CENTER;0;EconomicOperands
DEFINITIONS;108;EconomicOperands
DERIVATIVES;26;EconomicOperands
DESCRIPTION;64;EconomicOperands
DETERMINING;60;EconomicOperands
DEVELOPMENT;40;EconomicOperands
DIFFERENCES;11;EconomicOperands
DISCUSSIONS;1;EconomicOperands
DISRUPTIONS;4;EconomicOperands
DIVESTITURE;6;EconomicOperands
DUPLICATION;1;EconomicOperands
DUPLICATIVE;2;EconomicOperands
ENDORSEMENT;0;EconomicOperands
ENFORCEMENT;277;EconomicOperands
EVALUATIONS;3;EconomicOperands
EXAMINATION;130;EconomicOperands
EXPLANATION;34;EconomicOperands
FEASIBILITY;12;EconomicOperands
FORESEEABLE;4;EconomicOperands
GOVERNMENTS;5;EconomicOperands
IDENTIFYING;27;EconomicOperands
INDEPENDENT;60;EconomicOperands
INDIVIDUALS;56;EconomicOperands
INFORMATION;685;EconomicOperands
INSTITUTION;62;EconomicOperands
INSTRUMENTS;23;EconomicOperands
INVESTIGATE;11;EconomicOperands
INVESTMENTS;38;EconomicOperands
LEGISLATION;6;EconomicOperands
LEGISLATIVE;19;EconomicOperands
LIABILITIES;50;EconomicOperands
LIQUIDATION;69;EconomicOperands
MARKETPLACE;0;EconomicOperands
NECESSARILY;1;EconomicOperands
NON-FEDERAL;1;EconomicOperands
NONPUBLICLY;2;EconomicOperands
OBLIGATIONS;140;EconomicOperands
OPERATIONAL;18;EconomicOperands
OPPORTUNITY;42;EconomicOperands
PERFORMANCE;43;EconomicOperands
PRACTICABLE;29;EconomicOperands
PRESCRIBING;24;EconomicOperands
PROBABILITY;1;EconomicOperands
PROCEEDINGS;59;EconomicOperands
PROCUREMENT;1;EconomicOperands
PUBLICATION;43;EconomicOperands
REASONS FOR;10;EconomicOperands
RECOMMENDED;7;EconomicOperands
RECRUITMENT;3;EconomicOperands
REGULATIONS;381;EconomicOperands
REMEDIATION;16;EconomicOperands
REPRESENTED;11;EconomicOperands
REQUIREMENT;112;EconomicOperands
RESTORATION;0;EconomicOperands
SECURITIZED;3;EconomicOperands
SEGREGATION;18;EconomicOperands
STANDARDIZE;0;EconomicOperands
STREAMLINED;4;EconomicOperands
STRESS TEST;0;EconomicOperands
SUBMISSIONS;6;EconomicOperands
SUBSTITUTES;0;EconomicOperands
SUMMARIZING;7;EconomicOperands
SUPERVISION;77;EconomicOperands
SUPERVISORS;8;EconomicOperands
SUPERVISORY;67;EconomicOperands
TERMINATION;34;EconomicOperands
THREATENING;1;EconomicOperands
TRADITIONAL;2;EconomicOperands
TRANSACTION;415;EconomicOperands
TRANSFERRED;205;EconomicOperands
IN LIGHT OF;7;FunctionWords
PURSUANT TO;410;FunctionWords
REFERRED TO;116;FunctionWords
RELATING TO;250;FunctionWords
12 USC 3207;0;LegalReferences
PARAGRAPH 1;372;LegalReferences
PARAGRAPH 2;206;LegalReferences
PARAGRAPH 3;88;LegalReferences
PARAGRAPH 4;77;LegalReferences
PARAGRAPH 6;24;LegalReferences
SECTION 102;8;LegalReferences
SECTION 113;4;LegalReferences
SECTION 115;0;LegalReferences
SECTION 119;0;LegalReferences
SECTION 120;1;LegalReferences
SECTION 152;0;LegalReferences
SECTION 153;0;LegalReferences
SECTION 154;0;LegalReferences
SECTION 165;1;LegalReferences
SECTION 167;0;LegalReferences
SECTION 4J1;0;LegalReferences
SECTION 4J2;0;LegalReferences
SECTION 4J3;0;LegalReferences
SECTION 552;19;LegalReferences
SECTION 553;11;LegalReferences
SECTION 7D3;0;LegalReferences
SECTION 7E1;0;LegalReferences
SECTION 8B3;0;LegalReferences
SUBSECTIONS;34;LegalReferences
SUBTITLE BS;0;LegalReferences
DENOMINATOR;0;LogicalConnectors
IN ADDITION;0;LogicalConnectors
IN ANY CASE;9;LogicalConnectors
IN ORDER TO;65;LogicalConnectors
LONGER THAN;3;LogicalConnectors
OR AT LEAST;0;LogicalConnectors
RELEVANT TO;17;LogicalConnectors
BEING TAKEN;0;Other
SHORT TITLE;14;Other
ESTABLISHED;260;RegulatoryOperators
ESTABLISHES;5;RegulatoryOperators
LIMITATIONS;82;RegulatoryOperators
PROHIBITING;14;RegulatoryOperators
PROHIBITION;57;RegulatoryOperators
PROMULGATED;24;RegulatoryOperators
TAKE EFFECT;57;RegulatoryOperators
25 PERCENT;2;Attributes
5000000000;0;Attributes
85 PERCENT;1;Attributes
ACCEPTABLE;12;Attributes
ADEQUATELY;8;Attributes
CONSISTENT;118;Attributes
INADEQUATE;2;Attributes
INDIRECTLY;63;Attributes
NEGATIVELY;1;Attributes
REASONABLE;132;Attributes
SEMIANNUAL;11;Attributes
SUFFICIENT;31;Attributes
ACCOUNTING;86;EconomicOperands
ACTIVITIES;260;EconomicOperands
ADJUSTMENT;27;EconomicOperands
ADMINISTER;21;EconomicOperands
AFFILIATED;14;EconomicOperands
AFFILIATES;37;EconomicOperands
ANALYTICAL;2;EconomicOperands
APPLICANTS;14;EconomicOperands
ASSESSMENT;56;EconomicOperands
ASSIGNABLE;0;EconomicOperands
ASSIGNMENT;18;EconomicOperands
ASSISTANCE;102;EconomicOperands
BANKRUPTCY;21;EconomicOperands
BASED UPON;19;EconomicOperands
BUSINESSES;10;EconomicOperands
CAPRICIOUS;5;EconomicOperands
COLLATERAL;34;EconomicOperands
COLLECTING;13;EconomicOperands
COLLECTION;33;EconomicOperands
COMMENCING;6;EconomicOperands
COMMERCIAL;46;EconomicOperands
COMMISSION;1567;EconomicOperands
COMMITTEES;31;EconomicOperands
COMPARABLE;52;EconomicOperands
COMPLEXITY;1;EconomicOperands
COMPLIANCE;280;EconomicOperands
COMPONENTS;2;EconomicOperands
COMPROMISE;5;EconomicOperands
CONDITIONS;120;EconomicOperands
CONDUCT OF;26;EconomicOperands
CONDUCTING;41;EconomicOperands
CONFIDENCE;6;EconomicOperands
CONSIDERED;66;EconomicOperands
CONSIST OF;3;EconomicOperands
CONSTITUTE;16;EconomicOperands
CONSULTING;8;EconomicOperands
CONTAINING;21;EconomicOperands
CONTINGENT;11;EconomicOperands
CONTROLLED;34;EconomicOperands
CONVERSION;24;EconomicOperands
COORDINATE;48;EconomicOperands
CREATIVITY;1;EconomicOperands
DEFINITION;96;EconomicOperands
DEPARTMENT;55;EconomicOperands
DESCRIBING;23;EconomicOperands
DEVELOPING;14;EconomicOperands
DISABILITY;3;EconomicOperands
DISCLOSURE;106;EconomicOperands
DISCRETION;84;EconomicOperands
DISCUSSION;4;EconomicOperands
DISPUTANTS;0;EconomicOperands
DISRUPTION;6;EconomicOperands
DUE REGARD;1;EconomicOperands
EFFICIENCY;8;EconomicOperands
EMPLOYMENT;43;EconomicOperands
ENTERPRISE;8;EconomicOperands
ENUMERATED;29;EconomicOperands
EVALUATION;22;EconomicOperands
EXECUTIVES;5;EconomicOperands
EXERCISING;15;EconomicOperands
EXPERIENCE;8;EconomicOperands
EXPIRATION;27;EconomicOperands
EXTENSIONS;8;EconomicOperands
EXTERNALLY;2;EconomicOperands
FACILITATE;42;EconomicOperands
FACILITIES;38;EconomicOperands
FULFILLING;2;EconomicOperands
GOVERNMENT;112;EconomicOperands
GUARANTEED;16;EconomicOperands
GUARANTEES;9;EconomicOperands
HEIGHTENED;4;EconomicOperands
HISTORICAL;3;EconomicOperands
HOUSEHOLDS;3;EconomicOperands
IDENTIFIES;4;EconomicOperands
IMPORTANCE;9;EconomicOperands
IMPOSITION;6;EconomicOperands
INCIDENTAL;22;EconomicOperands
INCREASING;10;EconomicOperands
INDICATORS;1;EconomicOperands
INDIVIDUAL;118;EconomicOperands
INITIATIVE;13;EconomicOperands
INNOVATION;3;EconomicOperands
INSOLVENCY;33;EconomicOperands
INTERLOCKS;0;EconomicOperands
INVESTMENT;135;EconomicOperands
LEADERSHIP;2;EconomicOperands
LOW-INCOME;8;EconomicOperands
MAINTAINED;31;EconomicOperands
MANAGEMENT;112;EconomicOperands
MECHANISMS;13;EconomicOperands
MEMBERSHIP;23;EconomicOperands
MITIGATION;3;EconomicOperands
MITIGATORY;0;EconomicOperands
MONITORING;27;EconomicOperands
NONBINDING;0;EconomicOperands
OBJECTIVES;34;EconomicOperands
OBTAINABLE;0;EconomicOperands
OPERATIONS;48;EconomicOperands
PARAMETERS;1;EconomicOperands
PERCENTAGE;62;EconomicOperands
PERFORMING;48;EconomicOperands
PERMISSION;3;EconomicOperands
PERMISSIVE;0;EconomicOperands
PERSONALLY;16;EconomicOperands
PRINCIPLES;11;EconomicOperands
PRIORITIES;6;EconomicOperands
PROCEDURES;208;EconomicOperands
PROCEEDING;113;EconomicOperands
PRODUCTION;30;EconomicOperands
PROMULGATE;30;EconomicOperands
PROVISIONS;262;EconomicOperands
PRUDENTIAL;27;EconomicOperands
REDEMPTION;6;EconomicOperands
REEVALUATE;0;EconomicOperands
REFERENCES;9;EconomicOperands
REFINEMENT;0;EconomicOperands
REFLECTING;0;EconomicOperands
REGISTERED;352;EconomicOperands
REGULATION;287;EconomicOperands
REGULATORS;38;EconomicOperands
REGULATORY;163;EconomicOperands
RESCISSION;10;EconomicOperands
RESOLUTION;70;EconomicOperands
RESPECTIVE;10;EconomicOperands
RISK-BASED;10;EconomicOperands
SAFEGUARDS;11;EconomicOperands
SECURITIES;453;EconomicOperands
SEPARATION;3;EconomicOperands
SETTLEMENT;77;EconomicOperands
SHORT-TERM;3;EconomicOperands
STATE BANK;28;EconomicOperands
STATEMENTS;23;EconomicOperands
STRINGENCY;0;EconomicOperands
SUBMISSION;45;EconomicOperands
SUBMITTING;9;EconomicOperands
SUBSIDIARY;152;EconomicOperands
SUCCESSION;1;EconomicOperands
SUPERVISED;30;EconomicOperands
SUPERVISOR;9;EconomicOperands
SYSTEMWIDE;0;EconomicOperands
TAX-EXEMPT;1;EconomicOperands
TECHNIQUES;1;EconomicOperands
TECHNOLOGY;7;EconomicOperands
THREATENED;1;EconomicOperands
TRANSITION;24;EconomicOperands
UNDERTAKEN;11;EconomicOperands
APPLICABLE;215;FunctionWords
AS FOLLOWS;49;FunctionWords
IDENTIFIED;67;FunctionWords
IN GENERAL;612;FunctionWords
PARTICULAR;30;FunctionWords
SUBSEQUENT;16;FunctionWords
THEREAFTER;35;FunctionWords
THEREUNDER;41;FunctionWords
CHAPTER 51;1;LegalReferences
CHAPTER 53;1;LegalReferences
SECTION 15;10;LegalReferences
SECTION 38;1;LegalReferences
SECTION 4C;16;LegalReferences
SECTION 4K;7;LegalReferences
SECTION 8A;8;LegalReferences
SECTION 8T;0;LegalReferences
SUBTITLE A;12;LegalReferences
SUBTITLE B;41;LegalReferences
THIS TITLE;569;LegalReferences
TITLE VIII;1;LegalReferences
AS LONG AS;3;LogicalConnectors
BECAUSE OF;14;LogicalConnectors
CONCERNING;51;LogicalConnectors
EQUIVALENT;22;LogicalConnectors
EXCEPTIONS;35;LogicalConnectors
FEWER THAN;16;LogicalConnectors
LIMITED TO;22;LogicalConnectors
PREVIOUSLY;8;LogicalConnectors
REPRESENTS;7;LogicalConnectors
SUBJECT TO;498;LogicalConnectors
ADDITIONAL;117;MathematicalOperators
DEDUCTIONS;0;MathematicalOperators
AMENDMENTS;148;Other
PARAGRAPHS;33;Other
RULEMAKING;108;Other
LIMITATION;87;RegulatoryOperators
AUTHORIZED;161;RegulatoryOperators
AUTHORIZES;11;RegulatoryOperators
DESIGNATED;123;RegulatoryOperators
DETERMINED;132;RegulatoryOperators
DETERMINES;193;RegulatoryOperators
EXEMPTIONS;30;RegulatoryOperators
PRESCRIBED;210;RegulatoryOperators
SUPERVISES;1;RegulatoryOperators
15 MONTHS;2;Attributes
18 MONTHS;19;Attributes
ADVISABLE;4;Attributes
NECESSARY;284;Attributes
NO LONGER;6;Attributes
PRIMARILY;14;Attributes
QUARTERLY;5;Attributes
REGULARLY;9;Attributes
STRINGENT;2;Attributes
ACADEMICS;3;EconomicOperands
AFFILIATE;122;EconomicOperands
APPLICANT;33;EconomicOperands
APPOINTED;98;EconomicOperands
ARBITRARY;5;EconomicOperands
ASSEMBLED;2;EconomicOperands
ASSESSING;17;EconomicOperands
ASSISTING;6;EconomicOperands
AUTHORITY;511;EconomicOperands
AVAILABLE;233;EconomicOperands
BONA FIDE;29;EconomicOperands
BORROWING;24;EconomicOperands
CARRY OUT;103;EconomicOperands
CERTIFIED;35;EconomicOperands
CHARTERED;22;EconomicOperands
COLLECTED;52;EconomicOperands
COMMITTEE;114;EconomicOperands
COMPANIES;136;EconomicOperands
COMPONENT;2;EconomicOperands
COMPUTING;5;EconomicOperands
CONCERNED;5;EconomicOperands
CONDITION;35;EconomicOperands
CONDUCTED;87;EconomicOperands
CONFIRMED;3;EconomicOperands
CONSIDERS;13;EconomicOperands
CONTRACTS;135;EconomicOperands
CONTUMACY;3;EconomicOperands
CONVERTED;2;EconomicOperands
CREDITORS;44;EconomicOperands
CURRENTLY;5;EconomicOperands
DECISIONS;20;EconomicOperands
DEPOSITED;33;EconomicOperands
DIRECTION;10;EconomicOperands
DIRECTORS;125;EconomicOperands
DISPUTING;0;EconomicOperands
EMERGENCY;41;EconomicOperands
EMPLOYEES;181;EconomicOperands
ENCOURAGE;12;EconomicOperands
EXECUTION;33;EconomicOperands
EXERCISES;2;EconomicOperands
EXPERTISE;15;EconomicOperands
EXPOSURES;13;EconomicOperands
EXPRESSED;6;EconomicOperands
EXTENSION;65;EconomicOperands
EXTRINSIC;0;EconomicOperands
FINANCIAL;387;EconomicOperands
FOREGOING;5;EconomicOperands
FUNCTIONS;111;EconomicOperands
GAO AUDIT;2;EconomicOperands
GOVERNORS;4;EconomicOperands
GUARANTEE;57;EconomicOperands
HAPPENING;0;EconomicOperands
HIGH-RISK;1;EconomicOperands
IMPLEMENT;48;EconomicOperands
INSOLVENT;17;EconomicOperands
INSURANCE;223;EconomicOperands
INTEGRITY;34;EconomicOperands
INTERFERE;2;EconomicOperands
INTRINSIC;0;EconomicOperands
LEVERAGED;4;EconomicOperands
LIABILITY;40;EconomicOperands
LIQUIDITY;27;EconomicOperands
LONG-TERM;9;EconomicOperands
MATERIALS;25;EconomicOperands
MECHANISM;3;EconomicOperands
NOMINATED;0;EconomicOperands
OFFICIALS;6;EconomicOperands
OMISSIONS;1;EconomicOperands
OPERATING;31;EconomicOperands
OPERATION;48;EconomicOperands
ORGANIZED;18;EconomicOperands
OVERSIGHT;73;EconomicOperands
OWNERSHIP;27;EconomicOperands
PERSONNEL;44;EconomicOperands
PHASED IN;0;EconomicOperands
POSITIONS;70;EconomicOperands
POTENTIAL;91;EconomicOperands
PRACTICES;81;EconomicOperands
PREFERRED;2;EconomicOperands
PRESENTED;7;EconomicOperands
PRESIDENT;37;EconomicOperands
PRINCIPAL;107;EconomicOperands
PRINCIPLE;3;EconomicOperands
PRIVILEGE;24;EconomicOperands
PROCEDURE;35;EconomicOperands
PROCESSES;11;EconomicOperands
PROPOSALS;5;EconomicOperands
PROTECTED;6;EconomicOperands
PROVIDERS;6;EconomicOperands
PROVIDING;136;EconomicOperands
PROVISION;374;EconomicOperands
PURCHASED;13;EconomicOperands
PURCHASES;14;EconomicOperands
QUALIFIED;24;EconomicOperands
RATIONALE;1;EconomicOperands
RECEIVING;28;EconomicOperands
RECOMMEND;16;EconomicOperands
REFERENCE;13;EconomicOperands
REGULATOR;35;EconomicOperands
REPAYMENT;32;EconomicOperands
REPORTING;143;EconomicOperands
REPRESENT;7;EconomicOperands
RESCINDED;2;EconomicOperands
RESULTING;24;EconomicOperands
RETENTION;45;EconomicOperands
REVISIONS;4;EconomicOperands
RISKINESS;0;EconomicOperands
SAFEGUARD;3;EconomicOperands
SECRETARY;313;EconomicOperands
SELECTION;9;EconomicOperands
SIGNATURE;4;EconomicOperands
SOUNDNESS;38;EconomicOperands
SPREADING;1;EconomicOperands
STABILITY;24;EconomicOperands
STANDARDS;258;EconomicOperands
STATEMENT;72;EconomicOperands
STRUCTURE;22;EconomicOperands
SUBMITTED;73;EconomicOperands
SUBPOENAS;9;EconomicOperands
SUCCESSOR;42;EconomicOperands
TAXPAYERS;18;EconomicOperands
TECHNICAL;18;EconomicOperands
TEMPORARY;26;EconomicOperands
TERMINATE;31;EconomicOperands
TESTIMONY;40;EconomicOperands
THRESHOLD;16;EconomicOperands
TIMEFRAME;0;EconomicOperands
TIMELINES;3;EconomicOperands
TREATMENT;62;EconomicOperands
UTILITIES;19;EconomicOperands
VALUATION;18;EconomicOperands
VIOLATION;190;EconomicOperands
WORKFORCE;11;EconomicOperands
BE SERVED;22;FunctionWords
DIFFERENT;26;FunctionWords
FOLLOWING;713;FunctionWords
GENERALLY;20;FunctionWords
2 CONTENT;12;LegalReferences
CLAUSE II;52;LegalReferences
SECTION 2;21;LegalReferences
SECTION 3;45;LegalReferences
SECTION 4;32;LegalReferences
SECTION 7;1;LegalReferences
SECTION 8;33;LegalReferences
EXCLUDING;7;LogicalConnectors
BEGINNING;20;LogicalConnectors
EXCEPT AS;149;LogicalConnectors
INCLUDING;710;LogicalConnectors
INCLUSION;12;LogicalConnectors
LESS THAN;54;LogicalConnectors
MORE THAN;81;LogicalConnectors
NUMERATOR;0;LogicalConnectors
OTHERWISE;256;LogicalConnectors
REGARDING;234;LogicalConnectors
SIMILARLY;12;LogicalConnectors
DEDUCTION;2;MathematicalOperators
CONSTRUED;118;Other
DESCRIBED;597;Other
DETAILING;7;Other
EFFECTIVE;74;Other
ENACTMENT;276;Other
INSERTING;1061;Other
LISTED IN;10;Other
SUPERSEDE;7;Other
MANDATORY;35;RegulatoryOperators
DETERMINE;167;RegulatoryOperators
ENFORCING;11;RegulatoryOperators
ESTABLISH;221;RegulatoryOperators
EXCEPTION;68;RegulatoryOperators
EXEMPTING;2;RegulatoryOperators
EXEMPTION;93;RegulatoryOperators
PERMITTED;64;RegulatoryOperators
PRESCRIBE;195;RegulatoryOperators
REGULATED;62;RegulatoryOperators
REQUESTED;34;RegulatoryOperators
REQUIRING;46;RegulatoryOperators
SET FORTH;40;RegulatoryOperators
SPECIFIED;49;RegulatoryOperators
SUPERVISE;5;RegulatoryOperators
120 DAYS;5;Attributes
180 DAYS;38;Attributes
24 HOURS;5;Attributes
ANNUALLY;34;Attributes
CREDIBLE;4;Attributes
DIRECTLY;123;Attributes
PERIODIC;21;Attributes
POSSIBLE;28;Attributes
PROMPTLY;23;Attributes
PROPERLY;4;Attributes
RELEVANT;57;Attributes
ACADEMIC;2;EconomicOperands
ACCOUNTS;57;EconomicOperands
ACTIVITY;78;EconomicOperands
ADEQUACY;13;EconomicOperands
ADOPTING;8;EconomicOperands
ADVISORS;8;EconomicOperands
ADVISORY;43;EconomicOperands
AGENCIES;157;EconomicOperands
AGREEING;2;EconomicOperands
ANALYSES;4;EconomicOperands
ANALYSIS;55;EconomicOperands
ANALYTIC;1;EconomicOperands
APPLYING;7;EconomicOperands
APPROVED;36;EconomicOperands
ATTRACTS;1;EconomicOperands
AVOIDING;9;EconomicOperands
BASELINE;7;EconomicOperands
BELIEVES;4;EconomicOperands
BENEFITS;75;EconomicOperands
BUSINESS;169;EconomicOperands
CAPACITY;61;EconomicOperands
CARRYING;43;EconomicOperands
CATEGORY;54;EconomicOperands
CHAIRMAN;61;EconomicOperands
CHANNELS;10;EconomicOperands
CLEARING;214;EconomicOperands
COMMENTS;11;EconomicOperands
CONCERNS;21;EconomicOperands
CONDUCTS;10;EconomicOperands
CONGRESS;149;EconomicOperands
CONSIDER;66;EconomicOperands
CONTEMPT;5;EconomicOperands
CONTINUE;44;EconomicOperands
CONTRACT;362;EconomicOperands
CONTROLS;54;EconomicOperands
CREDITED;27;EconomicOperands
CRITERIA;39;EconomicOperands
DATABASE;9;EconomicOperands
DECISION;52;EconomicOperands
DECLINES;0;EconomicOperands
DELIVERY;73;EconomicOperands
DEPOSITS;47;EconomicOperands
DERIVING;0;EconomicOperands
DESIGNEE;16;EconomicOperands
DETAILED;7;EconomicOperands
DIRECTOR;479;EconomicOperands
DISPUTES;3;EconomicOperands
DISTRESS;4;EconomicOperands
DISTRICT;55;EconomicOperands
DOMESTIC;10;EconomicOperands
ECONOMIC;40;EconomicOperands
ELIGIBLE;32;EconomicOperands
EMERGING;2;EconomicOperands
EMPLOYED;31;EconomicOperands
EMPLOYEE;172;EconomicOperands
ENFORCED;19;EconomicOperands
ENGAGING;15;EconomicOperands
ENHANCED;18;EconomicOperands
ENTIRETY;2;EconomicOperands
ENTITIES;154;EconomicOperands
EQUALITY;0;EconomicOperands
ESTIMATE;16;EconomicOperands
EXCHANGE;97;EconomicOperands
EXCLUDED;15;EconomicOperands
EXERCISE;101;EconomicOperands
EXISTING;63;EconomicOperands
EXPEDITE;1;EconomicOperands
EXPENDED;10;EconomicOperands
EXPENSES;46;EconomicOperands
EXPLICIT;1;EconomicOperands
EXPOSURE;12;EconomicOperands
FAILURES;1;EconomicOperands
FINDINGS;46;EconomicOperands
FULFILLS;1;EconomicOperands
GUIDANCE;24;EconomicOperands
HEARINGS;6;EconomicOperands
IDENTIFY;55;EconomicOperands
IMPLICIT;0;EconomicOperands
IMPOSING;12;EconomicOperands
INCLUDES;66;EconomicOperands
INDIRECT;13;EconomicOperands
INDUSTRY;24;EconomicOperands
INFORMED;9;EconomicOperands
INITIATE;29;EconomicOperands
INTENDED;17;EconomicOperands
INTEREST;245;EconomicOperands
INVESTED;12;EconomicOperands
INVESTOR;53;EconomicOperands
INVOLVED;24;EconomicOperands
ISSUANCE;49;EconomicOperands
JUDGMENT;30;EconomicOperands
LEVERAGE;12;EconomicOperands
MAINTAIN;91;EconomicOperands
MAJORITY;22;EconomicOperands
MANAGING;5;EconomicOperands
MATERIAL;85;EconomicOperands
MATURITY;9;EconomicOperands
MEASURES;31;EconomicOperands
MEETINGS;10;EconomicOperands
MINORITY;24;EconomicOperands
NATIONAL;124;EconomicOperands
NOTIFIED;8;EconomicOperands
OBTAINED;40;EconomicOperands
OFFICERS;22;EconomicOperands
OFFICIAL;15;EconomicOperands
OPERATES;14;EconomicOperands
OVERSEEN;0;EconomicOperands
PATTERNS;2;EconomicOperands
PHASE-IN;0;EconomicOperands
POLICIES;81;EconomicOperands
POSITION;96;EconomicOperands
PRACTICE;61;EconomicOperands
PRESENTS;8;EconomicOperands
PROBLEMS;11;EconomicOperands
PROCEEDS;20;EconomicOperands
PRODUCTS;52;EconomicOperands
PROGRAMS;61;EconomicOperands
PROJECTS;3;EconomicOperands
PROPERTY;232;EconomicOperands
PROPOSED;109;EconomicOperands
PROSPECT;3;EconomicOperands
PROVIDES;81;EconomicOperands
PUBLICLY;29;EconomicOperands
PUNISHED;4;EconomicOperands
PURPOSES;405;EconomicOperands
RECEIPTS;14;EconomicOperands
RECEIVED;107;EconomicOperands
RECEIVER;283;EconomicOperands
RECEIVES;46;EconomicOperands
RECOURSE;0;EconomicOperands
REFERRAL;8;EconomicOperands
REGISTER;54;EconomicOperands
RELIANCE;10;EconomicOperands
REMEDIAL;0;EconomicOperands
REMEDIES;33;EconomicOperands
REPORTED;27;EconomicOperands
REQUESTS;28;EconomicOperands
RESEARCH;15;EconomicOperands
RESUBMIT;1;EconomicOperands
REVISION;4;EconomicOperands
RULES OF;76;EconomicOperands
SCHEDULE;18;EconomicOperands
SECURITY;218;EconomicOperands
SEPARATE;35;EconomicOperands
SERVICES;239;EconomicOperands
SEVERELY;0;EconomicOperands
SOFTWARE;10;EconomicOperands
STANDARD;60;EconomicOperands
SUBPOENA;23;EconomicOperands
TELEWORK;1;EconomicOperands
TRAINING;13;EconomicOperands
TRANSFER;204;EconomicOperands
TREASURY;25;EconomicOperands
VALIDATE;0;EconomicOperands
VIOLATED;14;EconomicOperands
DOES NOT;170;FunctionWords
SPECIFIC;56;FunctionWords
THEREFOR;5;FunctionWords
1 NOTICE;4;LegalReferences
SUBTITLE;10;LegalReferences
THIS ACT;330;LegalReferences
TITLE 11;13;LegalReferences
TITLE 31;20;LegalReferences
TITLE II;9;LegalReferences
WHENEVER;14;LogicalConnectors
AT LEAST;41;LogicalConnectors
EQUAL TO;39;LogicalConnectors
NOT ONLY;0;LogicalConnectors
PROVIDED;428;LogicalConnectors
DEDUCTED;4;MathematicalOperators
INCREASE;42;MathematicalOperators
MAXIMIZE;6;MathematicalOperators
MINIMIZE;25;MathematicalOperators
BASED ON;81;Other
DESCRIBE;16;Other
MEANINGS;18;Other
STATUTES;6;Other
STRIKING;994;Other
TAILORED;1;Other
ALLOWING;7;RegulatoryOperators
APPROVAL;69;RegulatoryOperators
ENSURING;11;RegulatoryOperators
EVALUATE;22;RegulatoryOperators
LIMITING;31;RegulatoryOperators
MITIGATE;26;RegulatoryOperators
PROHIBIT;23;RegulatoryOperators
REQUIRED;506;RegulatoryOperators
REQUIRES;23;RegulatoryOperators
RESTRICT;13;RegulatoryOperators
10 DAYS;6;Attributes
14 DAYS;1;Attributes
15 DAYS;5;Attributes
180-DAY;8;Attributes
2 YEARS;22;Attributes
30 DAYS;46;Attributes
5 YEARS;28;Attributes
6 YEARS;3;Attributes
60 DAYS;31;Attributes
90 DAYS;46;Attributes
ALREADY;8;Attributes
SHORTER;6;Attributes
ABILITY;84;EconomicOperands
ABSENCE;9;EconomicOperands
ACCOUNT;187;EconomicOperands
ACQUIRE;21;EconomicOperands
ACTIONS;121;EconomicOperands
ADDRESS;43;EconomicOperands
ADVANCE;33;EconomicOperands
ADVERSE;6;EconomicOperands
AMOUNTS;122;EconomicOperands
APPLIED;35;EconomicOperands
APPOINT;19;EconomicOperands
ARISING;62;EconomicOperands
BACK-UP;3;EconomicOperands
BANKERS;3;EconomicOperands
BANKING;41;EconomicOperands
BELIEVE;24;EconomicOperands
BENEFIT;52;EconomicOperands
BINDING;4;EconomicOperands
CAPITAL;81;EconomicOperands
CATALOG;0;EconomicOperands
CHANGED;3;EconomicOperands
CHANGES;38;EconomicOperands
CLASSES;18;EconomicOperands
COLLECT;16;EconomicOperands
COMMENT;26;EconomicOperands
COMPANY;158;EconomicOperands
COMPLEX;16;EconomicOperands
CONDUCT;191;EconomicOperands
CONSENT;44;EconomicOperands
CONSULT;64;EconomicOperands
CONTAIN;36;EconomicOperands
CONTEST;0;EconomicOperands
CONTROL;79;EconomicOperands
COUNCIL;165;EconomicOperands
COUNSEL;26;EconomicOperands
COUNTRY;25;EconomicOperands
COVERED;42;EconomicOperands
CREATED;10;EconomicOperands
CURTAIL;0;EconomicOperands
DECLINE;4;EconomicOperands
DEFINED;326;EconomicOperands
DERIVED;14;EconomicOperands
DEVELOP;24;EconomicOperands
DISCUSS;1;EconomicOperands
DISMISS;2;EconomicOperands
DISPUTE;12;EconomicOperands
DISRUPT;1;EconomicOperands
ECONOMY;9;EconomicOperands
EFFECTS;19;EconomicOperands
EFFORTS;32;EconomicOperands
ENGAGED;88;EconomicOperands
ENHANCE;14;EconomicOperands
EVASION;18;EconomicOperands
EXAMINE;26;EconomicOperands
EXCLUDE;13;EconomicOperands
EXPLAIN;1;EconomicOperands
FACTORS;42;EconomicOperands
FAILURE;38;EconomicOperands
FEDERAL;523;EconomicOperands
FINANCE;82;EconomicOperands
FOREIGN;150;EconomicOperands
FORMATS;8;EconomicOperands
FUNDING;48;EconomicOperands
FUTURES;59;EconomicOperands
HEARING;71;EconomicOperands
HOUSING;112;EconomicOperands
IMPOSED;71;EconomicOperands
IMPROVE;27;EconomicOperands
INCLUDE;240;EconomicOperands
INITIAL;45;EconomicOperands
INSURED;77;EconomicOperands
INTERIM;23;EconomicOperands
INVITED;0;EconomicOperands
ISSUING;23;EconomicOperands
LENDING;58;EconomicOperands
LETTERS;0;EconomicOperands
LOCATED;46;EconomicOperands
MANAGED;11;EconomicOperands
MARKETS;70;EconomicOperands
MEASURE;15;EconomicOperands
MEETING;22;EconomicOperands
MEMBERS;105;EconomicOperands
MISSION;7;EconomicOperands
MONITOR;31;EconomicOperands
NONBANK;10;EconomicOperands
NOTICES;6;EconomicOperands
OFFICER;131;EconomicOperands
OFFICES;8;EconomicOperands
ONGOING;16;EconomicOperands
OPTIONS;34;EconomicOperands
ORDERLY;64;EconomicOperands
OUTCOME;3;EconomicOperands
PARTIES;27;EconomicOperands
PARTNER;10;EconomicOperands
PAYMENT;188;EconomicOperands
PERFORM;56;EconomicOperands
PERIODS;22;EconomicOperands
PERSONS;194;EconomicOperands
PLEDGED;8;EconomicOperands
PORTION;28;EconomicOperands
PREPARE;28;EconomicOperands
PRIMARY;33;EconomicOperands
PRIVATE;50;EconomicOperands
PROCESS;82;EconomicOperands
PRODUCT;67;EconomicOperands
PROFILE;0;EconomicOperands
PROMOTE;36;EconomicOperands
PROTECT;44;EconomicOperands
PROVIDE;318;EconomicOperands
PUBLISH;27;EconomicOperands
PURPOSE;69;EconomicOperands
QUALIFY;8;EconomicOperands
REASONS;12;EconomicOperands
RECEIPT;61;EconomicOperands
RECEIVE;62;EconomicOperands
RECORDS;131;EconomicOperands
REPORTS;206;EconomicOperands
REQUEST;155;EconomicOperands
RESCIND;7;EconomicOperands
RESOLVE;20;EconomicOperands
RESPOND;8;EconomicOperands
RESULTS;52;EconomicOperands
RETAINS;7;EconomicOperands
ROLE OF;11;EconomicOperands
SERVICE;104;EconomicOperands
SERVING;25;EconomicOperands
SETTING;23;EconomicOperands
SHARING;18;EconomicOperands
SOURCES;21;EconomicOperands
SPECIAL;47;EconomicOperands
SPONSOR;12;EconomicOperands
STARTUP;1;EconomicOperands
STATING;5;EconomicOperands
STUDIES;10;EconomicOperands
SUBJECT;37;EconomicOperands
SUCCEED;12;EconomicOperands
SUMMARY;9;EconomicOperands
SUPPORT;51;EconomicOperands
SURPLUS;6;EconomicOperands
SYSTEMS;60;EconomicOperands
TESTIFY;1;EconomicOperands
THREATS;0;EconomicOperands
TRADING;116;EconomicOperands
TREATED;39;EconomicOperands
UNSOUND;6;EconomicOperands
VACANCY;1;EconomicOperands
VOLUMES;1;EconomicOperands
WORKING;14;EconomicOperands
WRITING;64;EconomicOperands
WRITTEN;109;EconomicOperands
AGAINST;156;FunctionWords
ANOTHER;62;FunctionWords
BETWEEN;109;FunctionWords
CERTAIN;96;FunctionWords
CURRENT;44;FunctionWords
FOLLOWS;48;FunctionWords
GENERAL;134;FunctionWords
MATTERS;33;FunctionWords
OUTSIDE;23;FunctionWords
PENDING;18;FunctionWords
PRESENT;33;FunctionWords
RELATED;125;FunctionWords
SAVINGS;39;FunctionWords
THEREOF;94;FunctionWords
THERETO;45;FunctionWords
THROUGH;232;FunctionWords
WITHOUT;100;FunctionWords
SECTION;40;LegalReferences
TITLE 5;83;LegalReferences
TITLE I;13;LegalReferences
TITLE X;5;LegalReferences
JOINTLY;95;LogicalConnectors
NOTHING;92;LogicalConnectors
EXCEEDS;16;LogicalConnectors
GRANTED;41;LogicalConnectors
GREATER;15;LogicalConnectors
IN CASE;3;LogicalConnectors
OVERALL;9;LogicalConnectors
SIMILAR;106;LogicalConnectors
SUCH AS;28;LogicalConnectors
THAT IS;512;LogicalConnectors
WHETHER;269;LogicalConnectors
AVERAGE;9;MathematicalOperators
MAXIMUM;40;MathematicalOperators
MINIMUM;74;MathematicalOperators
SMALLER;7;MathematicalOperators
ADOPTED;36;Other
CHAPTER;18;Other
CONTENT;20;Other
CONTEXT;7;Other
MEANING;71;Other
THEREIN;27;Other
LIMITED;28;RegulatoryOperators
AMENDED;642;RegulatoryOperators
CONFORM;16;RegulatoryOperators
ENFORCE;124;RegulatoryOperators
PREVENT;64;RegulatoryOperators
REQUIRE;186;RegulatoryOperators
2-YEAR;15;Attributes
3-YEAR;7;Attributes
60-DAY;11;Attributes
HIGHLY;3;Attributes
LIKELY;27;Attributes
ROBUST;8;Attributes
TIMELY;50;Attributes
ABROAD;2;EconomicOperands
ABSORB;0;EconomicOperands
ACCESS;92;EconomicOperands
ACTING;53;EconomicOperands
ACTION;365;EconomicOperands
ADJUST;13;EconomicOperands
ADVICE;71;EconomicOperands
ADVISE;10;EconomicOperands
AFFECT;76;EconomicOperands
AGENCY;432;EconomicOperands
AGENTS;16;EconomicOperands
AMOUNT;336;EconomicOperands
ANNUAL;116;EconomicOperands
APPEAL;42;EconomicOperands
APPEAR;14;EconomicOperands
ASSESS;18;EconomicOperands
ASSETS;191;EconomicOperands
ASSIST;22;EconomicOperands
BACKUP;17;EconomicOperands
BECOME;43;EconomicOperands
BELIEF;3;EconomicOperands
BRANCH;32;EconomicOperands
BROKER;123;EconomicOperands
BUDGET;38;EconomicOperands
BURDEN;9;EconomicOperands
BUREAU;786;EconomicOperands
CEASES;3;EconomicOperands
CHANGE;98;EconomicOperands
COPIES;13;EconomicOperands
COURSE;14;EconomicOperands
COURTS;23;EconomicOperands
CREATE;13;EconomicOperands
CREDIT;254;EconomicOperands
DEALER;148;EconomicOperands
DEFINE;27;EconomicOperands
DEGREE;11;EconomicOperands
DENIES;2;EconomicOperands
DETAIL;7;EconomicOperands
DIRECT;45;EconomicOperands
DIVEST;5;EconomicOperands
DUTIES;104;EconomicOperands
EFFECT;146;EconomicOperands
ENGAGE;42;EconomicOperands
ENTITY;197;EconomicOperands
EQUITY;53;EconomicOperands
ETHICS;13;EconomicOperands
EXISTS;12;EconomicOperands
EXPERT;0;EconomicOperands
EXTEND;35;EconomicOperands
EXTENT;82;EconomicOperands
FACTOR;9;EconomicOperands
FAILED;12;EconomicOperands
FILLED;0;EconomicOperands
FISCAL;97;EconomicOperands
FOLLOW;12;EconomicOperands
FORCED;1;EconomicOperands
FORMAT;17;EconomicOperands
FOSTER;1;EconomicOperands
FUTURE;74;EconomicOperands
GLOBAL;6;EconomicOperands
GROUPS;2;EconomicOperands
GROWTH;5;EconomicOperands
HARBOR;5;EconomicOperands
HEADED;2;EconomicOperands
HIRING;7;EconomicOperands
HYBRID;10;EconomicOperands
IMPACT;54;EconomicOperands
INFORM;10;EconomicOperands
INTENT;15;EconomicOperands
INVEST;6;EconomicOperands
ISSUED;170;EconomicOperands
ISSUES;57;EconomicOperands
LEVELS;19;EconomicOperands
LOSSES;41;EconomicOperands
MARKET;217;EconomicOperands
MEMBER;140;EconomicOperands
MERGER;14;EconomicOperands
MODELS;18;EconomicOperands
MODIFY;22;EconomicOperands
NATURE;51;EconomicOperands
NOTICE;248;EconomicOperands
NOTIFY;38;EconomicOperands
NUMBER;89;EconomicOperands
OBTAIN;53;EconomicOperands
OFFICE;254;EconomicOperands
ORDERS;96;EconomicOperands
PARENT;13;EconomicOperands
PERIOD;297;EconomicOperands
PERSON;904;EconomicOperands
POLICY;54;EconomicOperands
POWERS;79;EconomicOperands
PRICES;5;EconomicOperands
PUBLIC;308;EconomicOperands
REDUCE;29;EconomicOperands
REGARD;31;EconomicOperands
RELATE;18;EconomicOperands
RELIED;2;EconomicOperands
REMAIN;39;EconomicOperands
REPORT;511;EconomicOperands
RESULT;45;EconomicOperands
RETAIN;23;EconomicOperands
REVIEW;188;EconomicOperands
REVISE;12;EconomicOperands
RIGHTS;113;EconomicOperands
SAFETY;54;EconomicOperands
SECTOR;18;EconomicOperands
SECURE;40;EconomicOperands
SELLER;31;EconomicOperands
SENATE;140;EconomicOperands
SENIOR;43;EconomicOperands
SERIES;2;EconomicOperands
SHARED;4;EconomicOperands
SHARES;12;EconomicOperands
SHIELD;0;EconomicOperands
SOURCE;26;EconomicOperands
STAGES;0;EconomicOperands
STATUS;66;EconomicOperands
STRESS;2;EconomicOperands
SUBMIT;157;EconomicOperands
SYSTEM;168;EconomicOperands
TAKING;49;EconomicOperands
TARGET;4;EconomicOperands
THREAT;13;EconomicOperands
TIER 1;1;EconomicOperands
TIMING;17;EconomicOperands
TRADED;40;EconomicOperands
UNABLE;9;EconomicOperands
UNSAFE;3;EconomicOperands
UPDATE;10;EconomicOperands
USEFUL;4;EconomicOperands
VALUES;10;EconomicOperands
VOTING;10;EconomicOperands
COMMON;10;FunctionWords
DURING;144;FunctionWords
GIVING;9;FunctionWords
HAVING;51;FunctionWords
ITSELF;15;FunctionWords
MAKING;92;FunctionWords
TOWARD;2;FunctionWords
BEFORE;324;LogicalConnectors
DEDUCT;0;LogicalConnectors
EXCEPT;156;LogicalConnectors
HIGHER;17;LogicalConnectors
LONGER;10;LogicalConnectors
RATHER;0;LogicalConnectors
RATIOS;1;LogicalConnectors
SOLELY;64;LogicalConnectors
UNLESS;178;LogicalConnectors
WITHIN;198;LogicalConnectors
EXCEED;69;MathematicalOperators
LESSEN;0;MathematicalOperators
ADDING;262;MathematicalOperators
FILING;60;Other
MANNER;170;Other
MATTER;62;Other
LIMITS;60;RegulatoryOperators
SHOULD;58;RegulatoryOperators
CANNOT;10;RegulatoryOperators
COMPLY;69;RegulatoryOperators
DEEMED;96;RegulatoryOperators
ENSURE;123;RegulatoryOperators
EXEMPT;77;RegulatoryOperators
IMPOSE;58;RegulatoryOperators
PERMIT;43;RegulatoryOperators
WAIVER;29;RegulatoryOperators
DAILY;13;Attributes
GRAVE;0;Attributes
THIRD;42;Attributes
UNDUE;4;Attributes
ADAPT;0;EconomicOperands
ADOPT;78;EconomicOperands
AGENT;66;EconomicOperands
AREAS;35;EconomicOperands
ARISE;12;EconomicOperands
ASSET;50;EconomicOperands
AUDIT;55;EconomicOperands
AVOID;22;EconomicOperands
BANKS;57;EconomicOperands
BASIC;13;EconomicOperands
BEGIN;8;EconomicOperands
BOARD;500;EconomicOperands
BONDS;2;EconomicOperands
BOOKS;30;EconomicOperands
BRING;19;EconomicOperands
CARRY;0;EconomicOperands
CEASE;3;EconomicOperands
CLASS;104;EconomicOperands
COSTS;62;EconomicOperands
COURT;195;EconomicOperands
COVER;16;EconomicOperands
CROSS;0;EconomicOperands
EARLY;0;EconomicOperands
EVADE;7;EconomicOperands
EVENT;31;EconomicOperands
FAILS;14;EconomicOperands
FINAL;117;EconomicOperands
FINDS;41;EconomicOperands
FIRMS;18;EconomicOperands
FLOOR;5;EconomicOperands
FORMS;10;EconomicOperands
FORUM;1;EconomicOperands
FUNDS;172;EconomicOperands
GOODS;26;EconomicOperands
GRANT;47;EconomicOperands
HOLDS;19;EconomicOperands
ISSUE;148;EconomicOperands
ITEMS;26;EconomicOperands
JOINT;31;EconomicOperands
LARGE;16;EconomicOperands
LEASE;34;EconomicOperands
LEGAL;83;EconomicOperands
LEVEL;34;EconomicOperands
LINES;13;EconomicOperands
LOANS;110;EconomicOperands
LOCAL;37;EconomicOperands
LOWER;5;EconomicOperands
MEANS;397;EconomicOperands
MEETS;43;EconomicOperands
MERGE;3;EconomicOperands
MINES;4;EconomicOperands
NAMES;5;EconomicOperands
NEEDS;20;EconomicOperands
OFFER;35;EconomicOperands
ORDER;246;EconomicOperands
OWNED;32;EconomicOperands
PARTY;108;EconomicOperands
PLACE;194;EconomicOperands
PLANS;34;EconomicOperands
POOLS;1;EconomicOperands
POSED;8;EconomicOperands
POSES;5;EconomicOperands
PRIOR;80;EconomicOperands
RAPID;1;EconomicOperands
RATES;31;EconomicOperands
RIGHT;78;EconomicOperands
RISKS;80;EconomicOperands
ROLES;0;EconomicOperands
RULES;507;EconomicOperands
SALES;28;EconomicOperands
SCALE;0;EconomicOperands
SCOPE;42;EconomicOperands
SERVE;52;EconomicOperands
SHARE;27;EconomicOperands
SHARP;0;EconomicOperands
SKILL;3;EconomicOperands
SMALL;18;EconomicOperands
SOUND;14;EconomicOperands
SPEND;0;EconomicOperands
STAFF;28;EconomicOperands
STATE;589;EconomicOperands
STEPS;27;EconomicOperands
STOCK;36;EconomicOperands
STUDY;241;EconomicOperands
SWAPS;213;EconomicOperands
TESTS;9;EconomicOperands
TIMES;27;EconomicOperands
TOOLS;3;EconomicOperands
TRUST;56;EconomicOperands
TYPES;40;EconomicOperands
UNITS;11;EconomicOperands
VALUE;115;EconomicOperands
VIEWS;12;EconomicOperands
YEARS;43;EconomicOperands
ABOUT;71;FunctionWords
ABOVE;7;FunctionWords
ALONG;4;FunctionWords
AMONG;44;FunctionWords
BEING;45;FunctionWords
COULD;33;FunctionWords
EVERY;28;FunctionWords
FORTH;7;FunctionWords
GIVEN;23;FunctionWords
LATER;21;FunctionWords
MAJOR;21;FunctionWords
MAKES;40;FunctionWords
TAKES;23;FunctionWords
THEIR;100;FunctionWords
THERE;88;FunctionWords
THOSE;67;FunctionWords
UNDER;2615;FunctionWords
WHICH;936;FunctionWords
WHOLE;21;FunctionWords
WHOSE;31;FunctionWords
WOULD;175;FunctionWords
1833B;0;LegalReferences
TITLE;23;LegalReferences
OTHER;1448;LogicalConnectors
UNTIL;48;LogicalConnectors
WHERE;64;LogicalConnectors
AFTER;857;LogicalConnectors
RATIO;7;LogicalConnectors
TOTAL;97;MathematicalOperators
APPLY;206;Other
BASIS;103;Other
CITED;14;Other
FOUND;23;Other
KNOWN;31;Other
TAKEN;74;Other
TERMS;243;Other
LIMIT;83;RegulatoryOperators
ALLOW;25;RegulatoryOperators
DEEMS;31;RegulatoryOperators
SHALL;3322;RegulatoryOperators
WAIVE;11;RegulatoryOperators
AREA;26;EconomicOperands
BANK;174;EconomicOperands
BEAR;8;EconomicOperands
BEST;16;EconomicOperands
BODY;19;EconomicOperands
CALL;15;EconomicOperands
COST;52;EconomicOperands
DATA;224;EconomicOperands
DATE;650;EconomicOperands
DEBT;85;EconomicOperands
DEEP;0;EconomicOperands
DUAL;6;EconomicOperands
FEES;108;EconomicOperands
FORM;120;EconomicOperands
FREE;9;EconomicOperands
FULL;29;EconomicOperands
FUND;244;EconomicOperands
GAPS;6;EconomicOperands
HARM;12;EconomicOperands
HEAD;16;EconomicOperands
HELD;82;EconomicOperands
HOME;81;EconomicOperands
KEEP;7;EconomicOperands
KEPT;7;EconomicOperands
LAST;10;EconomicOperands
LAWS;87;EconomicOperands
LEAD;5;EconomicOperands
LIST;27;EconomicOperands
LOAN;289;EconomicOperands
LOSS;53;EconomicOperands
MEET;65;EconomicOperands
NEED;22;EconomicOperands
OATH;7;EconomicOperands
OBEY;11;EconomicOperands
ORAL;16;EconomicOperands
OWNS;7;EconomicOperands
PAID;66;EconomicOperands
PLAN;130;EconomicOperands
POSE;15;EconomicOperands
RATE;100;EconomicOperands
RELY;8;EconomicOperands
RISK;104;EconomicOperands
RULE;423;EconomicOperands
SAFE;24;EconomicOperands
SALE;183;EconomicOperands
SEEK;20;EconomicOperands
SELL;22;EconomicOperands
SIZE;36;EconomicOperands
SOLD;18;EconomicOperands
TEST;4;EconomicOperands
TIME;236;EconomicOperands
TYPE;70;EconomicOperands
UPON;217;EconomicOperands
USED;147;EconomicOperands
VOTE;47;EconomicOperands
WAYS;11;EconomicOperands
WIDE;2;EconomicOperands
WORK;29;EconomicOperands
YEAR;218;EconomicOperands
BEEN;187;FunctionWords
FROM;674;FunctionWords
GIVE;18;FunctionWords
HAVE;423;FunctionWords
INTO;241;FunctionWords
MADE;363;FunctionWords
MAKE;196;FunctionWords
PART;73;FunctionWords
SAME;198;FunctionWords
SOME;8;FunctionWords
SUCH;2692;FunctionWords
TAKE;113;FunctionWords
THAN;243;FunctionWords
THAT;2499;FunctionWords
THEM;6;FunctionWords
THEY;18;FunctionWords
THIS;145;FunctionWords
WERE;81;FunctionWords
WHAT;22;FunctionWords
WHOM;44;FunctionWords
WILL;130;FunctionWords
WITH;1181;FunctionWords
ACTS;53;LegalReferences
FACA;1;LegalReferences
VIII;25;LegalReferences
BOTH;53;LogicalConnectors
EACH;670;LogicalConnectors
WHEN;80;LogicalConnectors
ALSO;45;LogicalConnectors
LIKE;13;LogicalConnectors
MORE;141;LogicalConnectors
NEXT;4;LogicalConnectors
ONLY;103;LogicalConnectors
SOLE;33;LogicalConnectors
THEN;32;LogicalConnectors
LESS;20;MathematicalOperators
OVER;66;MathematicalOperators
ITEM;19;Other
MEAN;9;Other
RISE;10;Other
SETS;12;Other
TERM;730;Other
DEEM;9;RegulatoryOperators
2/3;15;Attributes
FIX;7;EconomicOperands
JOB;3;EconomicOperands
KEY;1;EconomicOperands
LAW;441;EconomicOperands
MIX;1;EconomicOperands
NEW;156;EconomicOperands
OUT;65;EconomicOperands
PAY;110;EconomicOperands
SEC;472;EconomicOperands
USE;216;EconomicOperands
ARE;702;FunctionWords
FOR;2926;FunctionWords
HAD;32;FunctionWords
HAS;457;FunctionWords
ITS;318;FunctionWords
MAY;1324;FunctionWords
ONE;55;FunctionWords
OUR;1;FunctionWords
OWN;36;FunctionWords
THE;23903;FunctionWords
WAS;175;FunctionWords
WHO;284;FunctionWords
101;6;LegalReferences
102;4;LegalReferences
113;1;LegalReferences
115;0;LegalReferences
119;0;LegalReferences
120;9;LegalReferences
152;0;LegalReferences
153;0;LegalReferences
154;0;LegalReferences
165;0;LegalReferences
167;0;LegalReferences
ACT;168;LegalReferences
III;451;LegalReferences
VII;43;LegalReferences
ALL;452;LogicalConnectors
ANY;3835;LogicalConnectors
AND;8724;LogicalConnectors
BUT;101;LogicalConnectors
NON;50;LogicalConnectors
NOR;15;LogicalConnectors
NOT;1058;LogicalConnectors
WHY;12;LogicalConnectors
END;448;Other
12;71;Attributes
15;70;Attributes
23;14;Attributes
62;11;Attributes
EC;128;EconomicOperands
IT;167;EconomicOperands
US;120;EconomicOperands
VI;63;EconomicOperands
AN;1590;FunctionWords
AT;725;FunctionWords
BE;2035;FunctionWords
BY;4731;FunctionWords
DO;37;FunctionWords
IN;5580;FunctionWords
IS;1952;FunctionWords
OF;13722;FunctionWords
ON;1619;FunctionWords
TO;6182;FunctionWords
11;67;LegalReferences
16;21;LegalReferences
17;18;LegalReferences
B2;7;LegalReferences
F1;4;LegalReferences
II;1080;LegalReferences
IV;223;LegalReferences
IX;21;LegalReferences
NO;304;LogicalConnectors
AS;2510;LogicalConnectors
IF;541;LogicalConnectors
OR;8480;LogicalConnectors
1;1224;Attributes
2;1035;Attributes
3;611;Attributes
4;399;Attributes
5;296;Attributes
6;222;Attributes
7;268;Attributes
8;160;Attributes
9;210;Attributes
A;7745;FunctionWords
I;1214;FunctionWords
B;1614;LegalReferences
C;1067;LegalReferences
D;718;LegalReferences
E;677;LegalReferences
F;248;LegalReferences
H;172;LegalReferences
J;50;LegalReferences
K;42;LegalReferences
L;90;LegalReferences
M;78;LegalReferences
N;103;LegalReferences
R;167;LegalReferences
T;134;LegalReferences
V;151;LegalReferences
X;54;LegalReferences
Y;30;LegalReferences
