SECTIONS 422B6 423B7 424C4 442B6 AND 443B6 OF THE CRANSTON-GONZALEZ NATIONAL AFFORDABLE HOUSING ACT 42 USC 12872B6 12873B7 12874C4 12892B6 AND 12893B6;0;LegalReferences
SECTIONS 2023 AND 810B2A OF THE NATIVE AMERICAN HOUSING AND SELF-DETERMINATION ACT OF 1996 25 USC 41323 4229B2A;0;LegalReferences
SECTION 220D2G OF THE LOW-INCOME HOUSING PRESERVATION AND RESIDENT HOMEOWNERSHIP ACT OF 1990 12 USC 4110D2G;0;LegalReferences
TITLE XII OF DIVISION A OF THE AMERICAN RECOVERY AND REINVESTMENT ACT OF 2009 PUBLIC LAW 111-5 123 STAT 217;0;LegalReferences
TITLE XII OF DIVISION A OF THE AMERICAN RECOVERY AND REINVESTMENT ACT OF 2009 PUBLIC LAW 1115 123 STAT 217;0;LegalReferences
SECTION 1124 OF THE FINANCIAL INSTITUTIONS REFORM RECOVERY AND ENFORCEMENT ACT OF 1989 12 USC 3331 ET SEQ;0;LegalReferences
SECTION 1113 OF THE FINANCIAL INSTITUTIONS AND REFORM RECOVERY AND ENFORCEMENT ACT OF 1989 12 USC 3342;0;LegalReferences
SECTION 1119A2 OF THE FINANCIAL INSTITUTIONS REFORM RECOVERY AND ENFORCEMENT ACT OF 1989 12 USC 3348A2;0;LegalReferences
SECTION 112111 OF THE FINANCIAL INSTITUTIONS REFORM RECOVERY AND ENFORCEMENT ACT OF 1989 12 USC 335011;0;LegalReferences
SECTIONS 233B2 AND 258B OF THE CRANSTON-GONZALEZ NATIONAL AFFORDABLE HOUSING ACT 42 USC 12773B2 12808B;0;LegalReferences
TITLE XI OF THE FINANCIAL INSTITUTIONS REFORM RECOVERY AND ENFORCEMENT ACT OF 1989 12 USC 3331 ET SEQ;0;LegalReferences
SECTION 1103A OF THE FINANCIAL INSTITUTIONS REFORM RECOVERY AND ENFORCEMENT ACT OF 1989 12 USC 3332A;0;LegalReferences
SECTION 1104B OF THE FINANCIAL INSTITUTIONS REFORM RECOVERY AND ENFORCEMENT ACT OF 1989 12 USC 3333B;0;LegalReferences
SECTION 1109A OF THE FINANCIAL INSTITUTIONS REFORM RECOVERY AND ENFORCEMENT ACT OF 1989 12 USC 3338A;0;LegalReferences
SECTION 1109B OF THE FINANCIAL INSTITUTIONS REFORM RECOVERY AND ENFORCEMENT ACT OF 1989 12 USC 3338B;0;LegalReferences
SECTION 1112B OF THE FINANCIAL INSTITUTIONS REFORM RECOVERY AND ENFORCEMENT ACT OF 1989 12 USC 3341B;0;LegalReferences
SECTION 11216 OF THE FINANCIAL INSTITUTIONS REFORM RECOVERY AND ENFORCEMENT ACT OF 1989 12 USC 33506;0;LegalReferences
SECTION 11218 OF THE FINANCIAL INSTITUTIONS REFORM RECOVERY AND ENFORCEMENT ACT OF 1989 12 USC 33508;0;LegalReferences
SECTION 1122D OF THE FINANCIAL INSTITUTIONS REFORM RECOVERY AND ENFORCEMENT ACT OF 1989 12 USC 3351D;0;LegalReferences
SECTION 1122 OF THE FINANCIAL INSTITUTIONS REFORM RECOVERY AND ENFORCEMENT ACT OF 1989 12 USC 3351B;0;LegalReferences
SECTION 1106 OF THE FINANCIAL INSTITUTIONS REFORM RECOVERY AND ENFORCEMENT ACT OF 1989 12 USC 3335;0;LegalReferences
SECTION 1110 OF THE FINANCIAL INSTITUTIONS REFORM RECOVERY AND ENFORCEMENT ACT OF 1989 12 USC 3339;0;LegalReferences
SECTION 1116 OF THE FINANCIAL INSTITUTIONS REFORM RECOVERY AND ENFORCEMENT ACT OF 1989 12 USC 3345;0;LegalReferences
SECTION 1117 OF THE FINANCIAL INSTITUTIONS REFORM RECOVERY AND ENFORCEMENT ACT OF 1989 12 USC 3346;0;LegalReferences
SECTION 1118 OF THE FINANCIAL INSTITUTIONS REFORM RECOVERY AND ENFORCEMENT ACT OF 1989 12 USC 3347;0;LegalReferences
SECTION 1121 OF THE FINANCIAL INSTITUTIONS REFORM RECOVERY AND ENFORCEMENT ACT OF 1989 12 USC 3350;0;LegalReferences
SECTION 1122 OF THE FINANCIAL INSTITUTIONS REFORM RECOVERY AND ENFORCEMENT ACT OF 1989 12 USC 3351;0;LegalReferences
SECTION 302A4 OF THE AMERICAN HOMEOWNERSHIP AND ECONOMIC OPPORTUNITY ACT OF 2000 42 USC 1437F NOTE;0;LegalReferences
SECTION 233B2 OF THE CRANSTON-GONZALEZ NATIONAL AFFORDABLE HOUSING ACT 42 USC 12773B2;0;LegalReferences
SECTION 422B6 OF THE CRANSTON-GONZALEZ NATIONAL AFFORDABLE HOUSING ACT 42 USC 12872B6;0;LegalReferences
SECTION 1045 OF THE CRANSTON-GONZALEZ NATIONAL AFFORDABLE HOUSING ACT 42 USC 127045;0;LegalReferences
SECTION 106C5AII OF THE HOUSING AND URBAN DEVELOPMENT ACT OF 1968 12 USC 1701XC5AII;0;LegalReferences
SECTION 2301F3AII OF THE HOUSING AND ECONOMIC RECOVERY ACT OF 2008 42 USC 5301F3AII;0;LegalReferences
SECTION 105A20 OF THE HOUSING AND COMMUNITY DEVELOPMENT ACT OF 1974 42 USC 5305A20;0;LegalReferences
SECTION 491B1FIII OF THE MCKINNEY-VENTO HOMELESS ASSISTANCE ACT 42 USC 11408B1FIII;0;LegalReferences
SECTION 101E OF THE HOUSING AND URBAN DEVELOPMENT ACT OF 1968 12 USC 1701X 1701WE;0;LegalReferences
SECTION 106A4F OF THE HOUSING AND URBAN DEVELOPMENT ACT OF 1968 12 USC 1701XA4F;0;LegalReferences
SECTION 2301B OF THE HOUSING AND ECONOMIC RECOVERY ACT OF 2008 42 USC 5301 NOTE;0;LegalReferences
THE FEDERAL FINANCIAL INSTITUTIONS EXAMINATION COUNCIL ACT OF 1978 12 USC 3310;0;LegalReferences
PARAGRAPH 1 OF SECTION 2301C OF THE HOUSING AND ECONOMIC RECOVERY ACT OF 2008;0;LegalReferences
SECTION 106A4 OF THE HOUSING AND URBAN DEVELOPMENT ACT OF 1968 12 USC 1701XA4;0;LegalReferences
SECTION 106G1 OF THE HOUSING AND URBAN DEVELOPMENT ACT OF 1968 12 USC 1701XH1;0;LegalReferences
SECTION 4 OF THE DEPARTMENT OF HOUSING AND URBAN DEVELOPMENT ACT 42 USC 3533;0;LegalReferences
SECTION 106A OF THE HOUSING AND URBAN DEVELOPMENT ACT OF 1968 12 USC 1701XA;0;LegalReferences
SECTION 106E OF THE HOUSING AND URBAN DEVELOPMENT ACT OF 1968 12 USC 1701XE;0;LegalReferences
SUBSECTION E OF SECTION 701 OF THE EQUAL CREDIT OPPORTUNITY ACT 15 USC 1691;0;LegalReferences
SECTION 5 OF THE REAL ESTATE SETTLEMENT PROCEDURES ACT OF 1974 12 USC 2604;0;LegalReferences
SECTION 508 OF THE HOUSING AND URBAN DEVELOPMENT ACT OF 1970 12 USC 1701Z7;0;LegalReferences
SECTION 106 OF THE HOUSING AND URBAN DEVELOPMENT ACT OF 1968 12 USC 1701X;0;LegalReferences
SECTION 2301 OF THE HOUSING AND ECONOMIC RECOVERY ACT OF 2008 42 USC 5301;0;LegalReferences
THE EMERGENCY ECONOMIC STABILIZATION ACT OF 2008 12 USC 5201 ET SEQ;0;LegalReferences
FINANCIAL INSTITUTIONS REFORM RECOVERY AND ENFORCEMENT ACT OF 1989;7;LegalReferences
SECTION 8 OF THE UNITED STATES HOUSING ACT OF 1937 42 USC 1437F;0;LegalReferences
THE REAL ESTATE SETTLEMENT PROCEDURES ACT OF 1974 12 USC 2605I2;0;LegalReferences
EMERGENCY ECONOMIC STABILIZATION ACT OF 2008 PUBLIC LAW 110343;0;LegalReferences
SECTION 106 OF THE ENERGY POLICY ACT OF 1992 42 USC 12712 NOTE;0;LegalReferences
THE REAL ESTATE SETTLEMENT PROCEDURES ACT OF 1974 12 USC 2605E;0;LegalReferences
THE REAL ESTATE SETTLEMENT PROCEDURES ACT OF 1974 12 USC 2605F;0;LegalReferences
THE REAL ESTATE SETTLEMENT PROCEDURES ACT OF 1974 12 USC 2605G;0;LegalReferences
THE REAL ESTATE SETTLEMENT PROCEDURES ACT OF 1974 12 USC 2605;0;LegalReferences
THE FEDERAL HOME LOAN MORTGAGE CORPORATION ACT 12 USC 1454A2;0;LegalReferences
SECTIONS 21B AND 21C OF THE SECURITIES EXCHANGE ACT OF 1934;0;LegalReferences
DODD-FRANK WALL STREET REFORM AND CONSUMER PROTECTION ACT;26;LegalReferences
EXPAND AND PRESERVE HOME OWNERSHIP THROUGH COUNSELING ACT;0;LegalReferences
SECTION 103AA2 OF THE TRUTH IN LENDING ACT 15 USC 1602AA2;0;LegalReferences
SECTION 103AA4 OF THE TRUTH IN LENDING ACT 15 USC 1602AA4;0;LegalReferences
SECTION 203C2A OF THE NATIONAL HOUSING ACT 12 USC 1709C2A;0;LegalReferences
CHAPTER 2 OF THE TRUTH IN LENDING ACT 15 USC 1631 ET SEQ;0;LegalReferences
SECTION 502H4B OF THE HOUSING ACT OF 1949 42 USC 1472H4B;0;LegalReferences
SUBCHAPTER I OF CHAPTER 57 OF TITLE 5 UNITED STATES CODE;0;LegalReferences
HOUSING AND URBAN DEVELOPMENT ACT OF 1968 12 USC 1701XE;0;LegalReferences
SECTION 103AA OF THE TRUTH IN LENDING ACT 15 USC 1602AA;0;LegalReferences
SECTION 129C2 OF THE TRUTH IN LENDING ACT 15 USC 1639C2;0;LegalReferences
SECTION 108A OF THE TRUTH IN LENDING ACT 15 USC 1607A;0;LegalReferences
SECTION 128B OF THE TRUTH IN LENDING ACT 15 USC 1638B;0;LegalReferences
SECTION 129E OF THE TRUTH IN LENDING ACT 15 USC 1639E;0;LegalReferences
SECTION 130A OF THE TRUTH IN LENDING ACT 15 USC 1640A;0;LegalReferences
SECTION 130E OF THE TRUTH IN LENDING ACT 15 USC 1640E;0;LegalReferences
SUBSECTIONS D2B AND M1 OF SECTION 255 12 USC 1715Z20;0;LegalReferences
SECTION 103 OF THE TRUTH IN LENDING ACT 15 USC 1602;0;LegalReferences
SECTION 105 OF THE TRUTH IN LENDING ACT 15 USC 1604;0;LegalReferences
SECTION 128 OF THE TRUTH IN LENDING ACT 15 USC 1638;0;LegalReferences
SECTION 129 OF THE TRUTH IN LENDING ACT 15 USC 1639;0;LegalReferences
SECTION 130 OF THE TRUTH IN LENDING ACT 15 USC 1640;0;LegalReferences
NATIONWIDE MORTGAGE LICENSING SYSTEM AND REGISTRY;4;EconomicOperands
SECTION 128A OF TRUTH IN LENDING ACT 15 USC 1638A;0;LegalReferences
SUBSECTIONS A AND C3 OF SECTION 237 12 USC 1715Z2;0;LegalReferences
THE HELPING FAMILIES SAVE THEIR HOMES ACT OF 2009;0;LegalReferences
THE REAL ESTATE SETTLEMENT PROCEDURES ACT OF 1974;4;LegalReferences
SECTIONS 125 AND 129 OF THE TRUTH IN LENDING ACT;0;LegalReferences
COMMITTEE ON BANKING HOUSING AND URBAN AFFAIRS;94;EconomicOperands
MORTGAGE REFORM AND ANTI-PREDATORY LENDING ACT;0;LegalReferences
COMMUNITY DEVELOPMENT ACT OF 1974 42 USC 5302;0;LegalReferences
REAL ESTATE SETTLEMENT PROCEDURES ACT OF 1974;0;LegalReferences
SECTION 10153D OF TITLE 11 UNITED STATES CODE;0;LegalReferences
THE EMERGENCY HOUSING ACT OF 1975 12 USC 2706;0;LegalReferences
COMMITTEE ON FINANCIAL SERVICES OF THE HOUSE;82;EconomicOperands
COMMONWEALTH OF THE NORTHERN MARIANA ISLANDS;1;EconomicOperands
DEPARTMENT OF HOUSING AND URBAN DEVELOPMENT;28;EconomicOperands
THE NATIONAL HOUSING ACT 12 USC 1702 ET SEQ;0;LegalReferences
THE NATIONAL HOUSING ACT 12 USC 1707 ET SEQ;0;LegalReferences
NATIONAL CREDIT UNION ADMINISTRATION BOARD;15;EconomicOperands
SECRETARY OF HOUSING AND URBAN DEVELOPMENT;9;EconomicOperands
SECTION 129CB3 OF THE TRUTH IN LENDING ACT;0;LegalReferences
ECONOMIC RECOVERY ACT OF 2008 42 USC 5301;0;LegalReferences
THE FLOOD DISASTER PROTECTION ACT OF 1973;0;LegalReferences
COMPTROLLER GENERAL OF THE UNITED STATES;59;EconomicOperands
FEDERALLY INSURED DEPOSITORY INSTITUTION;5;EconomicOperands
SECTION 129B OF THE TRUTH IN LENDING ACT;0;LegalReferences
SECTION 129C OF THE TRUTH IN LENDING ACT;0;LegalReferences
SECTION 129D OF THE TRUTH IN LENDING ACT;0;LegalReferences
THE NATIONAL FLOOD INSURANCE ACT OF 1968;0;LegalReferences
BUREAU OF CONSUMER FINANCIAL PROTECTION;81;EconomicOperands
FEDERAL HOME LOAN MORTGAGE CORPORATION;6;EconomicOperands
FEDERAL DEPOSIT INSURANCE CORPORATION;103;EconomicOperands
FEDERAL NATIONAL MORTGAGE ASSOCIATION;6;EconomicOperands
NEIGHBORHOOD REINVESTMENT CORPORATION;0;EconomicOperands
CHAPTER 2 OF THE TRUTH IN LENDING ACT;0;LegalReferences
PROTECTING TENANTS AT FORECLOSURE ACT;0;LegalReferences
HOME AFFORDABLE MODIFICATION PROGRAM;0;EconomicOperands
SECURITIES AND EXCHANGE COMMISSION;160;EconomicOperands
THE ADMINISTRATIVE PROCEDURES ACT;0;LegalReferences
THE EMERGENCY HOUSING ACT OF 1975;0;LegalReferences
UNITED STATES HOUSING ACT OF 1937;0;LegalReferences
GOVERNMENT-SPONSORED ENTERPRISES;0;EconomicOperands
TRUST TERRITORIES OF THE PACIFIC;0;EconomicOperands
UNIT OF GENERAL LOCAL GOVERNMENT;0;EconomicOperands
INTERNAL REVENUE SERVICE FORM W2;0;LegalReferences
APPRAISAL SUBCOMMITTEE OF FFIEC;0;EconomicOperands
CERTIFIED OR LICENSED APPRAISER;0;EconomicOperands
HYBRID ADJUSTABLE RATE MORTGAGE;0;EconomicOperands
HUD-APPROVED COUNSELING AGENCY;0;EconomicOperands
MORTGAGE LICENSING ACT OF 2008;1;LegalReferences
INTERNAL REVENUE CODE OF 1986;14;EconomicOperands
ECONOMIC RECOVERY ACT OF 2008;1;LegalReferences
EQUITY PROTECTION ACT OF 1994;3;LegalReferences
FLOOD DISASTER PROTECTION ACT;0;LegalReferences
URBAN DEVELOPMENT ACT OF 1968;0;LegalReferences
APPRAISAL MANAGEMENT COMPANY;0;EconomicOperands
OFFICE OF THRIFT SUPERVISION;219;EconomicOperands
STATE HOUSING FINANCE AGENCY;0;EconomicOperands
COMMONWEALTH OF PUERTO RICO;3;EconomicOperands
COMPTROLLER OF THE CURRENCY;149;EconomicOperands
SECTION 23C4 42 USC 1437UC4;0;LegalReferences
MORTGAGE-BACKED SECURITIES;2;EconomicOperands
ADJUSTABLE RATE MORTGAGES;1;EconomicOperands
AUTOMATED VALUATION MODEL;0;EconomicOperands
BONA FIDE DISCOUNT POINTS;0;EconomicOperands
RENTAL HOUSING COUNSELING;0;EconomicOperands
RESIDENTIAL MORTGAGE LOAN;1;EconomicOperands
SECRETARY OF THE TREASURY;34;EconomicOperands
UNIFORM RESOURCE LOCATORS;0;EconomicOperands
ADJUSTABLE RATE MORTGAGE;0;EconomicOperands
AVERAGE PRIME OFFER RATE;0;EconomicOperands
DESIGNATED TRANSFER DATE;95;EconomicOperands
ENUMERATED CONSUMER LAWS;7;EconomicOperands
HOMEOWNERSHIP COUNSELING;0;EconomicOperands
SECRETARY OF AGRICULTURE;3;EconomicOperands
SENIOR EXECUTIVE SERVICE;5;EconomicOperands
HUD/FHA FORM HUD 92564CN;0;LegalReferences
SECTION 129 15 USC 1639A;0;LegalReferences
SECTION 9E 42 USC 1437GE;0;LegalReferences
THE NATIONAL HOUSING ACT;2;LegalReferences
DEPOSITORY INSTITUTIONS;24;EconomicOperands
TAKE INTO CONSIDERATION;15;EconomicOperands
SECTION 103 12 USC 2702;0;LegalReferences
SECTION 104 12 USC 2703;0;LegalReferences
SECTION 105 12 USC 2704;0;LegalReferences
SECTION 108 12 USC 2707;0;LegalReferences
SECTION 109 12 USC 2708;0;LegalReferences
SECTION 112 12 USC 2711;0;LegalReferences
SECTION 203 12 USC 1709;0;LegalReferences
SUBPARAGRAPHS A B AND C;1;LegalReferences
SUBPARAGRAPHS A B AND D;1;LegalReferences
SUBSECTIONS N O P AND Q;0;LegalReferences
APPRAISAL SUBCOMMITTEE;0;EconomicOperands
DEPOSITORY INSTITUTION;84;EconomicOperands
FINANCIAL INSTITUTIONS;85;EconomicOperands
FORCE-PLACED INSURANCE;0;EconomicOperands
MULTIFAMILY PROPERTIES;0;EconomicOperands
NONPROFIT ORGANIZATION;0;EconomicOperands
VARIABLE RATE MORTGAGE;0;EconomicOperands
CREDIT OPPORTUNITY ACT;0;LegalReferences
PARAGRAPHS 2 THROUGH 5;2;LegalReferences
TO THE MAXIMUM EXTENT;8;Attributes
APPLICABLE INDIVIDUAL;0;EconomicOperands
BUSINESS OF INSURANCE;15;EconomicOperands
CONFLICTS OF INTEREST;79;EconomicOperands
FINANCIAL INSTITUTION;88;EconomicOperands
NATIONALLY RECOGNIZED;2;EconomicOperands
POLITICAL SUBDIVISION;9;EconomicOperands
RESIDENTIAL MORTGAGES;3;EconomicOperands
SUBPARAGRAPHS C AND D;3;LegalReferences
RULES OF CONSTRUCTION;6;Other
65 PERCENTAGE POINTS;0;Attributes
85 PERCENTAGE POINTS;0;Attributes
ALLOCATION OF CREDIT;2;EconomicOperands
APPRAISAL FOUNDATION;0;EconomicOperands
BROKER PRICE OPINION;0;EconomicOperands
CONFLICT OF INTEREST;16;EconomicOperands
DISTRICT OF COLUMBIA;12;EconomicOperands
FINDINGS CONCLUSIONS;5;EconomicOperands
HIGHER-RISK MORTGAGE;0;EconomicOperands
IN DANGER OF DEFAULT;19;EconomicOperands
MULTIMEDIA CAMPAIGNS;0;EconomicOperands
PRUDENTIAL REGULATOR;114;EconomicOperands
RESIDENTIAL MORTGAGE;1;EconomicOperands
TRUTH IN LENDING ACT;7;LegalReferences
RULE OF CONSTRUCTION;59;Other
ANTI-DEFICIENCY LAW;0;EconomicOperands
CIVIL MONEY PENALTY;5;EconomicOperands
COMPTROLLER GENERAL;86;EconomicOperands
CONSUMER PROTECTION;17;EconomicOperands
FORECLOSURE-RELATED;0;EconomicOperands
MISCHARACTERIZATION;0;EconomicOperands
MORTGAGE ORIGINATOR;0;EconomicOperands
REACHING FIRST-TIME;0;EconomicOperands
IN CONJUNCTION WITH;4;FunctionWords
SUBCLAUSES I AND II;0;LegalReferences
SUBPARAGRAPH A OR B;11;LegalReferences
SUBSECTIONS A AND B;23;LegalReferences
SUBSECTIONS L AND M;0;LegalReferences
BOARD OF GOVERNORS;526;EconomicOperands
COUNSELING-RELATED;0;EconomicOperands
COVERED ASSISTANCE;0;EconomicOperands
FULLY INDEXED RATE;0;EconomicOperands
GOVERNMENT-INSURED;0;EconomicOperands
HIGH-COST MORTGAGE;0;EconomicOperands
MUTUALLY AGREEABLE;0;EconomicOperands
POLICY DEVELOPMENT;1;EconomicOperands
QUALIFIED MORTGAGE;1;EconomicOperands
IN CONNECTION WITH;130;FunctionWords
PARAGRAPHS 1 AND 2;26;LegalReferences
PARAGRAPHS 5 AND 6;4;LegalReferences
SUBSECTIONS B OR D;0;LegalReferences
UNITED STATES CODE;166;LegalReferences
AS THE CASE MAY BE;14;LogicalConnectors
FOR THE PURPOSE OF;76;LogicalConnectors
IN ACCORDANCE WITH;221;LogicalConnectors
HIGHER-THAN-NORMAL;0;RegulatoryOperators
IN CONFORMITY WITH;2;RegulatoryOperators
CREDIT PROTECTION;0;EconomicOperands
CREDIT WORTHINESS;0;EconomicOperands
HOMEOWNERS FACING;0;EconomicOperands
INSTRUMENTALITIES;0;EconomicOperands
INSURANCE COMPANY;30;EconomicOperands
MANUFACTURED HOME;5;EconomicOperands
MISCHARACTERIZING;0;EconomicOperands
NON-ESTABLISHMENT;0;EconomicOperands
PREDATORY LENDING;0;EconomicOperands
PRE-QUALIFICATION;0;EconomicOperands
REAL ESTATE-OWNED;0;EconomicOperands
SUBPRIME MORTGAGE;0;EconomicOperands
IN THE CONTEXT OF;4;FunctionWords
TABLE OF CONTENTS;1;FunctionWords
SUBSECTION A OR C;1;LegalReferences
INCONSISTENT WITH;13;LogicalConnectors
UNDER THE PURVIEW;0;Other
10 BUSINESS DAYS;1;Attributes
DECEMBER 23 2008;0;Attributes
SEPTEMBER 7 2008;0;Attributes
ATTORNEY GENERAL;42;EconomicOperands
BALLOON PAYMENTS;1;EconomicOperands
BORROWER-RELATED;0;EconomicOperands
HAZARD INSURANCE;0;EconomicOperands
MONEY LAUNDERING;2;EconomicOperands
MORTGAGE-RELATED;1;EconomicOperands
PERIOD BEGINNING;80;EconomicOperands
POST-CONTROVERSY;0;EconomicOperands
RESPONSIBILITIES;48;EconomicOperands
REVERSE MORTGAGE;8;EconomicOperands
PARAGRAPH 1 OR 2;4;LegalReferences
FOR THE PURPOSES;28;LogicalConnectors
ADJUSTABLE RATE;0;EconomicOperands
ANTI-DEFICIENCY;0;EconomicOperands
BALLOON PAYMENT;0;EconomicOperands
CAREER-RESERVED;0;EconomicOperands
CHARACTERISTICS;10;EconomicOperands
COLLATERALIZING;1;EconomicOperands
COMMUNITY-BASED;2;EconomicOperands
CONFIDENTIALITY;46;EconomicOperands
CONSERVATORSHIP;3;EconomicOperands
CREDITOR-PLACED;0;EconomicOperands
CULTURAL STYLES;0;EconomicOperands
ELECTRONIC MAIL;4;EconomicOperands
ELIGIBLE ENTITY;14;EconomicOperands
FEDERAL RESERVE;169;EconomicOperands
FEE-FOR-SERVICE;0;EconomicOperands
FLOOD INSURANCE;0;EconomicOperands
HUD/FHA BOOKLET;0;EconomicOperands
INSTRUMENTALITY;23;EconomicOperands
MODERATE-INCOME;4;EconomicOperands
MORTGAGE MARKET;0;EconomicOperands
NON-PROPRIETARY;0;EconomicOperands
ORDINARY COURSE;11;EconomicOperands
POINTS AND FEES;1;EconomicOperands
PRE-FORECLOSURE;0;EconomicOperands
REGULATIONS FOR;2;EconomicOperands
REPRESENTATIVES;115;EconomicOperands
RESPONSIBLE FOR;41;EconomicOperands
VULNERABILITIES;1;EconomicOperands
WRITTEN FINDING;3;EconomicOperands
WRITTEN REQUEST;8;EconomicOperands
ASSOCIATED WITH;111;FunctionWords
ATTRIBUTABLE TO;4;FunctionWords
THIS SUBSECTION;370;LegalReferences
NOTWITHSTANDING;169;LogicalConnectors
WITH RESPECT TO;646;LogicalConnectors
REAUTHORIZATION;0;RegulatoryOperators
RECOMMENDATIONS;137;RegulatoryOperators
OCTOBER 1 2010;1;Attributes
WHERE FEASIBLE;4;Attributes
ACCOUNTABILITY;33;EconomicOperands
ACTUAL DAMAGES;1;EconomicOperands
ADMINISTRATION;29;EconomicOperands
ADMINISTRATIVE;77;EconomicOperands
AMERICAN SAMOA;3;EconomicOperands
APPROPRIATIONS;23;EconomicOperands
CERTIFICATIONS;6;EconomicOperands
CORRESPONDENCE;5;EconomicOperands
CREDIT RATINGS;56;EconomicOperands
DEBT-TO-INCOME;0;EconomicOperands
DISCRIMINATORY;1;EconomicOperands
EFFECTIVE DATE;97;EconomicOperands
ELECTRONICALLY;5;EconomicOperands
FEDERAL AGENCY;58;EconomicOperands
HOUSING MARKET;0;EconomicOperands
IDENTIFICATION;27;EconomicOperands
IMPLEMENTATION;47;EconomicOperands
INTEREST RATES;0;EconomicOperands
INTERPRETATION;22;EconomicOperands
INVESTIGATIONS;19;EconomicOperands
LOSS-OF-INCOME;0;EconomicOperands
NON-COMPLIANCE;0;EconomicOperands
OWNER-OCCUPIED;0;EconomicOperands
PUBLIC-PRIVATE;0;EconomicOperands
PURCHASE-MONEY;0;EconomicOperands
RECOMMENDATION;65;EconomicOperands
REHABILITATION;3;EconomicOperands
RESPONSIBILITY;23;EconomicOperands
SECURITIZATION;6;EconomicOperands
SENIOR-CITIZEN;0;EconomicOperands
SIMPLIFICATION;0;EconomicOperands
SMALL BUSINESS;21;EconomicOperands
SPECIFICATIONS;4;EconomicOperands
SUBSTANTIATION;0;EconomicOperands
UNAVAILABILITY;1;EconomicOperands
UNDERDEVELOPED;0;EconomicOperands
UNDERSTANDABLE;5;EconomicOperands
UNPROFESSIONAL;0;EconomicOperands
VIRGIN ISLANDS;3;EconomicOperands
WORLD WIDE WEB;0;EconomicOperands
SECTION 103AA4;0;LegalReferences
SECTION 104B1A;0;LegalReferences
SECTIONS 302B6;0;LegalReferences
STUDY REQUIRED;56;LegalReferences
SUBPARAGRAPH A;391;LegalReferences
SUBPARAGRAPH B;175;LegalReferences
SUBPARAGRAPH C;66;LegalReferences
SUBPARAGRAPH D;40;LegalReferences
SUBPARAGRAPH E;9;LegalReferences
SUBPARAGRAPH G;6;LegalReferences
SUBSECTION B3B;6;LegalReferences
THIS PARAGRAPH;186;LegalReferences
AS A RESULT OF;23;LogicalConnectors
FOR ANY REASON;2;LogicalConnectors
IN ADDITION TO;26;LogicalConnectors
IN THE CASE OF;87;LogicalConnectors
NOT LATER THAN;283;LogicalConnectors
WITH REGARD TO;26;LogicalConnectors
COMPLYING WITH;14;RegulatoryOperators
1000000000000;0;Attributes
5300000000000;0;Attributes
APPROPRIATELY;10;Attributes
IN THE FUTURE;5;Attributes
SIGNIFICANTLY;11;Attributes
AFFORDABILITY;1;EconomicOperands
ANNOUNCEMENTS;0;EconomicOperands
AUTOMATICALLY;1;EconomicOperands
BALLOON LOANS;0;EconomicOperands
BROKER-PRICED;0;EconomicOperands
CALENDAR YEAR;8;EconomicOperands
CERTIFICATION;53;EconomicOperands
CIRCUMSTANCES;15;EconomicOperands
CIRCUMVENTION;5;EconomicOperands
CLARIFICATION;10;EconomicOperands
COLLABORATING;0;EconomicOperands
COMMUNICATING;1;EconomicOperands
COMPREHENSIVE;24;EconomicOperands
CONSIDERATION;65;EconomicOperands
CORRESPONDING;4;EconomicOperands
DEMONSTRATION;1;EconomicOperands
DERECOGNITION;0;EconomicOperands
DETERMINATION;264;EconomicOperands
DISCRETIONARY;3;EconomicOperands
DISTRIBUTIONS;2;EconomicOperands
DOCUMENTATION;20;EconomicOperands
EFFECTIVENESS;54;EconomicOperands
FEE APPRAISER;0;EconomicOperands
FULLY-INDEXED;0;EconomicOperands
HELPING PRIME;0;EconomicOperands
HOMEOWNERSHIP;0;EconomicOperands
INAPPROPRIATE;3;EconomicOperands
INDEPENDENTLY;2;EconomicOperands
INSUFFICIENCY;7;EconomicOperands
INTEREST RATE;13;EconomicOperands
INTEREST-ONLY;1;EconomicOperands
INVESTIGATION;38;EconomicOperands
MODIFICATIONS;5;EconomicOperands
OPPORTUNITIES;8;EconomicOperands
ORGANIZATIONS;23;EconomicOperands
PARTICIPATING;11;EconomicOperands
PARTICIPATION;33;EconomicOperands
PREDOMINANTLY;0;EconomicOperands
QUALIFICATION;3;EconomicOperands
REDEVELOPMENT;0;EconomicOperands
REGULATION OF;63;EconomicOperands
REIMBURSEMENT;14;EconomicOperands
RENEGOTIATING;0;EconomicOperands
RENEGOTIATION;0;EconomicOperands
RESTRUCTURING;1;EconomicOperands
SINGLE-FAMILY;0;EconomicOperands
STABILIZATION;1;EconomicOperands
SUBCOMMITTEES;0;EconomicOperands
SUBORDINATING;0;EconomicOperands
TRADITIONALLY;5;EconomicOperands
UNDERSTANDING;14;EconomicOperands
UNINTENTIONAL;0;EconomicOperands
UNITED STATES;406;EconomicOperands
VARIABLE RATE;0;EconomicOperands
APPLICABILITY;28;FunctionWords
APPLICABLE TO;95;FunctionWords
MISCELLANEOUS;3;FunctionWords
SUBSTANTIALLY;28;FunctionWords
PARAGRAPH 2AI;2;LegalReferences
PARAGRAPH 2BI;4;LegalReferences
SECTION 1022C;0;LegalReferences
SECTION 106A4;0;LegalReferences
SECTION 1125C;0;LegalReferences
SECTION 1402A;0;LegalReferences
SECTION 1402B;0;LegalReferences
SECTION 1461A;0;LegalReferences
SECTION 1461C;0;LegalReferences
SECTION 1464B;0;LegalReferences
SECTION 1473G;0;LegalReferences
SECTION 2301A;0;LegalReferences
SECTION 2301B;0;LegalReferences
SECTION 302B6;0;LegalReferences
SECTION 304C4;0;LegalReferences
SECTION 305A2;0;LegalReferences
SECTION 33D2B;0;LegalReferences
SECTIONS 128F;0;LegalReferences
SECTIONS 1471;0;LegalReferences
SUBCLAUSE III;5;LegalReferences
SUBSECTION A1;45;LegalReferences
SUBSECTION A2;25;LegalReferences
SUBSECTION A4;7;LegalReferences
SUBSECTION AA;5;LegalReferences
SUBSECTION B2;31;LegalReferences
SUBSECTION C2;7;LegalReferences
SUBSECTION CC;1;LegalReferences
SUBSECTION E2;6;LegalReferences
SUBSECTION G1;4;LegalReferences
SUBSECTION G3;2;LegalReferences
SUBSECTION G4;0;LegalReferences
SUBSECTION R4;0;LegalReferences
THIS SUBTITLE;120;LegalReferences
APPROXIMATELY;0;LogicalConnectors
IN WHICH CASE;4;LogicalConnectors
PROVIDED THAT;21;LogicalConnectors
TO THE EXTENT;157;LogicalConnectors
TOGETHER WITH;26;LogicalConnectors
REDESIGNATING;91;Other
SUBPARAGRAPHS;7;Other
AUTHORIZATION;29;RegulatoryOperators
COMPLIES WITH;14;RegulatoryOperators
ESTABLISHMENT;55;RegulatoryOperators
175000000000;0;Attributes
200000000000;0;Attributes
INSUFFICIENT;10;Attributes
PERIODICALLY;16;Attributes
SUFFICIENTLY;10;Attributes
ACCELERATION;5;EconomicOperands
ACQUISITIONS;8;EconomicOperands
ADMINISTERED;12;EconomicOperands
ADVISABILITY;4;EconomicOperands
ALTERNATIVES;3;EconomicOperands
AMORTIZATION;1;EconomicOperands
APPLICATIONS;7;EconomicOperands
APPRECIATION;0;EconomicOperands
APPROPRIATED;25;EconomicOperands
ARRANGEMENTS;25;EconomicOperands
AUDIT REPORT;15;EconomicOperands
AVAILABILITY;43;EconomicOperands
BALLOON LOAN;0;EconomicOperands
BUSINESS DAY;15;EconomicOperands
CANCELLATION;2;EconomicOperands
CENSUS TRACT;4;EconomicOperands
COMPENSATION;140;EconomicOperands
COMPUTERIZED;1;EconomicOperands
CONFIRMATION;2;EconomicOperands
CONSEQUENCES;4;EconomicOperands
CONSTRUCTION;0;EconomicOperands
CONSULTATION;152;EconomicOperands
CONSUMMATION;5;EconomicOperands
CONTRIBUTING;3;EconomicOperands
CONVENTIONAL;0;EconomicOperands
COORDINATION;59;EconomicOperands
CORPORATIONS;2;EconomicOperands
CREDIT UNION;14;EconomicOperands
DEMONSTRATED;2;EconomicOperands
DESCRIPTIONS;5;EconomicOperands
DESIGNATIONS;15;EconomicOperands
DISCIPLINARY;10;EconomicOperands
DISTRIBUTING;0;EconomicOperands
DISTRIBUTION;6;EconomicOperands
DUTY OF CARE;3;EconomicOperands
FACILITATING;6;EconomicOperands
FAIR LENDING;20;EconomicOperands
FHA-APPROVED;0;EconomicOperands
FORBEARANCES;0;EconomicOperands
FORCE-PLACED;0;EconomicOperands
FORECLOSURES;0;EconomicOperands
FUNCTIONS OF;57;EconomicOperands
GOVERNMENTAL;20;EconomicOperands
GUARANTEEING;4;EconomicOperands
HUD-APPROVED;0;EconomicOperands
IDENTIFIABLE;11;EconomicOperands
IMPLICATIONS;3;EconomicOperands
IMPROVEMENTS;12;EconomicOperands
INCORPORATED;18;EconomicOperands
INDEBTEDNESS;6;EconomicOperands
INDEPENDENCE;22;EconomicOperands
INSTALLMENTS;2;EconomicOperands
INSTITUTIONS;71;EconomicOperands
INTER-AGENCY;0;EconomicOperands
INTERPRETIVE;0;EconomicOperands
INTRODUCTORY;1;EconomicOperands
IRREGULARITY;1;EconomicOperands
JURISDICTION;156;EconomicOperands
MANIPULATION;29;EconomicOperands
MARKET SHARE;5;EconomicOperands
METROPOLITAN;0;EconomicOperands
MISREPRESENT;0;EconomicOperands
MODIFICATION;28;EconomicOperands
NEIGHBORHOOD;0;EconomicOperands
NON-ESCROWED;0;EconomicOperands
NOTIFICATION;31;EconomicOperands
ORGANIZATION;46;EconomicOperands
PARTICIPANTS;67;EconomicOperands
PRE-APPROVAL;0;EconomicOperands
PRESERVATION;13;EconomicOperands
PROFESSIONAL;22;EconomicOperands
REFINANCINGS;0;EconomicOperands
REGISTRATION;109;EconomicOperands
REQUIREMENTS;430;EconomicOperands
RESCUE SCAMS;0;EconomicOperands
SATISFACTION;11;EconomicOperands
SIGNIFICANCE;4;EconomicOperands
SIMULTANEOUS;4;EconomicOperands
STREAMLINING;1;EconomicOperands
SUBSIDIARIES;47;EconomicOperands
TABLE-FUNDED;0;EconomicOperands
TRANSACTIONS;193;EconomicOperands
TRANSMISSION;6;EconomicOperands
TRANSMITTING;3;EconomicOperands
TRANSPARENCY;20;EconomicOperands
UNDERWRITERS;3;EconomicOperands
UNDERWRITING;15;EconomicOperands
UNEMPLOYMENT;0;EconomicOperands
UNREASONABLE;3;EconomicOperands
UNSCRUPULOUS;0;EconomicOperands
VERIFICATION;5;EconomicOperands
ON BEHALF OF;66;FunctionWords
42 USC 1472H;0;LegalReferences
PARAGRAPH 12;7;LegalReferences
PARAGRAPH 1A;34;LegalReferences
PARAGRAPH 1B;21;LegalReferences
PARAGRAPH 22;6;LegalReferences
PARAGRAPH 2A;19;LegalReferences
PARAGRAPH 2B;19;LegalReferences
PARAGRAPH 3B;9;LegalReferences
PARAGRAPH 4A;4;LegalReferences
SECTION 1002;2;LegalReferences
SECTION 1011;1;LegalReferences
SECTION 101E;0;LegalReferences
SECTION 102D;0;LegalReferences
SECTION 102E;0;LegalReferences
SECTION 104A;2;LegalReferences
SECTION 105F;0;LegalReferences
SECTION 1062;4;LegalReferences
SECTION 106E;0;LegalReferences
SECTION 106G;0;LegalReferences
SECTION 107A;2;LegalReferences
SECTION 1099;0;LegalReferences
SECTION 10A2;0;LegalReferences
SECTION 1110;0;LegalReferences
SECTION 1113;0;LegalReferences
SECTION 128A;0;LegalReferences
SECTION 129C;0;LegalReferences
SECTION 129E;0;LegalReferences
SECTION 1301;0;LegalReferences
SECTION 1401;0;LegalReferences
SECTION 1403;0;LegalReferences
SECTION 1404;0;LegalReferences
SECTION 1411;0;LegalReferences
SECTION 1444;0;LegalReferences
SECTION 1461;0;LegalReferences
SECTION 1472;0;LegalReferences
SECTION 1507;0;LegalReferences
SECTION 18A4;0;LegalReferences
SECTION 2301;0;LegalReferences
SECTION 32E4;0;LegalReferences
SECTION 501C;0;LegalReferences
SECTIONS 110;0;LegalReferences
SECTIONS 129;0;LegalReferences
SUBCLAUSE IV;3;LegalReferences
SUBSECTION A;255;LegalReferences
SUBSECTION B;159;LegalReferences
SUBSECTION C;56;LegalReferences
SUBSECTION D;40;LegalReferences
SUBSECTION E;31;LegalReferences
SUBSECTION F;22;LegalReferences
SUBSECTION G;12;LegalReferences
SUBSECTION H;16;LegalReferences
SUBSECTION I;11;LegalReferences
SUBSECTION K;7;LegalReferences
SUBSECTION L;3;LegalReferences
SUBSECTION Q;3;LegalReferences
SUBSECTION R;3;LegalReferences
SUBSECTION S;3;LegalReferences
SUBSECTION T;1;LegalReferences
SUBSECTION U;2;LegalReferences
THIS SECTION;663;LegalReferences
ADDITIONALLY;0;LogicalConnectors
GREATER THAN;12;LogicalConnectors
IN EXCESS OF;11;LogicalConnectors
PARTICULARLY;4;LogicalConnectors
RESPECTIVELY;75;LogicalConnectors
SPECIFICALLY;35;LogicalConnectors
SUBSEQUENTLY;2;LogicalConnectors
DIFFERENTIAL;4;MathematicalOperators
REDESIGNATED;62;Other
SUBPARAGRAPH;84;Other
SUBSTITUTING;0;Other
UNDESIGNATED;9;Other
ESTABLISHING;50;RegulatoryOperators
IMPLEMENTING;34;RegulatoryOperators
PROHIBITIONS;7;RegulatoryOperators
101 PERCENT;0;Attributes
327 PERCENT;0;Attributes
501 PERCENT;0;Attributes
788 PERCENT;0;Attributes
799 PERCENT;0;Attributes
APPROPRIATE;538;Attributes
IMMEDIATELY;36;Attributes
SIGNIFICANT;79;Attributes
SUBSTANTIAL;35;Attributes
UNNECESSARY;3;Attributes
ACCELERATED;2;EconomicOperands
ACQUISITION;32;EconomicOperands
ADJUSTMENTS;20;EconomicOperands
ADVERTISING;6;EconomicOperands
AGRICULTURE;1;EconomicOperands
ALLOCATIONS;0;EconomicOperands
ALT-A LOANS;0;EconomicOperands
ALTERNATIVE;18;EconomicOperands
APPLICATION;95;EconomicOperands
APPOINTMENT;97;EconomicOperands
ARBITRATION;17;EconomicOperands
ASSESSMENTS;45;EconomicOperands
ASSIGNED TO;3;EconomicOperands
ASSIGNMENTS;3;EconomicOperands
ASSOCIATION;67;EconomicOperands
ASSUMPTIONS;7;EconomicOperands
AUTHORITIES;101;EconomicOperands
BACKGROUNDS;0;EconomicOperands
CALCULATING;1;EconomicOperands
CALCULATION;5;EconomicOperands
CARRIED OUT;8;EconomicOperands
CERTIFICATE;12;EconomicOperands
COMBINATION;9;EconomicOperands
COMMUNITIES;7;EconomicOperands
COMPARATIVE;1;EconomicOperands
COMPENSATED;5;EconomicOperands
COMPETITIVE;24;EconomicOperands
COMPUTATION;1;EconomicOperands
CONCLUSIONS;5;EconomicOperands
CONCURRENCE;5;EconomicOperands
CONSISTS OF;0;EconomicOperands
CONSPICUOUS;1;EconomicOperands
CONSTITUTES;14;EconomicOperands
CONSTRUCTED;0;EconomicOperands
CONSUMMATED;4;EconomicOperands
CONTRACTING;5;EconomicOperands
CONTRACTORS;4;EconomicOperands
CONTRACTUAL;15;EconomicOperands
CONTRIBUTED;5;EconomicOperands
CONTROVERSY;2;EconomicOperands
COOPERATIVE;4;EconomicOperands
COORDINATED;8;EconomicOperands
CORPORATION;770;EconomicOperands
CORRECTIONS;1;EconomicOperands
CREDIT LINE;0;EconomicOperands
CREDIT RISK;19;EconomicOperands
DEFINITIONS;106;EconomicOperands
DELINQUENCY;0;EconomicOperands
DEMONSTRATE;4;EconomicOperands
DENOMINATED;0;EconomicOperands
DEPARTMENTS;3;EconomicOperands
DESCRIPTION;62;EconomicOperands
DESIGNATION;38;EconomicOperands
DETERMINING;60;EconomicOperands
DEVELOPMENT;32;EconomicOperands
DIFFERENCES;14;EconomicOperands
DISCIPLINES;0;EconomicOperands
DISCLOSURES;58;EconomicOperands
DISPARITIES;0;EconomicOperands
DISPOSITION;22;EconomicOperands
DISTRIBUTED;5;EconomicOperands
DUE-ON-SALE;0;EconomicOperands
EDUCATIONAL;10;EconomicOperands
ELECTRICITY;0;EconomicOperands
ELIGIBILITY;11;EconomicOperands
ENFORCEMENT;277;EconomicOperands
ENTERPRISES;1;EconomicOperands
EXAMINATION;134;EconomicOperands
EXPECTATION;0;EconomicOperands
EXPLANATION;21;EconomicOperands
FHA-INSURED;0;EconomicOperands
FIRST-CLASS;0;EconomicOperands
FLEXIBILITY;3;EconomicOperands
FORECLOSURE;5;EconomicOperands
FREDDIE MAC;4;EconomicOperands
GRANTMAKING;0;EconomicOperands
HOME OWNERS;3;EconomicOperands
INCREMENTAL;1;EconomicOperands
INDEPENDENT;63;EconomicOperands
INDIVIDUALS;49;EconomicOperands
INFLUENCING;2;EconomicOperands
INFORMATION;680;EconomicOperands
INSPECTIONS;18;EconomicOperands
INSTALLMENT;1;EconomicOperands
INSTITUTION;65;EconomicOperands
INTERPRETED;3;EconomicOperands
INTIMIDATES;0;EconomicOperands
LEGISLATION;6;EconomicOperands
LEGISLATIVE;17;EconomicOperands
LIABILITIES;54;EconomicOperands
MAINTAINING;12;EconomicOperands
MAINTENANCE;22;EconomicOperands
METHODOLOGY;9;EconomicOperands
MULTIFAMILY;1;EconomicOperands
NON-COMPLEX;0;EconomicOperands
NONJUDICIAL;0;EconomicOperands
NONSTANDARD;0;EconomicOperands
OBLIGATIONS;143;EconomicOperands
OPPORTUNITY;54;EconomicOperands
ORIGINATION;6;EconomicOperands
OUTSTANDING;22;EconomicOperands
PERFORMANCE;41;EconomicOperands
POPULATIONS;2;EconomicOperands
PORTABILITY;0;EconomicOperands
PREFERENCES;2;EconomicOperands
PRELIMINARY;4;EconomicOperands
PREPARATION;7;EconomicOperands
PRESCRIBING;25;EconomicOperands
PRESUMPTION;3;EconomicOperands
PROCEEDINGS;59;EconomicOperands
PROMINENTLY;1;EconomicOperands
PROMOTIONAL;2;EconomicOperands
PUBLICATION;40;EconomicOperands
REALLOCATED;0;EconomicOperands
REAPPOINTED;0;EconomicOperands
REASONS FOR;9;EconomicOperands
RECIPROCITY;0;EconomicOperands
RECOMMENDED;10;EconomicOperands
REFINANCING;0;EconomicOperands
REGULATIONS;369;EconomicOperands
REIMBURSING;0;EconomicOperands
REPACKAGING;0;EconomicOperands
REPLACEMENT;1;EconomicOperands
REQUIREMENT;114;EconomicOperands
RESIDENTIAL;6;EconomicOperands
RESPONSIBLE;4;EconomicOperands
RESTITUTION;8;EconomicOperands
REVOCATIONS;0;EconomicOperands
SEASONALITY;1;EconomicOperands
SECURITIZED;2;EconomicOperands
SPECIFICITY;1;EconomicOperands
SPECULATION;0;EconomicOperands
STATISTICAL;3;EconomicOperands
STREAMLINED;4;EconomicOperands
STRUCTURING;0;EconomicOperands
SUBORDINATE;2;EconomicOperands
SUBSISTENCE;2;EconomicOperands
SUFFICIENCY;3;EconomicOperands
SUPERVISION;87;EconomicOperands
SUPERVISORY;75;EconomicOperands
SURRENDERED;0;EconomicOperands
SUSPENSIONS;0;EconomicOperands
SUSTAINABLE;2;EconomicOperands
TERMINATION;36;EconomicOperands
TERRITORIES;2;EconomicOperands
THIRD-PARTY;12;EconomicOperands
THREATENING;1;EconomicOperands
TRANSACTION;330;EconomicOperands
TRANSFERRED;206;EconomicOperands
TRANSMITTED;8;EconomicOperands
UNCOMMITTED;1;EconomicOperands
UNDERSERVED;3;EconomicOperands
UNDERWRITER;18;EconomicOperands
UNOBLIGATED;6;EconomicOperands
WITHHOLDING;0;EconomicOperands
PURSUANT TO;377;FunctionWords
REFERRED TO;101;FunctionWords
RELATING TO;219;FunctionWords
12 USC 2709;1;LegalReferences
PARAGRAPH 1;389;LegalReferences
PARAGRAPH 2;199;LegalReferences
PARAGRAPH 3;86;LegalReferences
PARAGRAPH 4;68;LegalReferences
PARAGRAPH 5;26;LegalReferences
PARAGRAPH 6;23;LegalReferences
SECTION 102;8;LegalReferences
SECTION 103;1;LegalReferences
SECTION 106;2;LegalReferences
SECTION 107;1;LegalReferences
SECTION 108;0;LegalReferences
SECTION 110;1;LegalReferences
SECTION 127;0;LegalReferences
SECTION 128;0;LegalReferences
SECTION 129;1;LegalReferences
SECTION 130;0;LegalReferences
SECTION 6I2;0;LegalReferences
SECTION 702;0;LegalReferences
SECTION 704;1;LegalReferences
SECTION 8Y1;0;LegalReferences
SUBCLAUSE I;31;LegalReferences
SUBSECTIONS;27;LegalReferences
ACCORDINGLY;11;LogicalConnectors
CONSIDERING;3;LogicalConnectors
FOR EXAMPLE;0;LogicalConnectors
IN ANY CASE;10;LogicalConnectors
IN ORDER TO;73;LogicalConnectors
PENULTIMATE;0;LogicalConnectors
EFFECTIVELY;11;Other
POTENTIALLY;7;Other
PROSPECTIVE;11;Other
RELIED UPON;3;Other
SHORT TITLE;12;Other
SUBSTITUTED;0;Other
DISAPPROVAL;5;RegulatoryOperators
DISAPPROVED;4;RegulatoryOperators
ESTABLISHED;250;RegulatoryOperators
ESTABLISHES;5;RegulatoryOperators
LIMITATIONS;78;RegulatoryOperators
PROHIBITING;14;RegulatoryOperators
PROHIBITION;57;RegulatoryOperators
PROMULGATED;21;RegulatoryOperators
RESTRICTING;8;RegulatoryOperators
RESTRICTION;4;RegulatoryOperators
SUITABILITY;5;RegulatoryOperators
SUPERSEDING;4;RegulatoryOperators
TAKE EFFECT;54;RegulatoryOperators
05 PERCENT;0;Attributes
10 PERCENT;11;Attributes
1000000000;2;Attributes
15 PERCENT;1;Attributes
1500000000;1;Attributes
28 PERCENT;0;Attributes
40 PERCENT;0;Attributes
42 PERCENT;0;Attributes
44 PERCENT;0;Attributes
56 PERCENT;0;Attributes
60 PERCENT;0;Attributes
75 PERCENT;0;Attributes
ACCEPTABLE;14;Attributes
CONSISTENT;112;Attributes
INADEQUATE;2;Attributes
INDIRECTLY;58;Attributes
MULTI-YEAR;1;Attributes
REASONABLE;111;Attributes
REASONABLY;44;Attributes
SUFFICIENT;28;Attributes
ACCELERATE;1;EconomicOperands
ACCEPTANCE;13;EconomicOperands
ACCESSIBLE;2;EconomicOperands
ACCOUNTING;87;EconomicOperands
ACTIVITIES;292;EconomicOperands
ADJUSTABLE;0;EconomicOperands
ADJUSTMENT;25;EconomicOperands
ADMINISTER;20;EconomicOperands
ADVANTAGES;1;EconomicOperands
AFFILIATED;16;EconomicOperands
AFFILIATES;42;EconomicOperands
AFFORDABLE;4;EconomicOperands
AGGREGATED;4;EconomicOperands
AGREEMENTS;68;EconomicOperands
ALLOCATING;2;EconomicOperands
ALLOCATION;19;EconomicOperands
ALTERATION;0;EconomicOperands
AMORTIZING;1;EconomicOperands
APPLICANTS;9;EconomicOperands
APPOINTEES;0;EconomicOperands
APPRAISALS;1;EconomicOperands
APPRAISERS;0;EconomicOperands
APPROACHED;0;EconomicOperands
APPROACHES;1;EconomicOperands
ASSESSMENT;57;EconomicOperands
ASSIGNMENT;17;EconomicOperands
ASSISTANCE;62;EconomicOperands
BACKGROUND;1;EconomicOperands
BENEFICIAL;2;EconomicOperands
CALCULATED;7;EconomicOperands
CALCULATOR;0;EconomicOperands
CERTIFYING;1;EconomicOperands
COLLATERAL;31;EconomicOperands
COLLECTING;12;EconomicOperands
COLLECTION;36;EconomicOperands
COMMISSION;1567;EconomicOperands
COMPARABLE;49;EconomicOperands
COMPENSATE;2;EconomicOperands
COMPETENCE;6;EconomicOperands
COMPLAINTS;31;EconomicOperands
COMPLETION;18;EconomicOperands
COMPLIANCE;274;EconomicOperands
CONCLUSION;7;EconomicOperands
CONCURRENT;5;EconomicOperands
CONDITIONS;114;EconomicOperands
CONDUCT OF;29;EconomicOperands
CONDUCTING;40;EconomicOperands
CONFIDENCE;6;EconomicOperands
CONSENSUAL;0;EconomicOperands
CONSIDERED;67;EconomicOperands
CONSIST OF;3;EconomicOperands
CONTAINING;19;EconomicOperands
CONTRACTED;1;EconomicOperands
CONTRACTOR;7;EconomicOperands
CONTROLLED;32;EconomicOperands
CONVERSION;24;EconomicOperands
CO-OBLIGOR;0;EconomicOperands
COORDINATE;51;EconomicOperands
COUNSELING;11;EconomicOperands
COUNSELORS;0;EconomicOperands
DEFICIENCY;1;EconomicOperands
DEFINITION;90;EconomicOperands
DELINQUENT;3;EconomicOperands
DEPARTMENT;48;EconomicOperands
DESCRIBING;21;EconomicOperands
DIFFERENCE;7;EconomicOperands
DIFFICULTY;0;EconomicOperands
DIRECTIVES;3;EconomicOperands
DISABILITY;2;EconomicOperands
DISCLOSING;6;EconomicOperands
DISCLOSURE;97;EconomicOperands
DISCOUNTED;0;EconomicOperands
DISCRETION;83;EconomicOperands
DISTRIBUTE;2;EconomicOperands
DOCUMENTED;1;EconomicOperands
EFFECTUATE;13;EconomicOperands
ELECTRONIC;42;EconomicOperands
EMPLOYMENT;44;EconomicOperands
ENCOURAGES;1;EconomicOperands
ENTERPRISE;7;EconomicOperands
ENUMERATED;28;EconomicOperands
EVALUATING;3;EconomicOperands
EVALUATION;29;EconomicOperands
EXPERIENCE;8;EconomicOperands
EXPIRATION;24;EconomicOperands
FACILITATE;44;EconomicOperands
FACILITIES;39;EconomicOperands
FANNIE MAE;4;EconomicOperands
FIRST-TIME;0;EconomicOperands
FIXED RATE;4;EconomicOperands
FIXED-RATE;0;EconomicOperands
FORECLOSED;1;EconomicOperands
FOR-PROFIT;1;EconomicOperands
FRAUDULENT;15;EconomicOperands
GOOD FAITH;14;EconomicOperands
GOVERNMENT;107;EconomicOperands
GUARANTEED;12;EconomicOperands
GUIDELINES;36;EconomicOperands
HOMEBUYERS;2;EconomicOperands
HOMEOWNERS;0;EconomicOperands
IDENTIFIER;2;EconomicOperands
IMPORTANCE;10;EconomicOperands
INCENTIVES;13;EconomicOperands
INCIDENTAL;25;EconomicOperands
INCOMPLETE;3;EconomicOperands
INCREASING;10;EconomicOperands
INDIVIDUAL;116;EconomicOperands
INFLUENCED;3;EconomicOperands
INITIATIVE;12;EconomicOperands
INSPECTION;30;EconomicOperands
INTIMIDATE;0;EconomicOperands
LEAD-BASED;0;EconomicOperands
LIKELIHOOD;4;EconomicOperands
LITIGATION;18;EconomicOperands
LOW-INCOME;3;EconomicOperands
MAINTAINED;34;EconomicOperands
MANAGEMENT;101;EconomicOperands
MATERIALLY;10;EconomicOperands
MEANINGFUL;0;EconomicOperands
MECHANISMS;13;EconomicOperands
MEMBERSHIP;21;EconomicOperands
MINORITIES;7;EconomicOperands
MONITORING;28;EconomicOperands
MULTIMEDIA;0;EconomicOperands
NATIONALLY;0;EconomicOperands
NEAR-PRIME;0;EconomicOperands
NEGOTIATES;2;EconomicOperands
OBLIGATION;82;EconomicOperands
OCCURRENCE;20;EconomicOperands
OPERATIONS;55;EconomicOperands
ORIGINATED;0;EconomicOperands
ORIGINATOR;10;EconomicOperands
PERCENTAGE;18;EconomicOperands
PERFORMING;48;EconomicOperands
PERSONALLY;18;EconomicOperands
PHASED-OUT;0;EconomicOperands
POSSESSION;19;EconomicOperands
PREPAYMENT;3;EconomicOperands
PREVAILING;2;EconomicOperands
PREVALENCE;1;EconomicOperands
PREVENTION;13;EconomicOperands
PROCEDURES;193;EconomicOperands
PROCESSING;29;EconomicOperands
PROFESSION;2;EconomicOperands
PROHIBITED;16;EconomicOperands
PROMULGATE;34;EconomicOperands
PROPERTIES;2;EconomicOperands
PROTECTING;7;EconomicOperands
PROTECTION;131;EconomicOperands
PROVISIONS;243;EconomicOperands
PURCHASERS;1;EconomicOperands
REBUTTABLE;0;EconomicOperands
RECAPTURED;1;EconomicOperands
RECIPIENTS;2;EconomicOperands
RECIPROCAL;0;EconomicOperands
RECOGNIZED;5;EconomicOperands
RECOUPMENT;2;EconomicOperands
REFERENCES;9;EconomicOperands
REFINANCED;0;EconomicOperands
REFINANCES;0;EconomicOperands
REFUNDABLE;0;EconomicOperands
REGISTERED;347;EconomicOperands
REGISTRIES;0;EconomicOperands
REGULATION;293;EconomicOperands
REGULATORS;40;EconomicOperands
REGULATORY;177;EconomicOperands
REPOSITORY;4;EconomicOperands
RESCISSION;9;EconomicOperands
RESIDENCES;0;EconomicOperands
RESOLUTION;93;EconomicOperands
RESPONDING;10;EconomicOperands
RETIREMENT;24;EconomicOperands
REVOCATION;4;EconomicOperands
SANCTIONED;0;EconomicOperands
SCHEDULING;3;EconomicOperands
SECRETARYS;0;EconomicOperands
SECURITIES;458;EconomicOperands
SETTLEMENT;69;EconomicOperands
STATEMENTS;20;EconomicOperands
STATIONERY;0;EconomicOperands
STRENGTHEN;1;EconomicOperands
STRUCTURAL;3;EconomicOperands
STRUCTURES;5;EconomicOperands
SUBMISSION;53;EconomicOperands
SUBMITTING;8;EconomicOperands
SUBSIDIARY;183;EconomicOperands
SUBSTITUTE;3;EconomicOperands
SUCCESSFUL;7;EconomicOperands
SUPERVISOR;10;EconomicOperands
SUPPLEMENT;2;EconomicOperands
SUSPENSION;11;EconomicOperands
TERMINATED;19;EconomicOperands
THRESHOLDS;1;EconomicOperands
TIMEFRAMES;3;EconomicOperands
TRANSCRIPT;18;EconomicOperands
TRANSITION;28;EconomicOperands
ULTIMATELY;0;EconomicOperands
UNDERLYING;17;EconomicOperands
UNDERSTAND;8;EconomicOperands
UNDERTAKEN;12;EconomicOperands
UNEXPENDED;0;EconomicOperands
VALUATIONS;1;EconomicOperands
VIOLATIONS;50;EconomicOperands
VULNERABLE;4;EconomicOperands
WIDESPREAD;0;EconomicOperands
APPLICABLE;193;FunctionWords
AS FOLLOWS;41;FunctionWords
IDENTIFIED;69;FunctionWords
IN GENERAL;596;FunctionWords
PARTICULAR;33;FunctionWords
SUBSEQUENT;13;FunctionWords
THEREAFTER;36;FunctionWords
THEREUNDER;42;FunctionWords
THROUGHOUT;1;FunctionWords
SECTION 10;5;LegalReferences
SECTION 43;1;LegalReferences
SECTION 6E;1;LegalReferences
SECTION 6F;0;LegalReferences
SECTION 6G;0;LegalReferences
SUBCLAUSES;1;LegalReferences
SUBSECTION;21;LegalReferences
SUBTITLE A;14;LegalReferences
SUBTITLE B;42;LegalReferences
SUBTITLE F;15;LegalReferences
SUBTITLE G;3;LegalReferences
SUBTITLE H;3;LegalReferences
THIS TITLE;553;LegalReferences
ALTOGETHER;0;LogicalConnectors
APART FROM;1;LogicalConnectors
AS LONG AS;3;LogicalConnectors
AS WELL AS;10;LogicalConnectors
CONCERNING;56;LogicalConnectors
EQUIVALENT;22;LogicalConnectors
EXCEPTIONS;35;LogicalConnectors
EXCLUSIONS;10;LogicalConnectors
IN LIEU OF;7;LogicalConnectors
IN NO CASE;3;LogicalConnectors
LATER THAN;18;LogicalConnectors
LIMITED TO;20;LogicalConnectors
MULTIPLIED;2;LogicalConnectors
PREVIOUSLY;8;LogicalConnectors
REPRESENTS;8;LogicalConnectors
SO LONG AS;2;LogicalConnectors
SUBJECT TO;505;LogicalConnectors
UPWARDS OF;0;LogicalConnectors
ADDITIONAL;110;MathematicalOperators
AMENDMENTS;137;Other
CONFORMING;29;Other
PARAGRAPHS;27;Other
LIMITATION;78;RegulatoryOperators
AUTHORISED;0;RegulatoryOperators
AUTHORIZED;157;RegulatoryOperators
DESIGNATED;126;RegulatoryOperators
DETERMINED;139;RegulatoryOperators
DETERMINES;199;RegulatoryOperators
EXEMPTIONS;31;RegulatoryOperators
INELIGIBLE;0;RegulatoryOperators
PERMITTING;7;RegulatoryOperators
PRECLUDING;0;RegulatoryOperators
PRESCRIBED;191;RegulatoryOperators
12 MONTHS;17;Attributes
18 MONTHS;21;Attributes
24 MONTHS;6;Attributes
300000000;1;Attributes
36 MONTHS;0;Attributes
5 PERCENT;3;Attributes
ADVISABLE;5;Attributes
NECESSARY;288;Attributes
NO LONGER;5;Attributes
PER ANNUM;1;Attributes
SIX-MONTH;0;Attributes
ABANDONED;0;EconomicOperands
ACCOUNTED;1;EconomicOperands
ADDRESSES;1;EconomicOperands
ADHERE TO;0;EconomicOperands
ADJUSTING;15;EconomicOperands
ADVOCATES;2;EconomicOperands
AFFECTING;25;EconomicOperands
AFFILIATE;123;EconomicOperands
AFFIRMING;1;EconomicOperands
AGGREGATE;48;EconomicOperands
AGREEMENT;255;EconomicOperands
ALLOCATED;6;EconomicOperands
AMORTIZES;0;EconomicOperands
APPLICANT;20;EconomicOperands
APPOINTED;100;EconomicOperands
APPRAISAL;0;EconomicOperands
APPRAISED;0;EconomicOperands
APPRAISER;4;EconomicOperands
ASSESSING;20;EconomicOperands
ATTEMPTED;2;EconomicOperands
ATTORNEYS;11;EconomicOperands
AUTHORITY;535;EconomicOperands
AVAILABLE;190;EconomicOperands
AWARENESS;5;EconomicOperands
BONA FIDE;18;EconomicOperands
BORROWERS;16;EconomicOperands
BREAKDOWN;0;EconomicOperands
BROCHURES;0;EconomicOperands
BROKERAGE;11;EconomicOperands
CALCULATE;0;EconomicOperands
CANCELLED;2;EconomicOperands
CARRY OUT;104;EconomicOperands
CAUSES OF;2;EconomicOperands
CERTIFIED;10;EconomicOperands
CERTIFIES;4;EconomicOperands
CHARACTER;10;EconomicOperands
CHARTERED;22;EconomicOperands
COLLECTED;52;EconomicOperands
COMMITTEE;114;EconomicOperands
COMMUNITY;12;EconomicOperands
COMPANIES;197;EconomicOperands
COMPETENT;17;EconomicOperands
COMPLAINT;43;EconomicOperands
COMPLETED;12;EconomicOperands
COMPLETES;4;EconomicOperands
COMPUTING;4;EconomicOperands
CONDITION;34;EconomicOperands
CONDUCTED;86;EconomicOperands
CONFUSING;0;EconomicOperands
CONSIDERS;10;EconomicOperands
CONSUMERS;115;EconomicOperands
CONTINUES;3;EconomicOperands
CONTRACTS;135;EconomicOperands
CONVICTED;9;EconomicOperands
COUNSELOR;0;EconomicOperands
CRACKDOWN;0;EconomicOperands
CREDITING;4;EconomicOperands
CREDITORS;39;EconomicOperands
CURRENTLY;3;EconomicOperands
CUSTOMARY;8;EconomicOperands
CUSTOMERS;35;EconomicOperands
DECEPTION;0;EconomicOperands
DECEPTIVE;31;EconomicOperands
DECISIONS;21;EconomicOperands
DELETIONS;0;EconomicOperands
DEPOSITED;31;EconomicOperands
DEVELOPED;10;EconomicOperands
DILIGENCE;0;EconomicOperands
DISBURSED;0;EconomicOperands
DISCOUNTS;3;EconomicOperands
DISCOVERS;0;EconomicOperands
DISCOVERY;24;EconomicOperands
DISCUSSED;0;EconomicOperands
DOCUMENTS;41;EconomicOperands
DRAW DOWN;0;EconomicOperands
DWELLINGS;0;EconomicOperands
EDUCATION;40;EconomicOperands
EFFICIENT;15;EconomicOperands
EMERGENCY;35;EconomicOperands
EMPIRICAL;0;EconomicOperands
EMPLOYEES;188;EconomicOperands
ENCOURAGE;9;EconomicOperands
ESCROWING;0;EconomicOperands
ESSENTIAL;5;EconomicOperands
ESTIMATED;6;EconomicOperands
ESTIMATES;3;EconomicOperands
ETHNICITY;1;EconomicOperands
EXCESSIVE;5;EconomicOperands
EXECUTIVE;23;EconomicOperands
EXISTENCE;5;EconomicOperands
EXPANDING;2;EconomicOperands
EXPENSIVE;0;EconomicOperands
EXPERTISE;17;EconomicOperands
EXTENDING;7;EconomicOperands
EXTENSION;50;EconomicOperands
EXTENSIVE;0;EconomicOperands
FACSIMILE;2;EconomicOperands
FAVORABLE;5;EconomicOperands
FEDERALLY;7;EconomicOperands
FINANCIAL;530;EconomicOperands
FINANCING;24;EconomicOperands
FUNCTIONS;101;EconomicOperands
FURNISHED;15;EconomicOperands
GENERATED;4;EconomicOperands
GUARANTEE;53;EconomicOperands
HOMEOWNER;0;EconomicOperands
IMPLEMENT;49;EconomicOperands
IMPORTANT;1;EconomicOperands
IMPROVING;5;EconomicOperands
INCENTIVE;7;EconomicOperands
INFLATION;11;EconomicOperands
INFLUENCE;0;EconomicOperands
INFORMING;1;EconomicOperands
INITIATED;12;EconomicOperands
INITIATES;2;EconomicOperands
INSPECTOR;65;EconomicOperands
INSTRUCTS;0;EconomicOperands
INSURANCE;181;EconomicOperands
INTEGRITY;34;EconomicOperands
INTERESTS;56;EconomicOperands
INTERPRET;8;EconomicOperands
INVESTORS;134;EconomicOperands
INVOLVING;42;EconomicOperands
IRREGULAR;0;EconomicOperands
KNOWINGLY;15;EconomicOperands
KNOWLEDGE;15;EconomicOperands
LIABILITY;36;EconomicOperands
LIBRARIES;0;EconomicOperands
LICENSING;8;EconomicOperands
LICENSURE;1;EconomicOperands
LOCATIONS;2;EconomicOperands
MAINTAINS;13;EconomicOperands
MATERIALS;20;EconomicOperands
MECHANISM;3;EconomicOperands
MODIFYING;12;EconomicOperands
MORTGAGED;0;EconomicOperands
MORTGAGEE;1;EconomicOperands
MORTGAGES;4;EconomicOperands
MORTGAGOR;11;EconomicOperands
NEGOTIATE;10;EconomicOperands
NONPROFIT;2;EconomicOperands
OBJECTIVE;2;EconomicOperands
OBTAINING;11;EconomicOperands
OCCASIONS;0;EconomicOperands
OPERATING;32;EconomicOperands
OPERATION;46;EconomicOperands
ORGANIZED;24;EconomicOperands
OVERSIGHT;75;EconomicOperands
OWNERSHIP;30;EconomicOperands
PENALTIES;26;EconomicOperands
PERFORMED;12;EconomicOperands
PERMANENT;8;EconomicOperands
PERSONNEL;44;EconomicOperands
PLACEMENT;7;EconomicOperands
PORTFOLIO;23;EconomicOperands
POTENTIAL;95;EconomicOperands
PRACTICES;72;EconomicOperands
PREDATORY;0;EconomicOperands
PREFERRED;4;EconomicOperands
PREPARING;4;EconomicOperands
PRINCIPAL;48;EconomicOperands
PRIVATELY;1;EconomicOperands
PRIVILEGE;27;EconomicOperands
PROCEDURE;37;EconomicOperands
PROCESSED;8;EconomicOperands
PROCESSES;10;EconomicOperands
PROCURING;2;EconomicOperands
PROMINENT;1;EconomicOperands
PROPERTYS;0;EconomicOperands
PROPOSALS;5;EconomicOperands
PROVIDERS;4;EconomicOperands
PROVIDING;121;EconomicOperands
PROVISION;358;EconomicOperands
PUBLISHED;30;EconomicOperands
PURCHASED;11;EconomicOperands
PURCHASER;13;EconomicOperands
PURCHASES;13;EconomicOperands
QUALIFIED;21;EconomicOperands
QUALIFIES;5;EconomicOperands
QUESTIONS;8;EconomicOperands
RECEIVING;20;EconomicOperands
RECOGNIZE;1;EconomicOperands
RECOMMEND;18;EconomicOperands
REDUCTION;21;EconomicOperands
REFERENCE;12;EconomicOperands
REFERRALS;3;EconomicOperands
REFINANCE;0;EconomicOperands
REGULATOR;36;EconomicOperands
REIMBURSE;10;EconomicOperands
REPAYMENT;19;EconomicOperands
REPLACING;1;EconomicOperands
REPORTING;139;EconomicOperands
REPRESENT;7;EconomicOperands
RESETTING;0;EconomicOperands
RESIDENCE;3;EconomicOperands
RESIDENTS;3;EconomicOperands
RESOLVING;11;EconomicOperands
RESOURCES;48;EconomicOperands
RESULTING;25;EconomicOperands
RETENTION;43;EconomicOperands
REVIEWING;10;EconomicOperands
REVISIONS;8;EconomicOperands
SAFEGUARD;3;EconomicOperands
SANCTIONS;8;EconomicOperands
SCHEDULED;6;EconomicOperands
SCHEDULES;6;EconomicOperands
SECONDARY;1;EconomicOperands
SECRETARY;245;EconomicOperands
SELECTING;3;EconomicOperands
SELECTION;9;EconomicOperands
SERVICERS;2;EconomicOperands
SERVICING;7;EconomicOperands
SITUATION;3;EconomicOperands
SOUNDNESS;41;EconomicOperands
SPECIFIES;3;EconomicOperands
SPONSORED;2;EconomicOperands
STANDARDS;269;EconomicOperands
STATEMENT;66;EconomicOperands
STATUTORY;13;EconomicOperands
STRIPPING;0;EconomicOperands
STRUCTURE;28;EconomicOperands
SUBMITTED;79;EconomicOperands
SUBORNING;0;EconomicOperands
SUBSIDIES;1;EconomicOperands
SUCCESSOR;41;EconomicOperands
SUSPENDED;7;EconomicOperands
TAXPAYERS;18;EconomicOperands
TECHNICAL;19;EconomicOperands
TELEPHONE;14;EconomicOperands
TEMPORARY;22;EconomicOperands
TERMINATE;32;EconomicOperands
TERRITORY;13;EconomicOperands
THRESHOLD;15;EconomicOperands
TIMESHARE;0;EconomicOperands
TOLL-FREE;2;EconomicOperands
TRADE-OFF;0;EconomicOperands
UNDERTAKE;9;EconomicOperands
UNETHICAL;0;EconomicOperands
UNRELATED;1;EconomicOperands
UNTENABLE;0;EconomicOperands
UTILITIES;19;EconomicOperands
VALUATION;10;EconomicOperands
VIOLATING;9;EconomicOperands
VIOLATION;172;EconomicOperands
WEB-BASED;0;EconomicOperands
WHOLESALE;0;EconomicOperands
WILLFULLY;4;EconomicOperands
WITHDRAWN;8;EconomicOperands
DIFFERENT;23;FunctionWords
FOLLOWING;622;FunctionWords
GENERALLY;20;FunctionWords
HEREAFTER;1;FunctionWords
PRECEDING;73;FunctionWords
2 CONTENT;12;LegalReferences
CHAPTER 5;6;LegalReferences
CLAUSE II;51;LegalReferences
PARAGRAPH;24;LegalReferences
SECTION 4;32;LegalReferences
SECTION 6;9;LegalReferences
SUBCLAUSE;5;LegalReferences
TITLE III;3;LegalReferences
TITLE XIV;0;LegalReferences
BEGINNING;20;LogicalConnectors
EXCEPT AS;142;LogicalConnectors
INCLUDING;681;LogicalConnectors
INITIALLY;3;LogicalConnectors
LESS THAN;53;LogicalConnectors
MORE THAN;55;LogicalConnectors
OTHERWISE;254;LogicalConnectors
REGARDING;229;LogicalConnectors
TO RESUME;0;LogicalConnectors
DEDUCTION;2;MathematicalOperators
INCREASED;10;MathematicalOperators
INCREASES;12;MathematicalOperators
AMENDMENT;76;Other
CONSTRUED;115;Other
DEFERENCE;14;Other
DESCRIBED;651;Other
DESCRIBES;4;Other
EFFECTIVE;71;Other
ENACTMENT;275;Other
EXPRESSLY;8;Other
INSERTING;983;Other
LISTED IN;10;Other
SEMICOLON;24;Other
SUBTITLES;0;Other
MANDATORY;32;RegulatoryOperators
AUTHORIZE;11;RegulatoryOperators
DETERMINE;168;RegulatoryOperators
ESTABLISH;227;RegulatoryOperators
EXCEPTION;65;RegulatoryOperators
EXEMPTION;93;RegulatoryOperators
PERMITTED;62;RegulatoryOperators
PRESCRIBE;184;RegulatoryOperators
PRO-RATED;0;RegulatoryOperators
REGULATED;59;RegulatoryOperators
REPEALING;0;RegulatoryOperators
REQUIRING;52;RegulatoryOperators
SPECIFIED;47;RegulatoryOperators
10 YEARS;6;Attributes
12-MONTH;4;Attributes
1-4 UNIT;0;Attributes
180 DAYS;38;Attributes
18-MONTH;6;Attributes
35000000;0;Attributes
45000000;0;Attributes
6 MONTHS;24;Attributes
ADEQUATE;39;Attributes
DIRECTLY;111;Attributes
FEASIBLE;2;Attributes
IMPROPER;3;Attributes
PERIODIC;16;Attributes
POSSIBLE;35;Attributes
PROMPTLY;22;Attributes
PROPERLY;4;Attributes
RELEVANT;60;Attributes
ACADEMIC;2;EconomicOperands
ACCEPTED;12;EconomicOperands
ACCIDENT;0;EconomicOperands
ACCOUNTS;47;EconomicOperands
ACCRUING;8;EconomicOperands
ACCURACY;13;EconomicOperands
ACCURATE;27;EconomicOperands
ACHIEVED;2;EconomicOperands
ACTIVITY;98;EconomicOperands
ADEQUACY;14;EconomicOperands
ADJUSTED;25;EconomicOperands
ADOPTION;7;EconomicOperands
ADVANCES;7;EconomicOperands
ADVISING;3;EconomicOperands
ADVISORY;37;EconomicOperands
AGENCIES;172;EconomicOperands
AGREEING;2;EconomicOperands
AIMED AT;0;EconomicOperands
ALLOCATE;3;EconomicOperands
AMORTIZE;1;EconomicOperands
ANALYSES;6;EconomicOperands
ANALYSIS;51;EconomicOperands
APPARENT;1;EconomicOperands
APPLYING;6;EconomicOperands
APPROACH;0;EconomicOperands
APPROVED;28;EconomicOperands
ASSESSED;13;EconomicOperands
ASSIGNEE;0;EconomicOperands
ASSISTED;1;EconomicOperands
ASSUMING;2;EconomicOperands
ATTEMPTS;2;EconomicOperands
AVOIDING;3;EconomicOperands
AWARDING;0;EconomicOperands
BALANCES;2;EconomicOperands
BARRIERS;3;EconomicOperands
BOOKLETS;1;EconomicOperands
BORROWER;16;EconomicOperands
BRINGING;3;EconomicOperands
BROCHURE;0;EconomicOperands
BUILDING;6;EconomicOperands
BUSINESS;178;EconomicOperands
CAPACITY;58;EconomicOperands
CARRYING;40;EconomicOperands
CASUALTY;3;EconomicOperands
CHANNELS;1;EconomicOperands
CHARGING;3;EconomicOperands
CLERICAL;7;EconomicOperands
COLLUDES;0;EconomicOperands
COMBINED;5;EconomicOperands
COMMENCE;10;EconomicOperands
COMPANYS;8;EconomicOperands
COMPARED;0;EconomicOperands
COMPLETE;35;EconomicOperands
COMPLIED;2;EconomicOperands
COMPUTER;1;EconomicOperands
CONCERNS;21;EconomicOperands
CONDUCTS;11;EconomicOperands
CONGRESS;152;EconomicOperands
CONSIDER;70;EconomicOperands
CONSUMER;219;EconomicOperands
CONTAINS;18;EconomicOperands
CONTRACT;353;EconomicOperands
COSTS OF;24;EconomicOperands
COUNCILS;0;EconomicOperands
COVERAGE;30;EconomicOperands
CREATING;10;EconomicOperands
CREDITED;29;EconomicOperands
CREDITOR;24;EconomicOperands
CRIMINAL;17;EconomicOperands
CRITERIA;31;EconomicOperands
CULTURAL;0;EconomicOperands
DATABASE;6;EconomicOperands
DEADLINE;19;EconomicOperands
DEALINGS;1;EconomicOperands
DECISION;60;EconomicOperands
DEFAULTS;7;EconomicOperands
DEFERRAL;0;EconomicOperands
DEFERRED;2;EconomicOperands
DEFINING;5;EconomicOperands
DELETION;1;EconomicOperands
DELIVERY;73;EconomicOperands
DESIGNED;39;EconomicOperands
DIRECTOR;486;EconomicOperands
DISASTER;0;EconomicOperands
DISCLOSE;49;EconomicOperands
DISCOUNT;15;EconomicOperands
DISTINCT;1;EconomicOperands
DISTRICT;56;EconomicOperands
DIVISION;44;EconomicOperands
DOCUMENT;16;EconomicOperands
DURATION;6;EconomicOperands
DWELLING;2;EconomicOperands
ECONOMIC;46;EconomicOperands
ELECTION;23;EconomicOperands
ELIGIBLE;31;EconomicOperands
EMERGING;4;EconomicOperands
EMPHASIS;0;EconomicOperands
EMPLOYED;28;EconomicOperands
EMPLOYEE;177;EconomicOperands
ENFORCED;19;EconomicOperands
ENGAGING;15;EconomicOperands
ENHANCED;24;EconomicOperands
ENTERING;15;EconomicOperands
ENTITIES;160;EconomicOperands
ENTITLED;24;EconomicOperands
ESCROWED;0;EconomicOperands
ESTIMATE;12;EconomicOperands
EVASIONS;7;EconomicOperands
EVICTION;0;EconomicOperands
EVIDENCE;28;EconomicOperands
EXCHANGE;99;EconomicOperands
EXCLUDED;14;EconomicOperands
EXISTING;47;EconomicOperands
EXPECTED;19;EconomicOperands
EXPENDED;10;EconomicOperands
EXPENSES;48;EconomicOperands
EXTENDED;22;EconomicOperands
EXTERNAL;2;EconomicOperands
FINANCED;1;EconomicOperands
FINDINGS;47;EconomicOperands
FORMULAE;0;EconomicOperands
FUNCTION;24;EconomicOperands
GRANTEES;0;EconomicOperands
GUIDANCE;24;EconomicOperands
HANDBOOK;0;EconomicOperands
HEARINGS;6;EconomicOperands
IDENTIFY;60;EconomicOperands
IDENTITY;19;EconomicOperands
IMPORTED;0;EconomicOperands
INCIDENT;1;EconomicOperands
INCLUDED;21;EconomicOperands
INCLUDES;68;EconomicOperands
INCURRED;27;EconomicOperands
INDICATE;2;EconomicOperands
INDIRECT;8;EconomicOperands
INDUSTRY;20;EconomicOperands
INSTRUCT;2;EconomicOperands
INSURING;0;EconomicOperands
INTEREST;217;EconomicOperands
INTERIOR;0;EconomicOperands
INTERNAL;48;EconomicOperands
INTERNET;11;EconomicOperands
INVOLVED;20;EconomicOperands
ISSUANCE;47;EconomicOperands
JUDGMENT;29;EconomicOperands
JUDICIAL;35;EconomicOperands
LANGUAGE;4;EconomicOperands
LICENSED;19;EconomicOperands
LICENSES;1;EconomicOperands
LIFETIME;0;EconomicOperands
LOCATION;5;EconomicOperands
LUMP SUM;0;EconomicOperands
MAINTAIN;91;EconomicOperands
MATERIAL;94;EconomicOperands
MATURITY;8;EconomicOperands
MEASURES;27;EconomicOperands
MEETINGS;10;EconomicOperands
MINORITY;24;EconomicOperands
MISSTATE;0;EconomicOperands
MORTGAGE;51;EconomicOperands
MULTIPLE;14;EconomicOperands
NATIONAL;113;EconomicOperands
NONPRIME;0;EconomicOperands
NOTIFIED;7;EconomicOperands
NOTIFIES;10;EconomicOperands
OBTAINED;43;EconomicOperands
OFFERING;52;EconomicOperands
OMISSION;18;EconomicOperands
OPERATED;10;EconomicOperands
OPERATES;10;EconomicOperands
OPINIONS;0;EconomicOperands
ORIGINAL;5;EconomicOperands
OUTREACH;1;EconomicOperands
OVERSEES;2;EconomicOperands
PACKAGES;0;EconomicOperands
PAMPHLET;0;EconomicOperands
PAYMENTS;62;EconomicOperands
PER DIEM;2;EconomicOperands
PERFORMS;10;EconomicOperands
PERSONAL;25;EconomicOperands
PHYSICAL;7;EconomicOperands
PLANNING;14;EconomicOperands
POLICIES;76;EconomicOperands
PORTIONS;1;EconomicOperands
POSITION;95;EconomicOperands
PRACTICE;59;EconomicOperands
PRE-LOAN;0;EconomicOperands
PREMIUMS;5;EconomicOperands
PREPARED;13;EconomicOperands
PRESENCE;2;EconomicOperands
PRIORITY;23;EconomicOperands
PROBABLE;1;EconomicOperands
PROCEEDS;19;EconomicOperands
PRODUCED;5;EconomicOperands
PRODUCTS;53;EconomicOperands
PROGRAMS;45;EconomicOperands
PROGRESS;2;EconomicOperands
PROJECTS;2;EconomicOperands
PROMOTES;1;EconomicOperands
PROPERTY;160;EconomicOperands
PROVIDES;67;EconomicOperands
PUBLICLY;26;EconomicOperands
PURCHASE;86;EconomicOperands
PURPOSES;381;EconomicOperands
PURSUANT;0;EconomicOperands
RECEIPTS;14;EconomicOperands
RECEIVED;100;EconomicOperands
RECEIVES;38;EconomicOperands
REDUCING;2;EconomicOperands
REFLECTS;0;EconomicOperands
REGISTER;52;EconomicOperands
REGISTRY;1;EconomicOperands
REJECTED;0;EconomicOperands
RELATION;3;EconomicOperands
RELIABLE;5;EconomicOperands
REMEDIES;32;EconomicOperands
REMINDER;0;EconomicOperands
RENDERED;4;EconomicOperands
REQUESTS;22;EconomicOperands
RESEARCH;31;EconomicOperands
RESERVES;2;EconomicOperands
RESIDING;0;EconomicOperands
RESIDUAL;1;EconomicOperands
RESOLVED;2;EconomicOperands
RESPONSE;50;EconomicOperands
RETAILER;24;EconomicOperands
RETAINED;8;EconomicOperands
RETURNED;0;EconomicOperands
REVENUES;5;EconomicOperands
REVISION;4;EconomicOperands
SANITARY;0;EconomicOperands
SCHEDULE;12;EconomicOperands
SEASONAL;1;EconomicOperands
SECURING;6;EconomicOperands
SECURITY;213;EconomicOperands
SEPARATE;30;EconomicOperands
SERVICER;1;EconomicOperands
SERVICES;214;EconomicOperands
SETTLING;1;EconomicOperands
SOFTWARE;2;EconomicOperands
STAFFING;2;EconomicOperands
STANDARD;58;EconomicOperands
STANDING;0;EconomicOperands
STEERING;0;EconomicOperands
SUBPRIME;0;EconomicOperands
TARGETED;1;EconomicOperands
TAXATION;4;EconomicOperands
TOWNSHIP;0;EconomicOperands
TRACKING;2;EconomicOperands
TRAINING;12;EconomicOperands
TRANSFER;203;EconomicOperands
TRANSMIT;14;EconomicOperands
TREASURY;23;EconomicOperands
UNBIASED;0;EconomicOperands
UPDATING;2;EconomicOperands
VARIABLE;1;EconomicOperands
VERIFIED;1;EconomicOperands
VERIFIES;0;EconomicOperands
VETERANS;3;EconomicOperands
VICINITY;0;EconomicOperands
VIOLATED;14;EconomicOperands
VIOLATES;9;EconomicOperands
VOUCHERS;0;EconomicOperands
WARNINGS;0;EconomicOperands
WARRANTS;6;EconomicOperands
WITHHOLD;3;EconomicOperands
COMMONLY;1;FunctionWords
CONTENTS;21;FunctionWords
DOES NOT;156;FunctionWords
MODIFIED;12;FunctionWords
SPECIFIC;54;FunctionWords
WHATEVER;0;FunctionWords
3 REPORT;10;LegalReferences
CLAUSE I;144;LegalReferences
SUBTITLE;8;LegalReferences
THIS ACT;331;LegalReferences
TITLE II;10;LegalReferences
TITLE XI;2;LegalReferences
AT FIRST;0;LogicalConnectors
AT LEAST;34;LogicalConnectors
EQUAL TO;39;LogicalConnectors
PREVIOUS;13;LogicalConnectors
PROVIDED;385;LogicalConnectors
SO AS TO;12;LogicalConnectors
ADDITION;0;MathematicalOperators
DECREASE;2;MathematicalOperators
INCREASE;40;MathematicalOperators
NEGATIVE;4;MathematicalOperators
AMENDING;14;Other
BASED ON;76;Other
BECOMING;1;Other
DESCRIBE;16;Other
PRECEDES;0;Other
PROVISOS;0;Other
SECTIONS;17;Other
SENTENCE;72;Other
STRIKING;957;Other
COERCION;0;RegulatoryOperators
MANDATED;4;RegulatoryOperators
UNLAWFUL;49;RegulatoryOperators
APPROVAL;68;RegulatoryOperators
ASSIGNED;5;RegulatoryOperators
COMPUTED;0;RegulatoryOperators
ENSURING;10;RegulatoryOperators
LIMITING;33;RegulatoryOperators
PROHIBIT;23;RegulatoryOperators
REPEALED;12;RegulatoryOperators
REQUIRED;492;RegulatoryOperators
REQUIRES;23;RegulatoryOperators
SUBTRACT;0;RegulatoryOperators
SUITABLE;2;RegulatoryOperators
1000000;7;Attributes
120-DAY;1;Attributes
14 DAYS;1;Attributes
14 UNIT;0;Attributes
15 DAYS;4;Attributes
1-MONTH;0;Attributes
2 YEARS;27;Attributes
30 DAYS;48;Attributes
3000000;0;Attributes
5 YEARS;29;Attributes
60 DAYS;31;Attributes
6-MONTH;12;Attributes
90 DAYS;42;Attributes
ALREADY;8;Attributes
EARLIER;8;Attributes
JUNE 15;0;Attributes
MONTHLY;3;Attributes
PERCENT;9;Attributes
PRUDENT;3;Attributes
QUARTER;8;Attributes
ABILITY;63;EconomicOperands
ABSENCE;8;EconomicOperands
ABUSIVE;21;EconomicOperands
ACCEPTS;6;EconomicOperands
ACCOUNT;149;EconomicOperands
ACHIEVE;15;EconomicOperands
ACTIONS;116;EconomicOperands
ADDRESS;39;EconomicOperands
ADJUSTS;0;EconomicOperands
ADVANCE;24;EconomicOperands
ADVERSE;11;EconomicOperands
ADVISES;3;EconomicOperands
AFFAIRS;23;EconomicOperands
AFFECTS;8;EconomicOperands
AFFORDS;6;EconomicOperands
AGENCYS;7;EconomicOperands
ALLEGED;26;EconomicOperands
AMOUNTS;92;EconomicOperands
APPLIED;29;EconomicOperands
APPOINT;21;EconomicOperands
ARISING;63;EconomicOperands
ARRANGE;1;EconomicOperands
ASSISTS;0;EconomicOperands
ASSURED;0;EconomicOperands
AT-RISK;0;EconomicOperands
AVOIDED;2;EconomicOperands
BALANCE;14;EconomicOperands
BANKING;44;EconomicOperands
BECOMES;12;EconomicOperands
BELIEVE;23;EconomicOperands
BENEFIT;53;EconomicOperands
BOOKLET;0;EconomicOperands
BOROUGH;0;EconomicOperands
BROKERS;95;EconomicOperands
BROUGHT;51;EconomicOperands
CAPABLE;1;EconomicOperands
CAPITAL;117;EconomicOperands
CAUSING;3;EconomicOperands
CENTERS;0;EconomicOperands
CERTIFY;5;EconomicOperands
CHANGES;43;EconomicOperands
CHARGED;16;EconomicOperands
CHARGES;27;EconomicOperands
CHOICES;1;EconomicOperands
CHOOSES;1;EconomicOperands
CLAUSES;4;EconomicOperands
CLEARLY;7;EconomicOperands
CLIENTS;12;EconomicOperands
CLOSING;10;EconomicOperands
CLOSURE;0;EconomicOperands
COLLECT;18;EconomicOperands
COLLUDE;0;EconomicOperands
COMMENT;28;EconomicOperands
COMPANY;314;EconomicOperands
COMPLEX;12;EconomicOperands
CONDUCT;195;EconomicOperands
CONTACT;2;EconomicOperands
CONTAIN;35;EconomicOperands
CONTROL;84;EconomicOperands
CORRECT;2;EconomicOperands
COUNCIL;369;EconomicOperands
COURIER;1;EconomicOperands
COURSES;4;EconomicOperands
COVERED;42;EconomicOperands
CREATED;10;EconomicOperands
DAMAGES;36;EconomicOperands
DANGERS;0;EconomicOperands
DEFAULT;62;EconomicOperands
DEFENSE;5;EconomicOperands
DEFINED;296;EconomicOperands
DENSITY;0;EconomicOperands
DERIVED;14;EconomicOperands
DETAILS;10;EconomicOperands
DEVELOP;24;EconomicOperands
DISPUTE;19;EconomicOperands
DROPPED;0;EconomicOperands
DRYWALL;0;EconomicOperands
EDUCATE;5;EconomicOperands
EFFECTS;23;EconomicOperands
EFFORTS;28;EconomicOperands
ELDERLY;0;EconomicOperands
EMPLOYS;6;EconomicOperands
ENGLISH;1;EconomicOperands
ENHANCE;16;EconomicOperands
ENSURES;2;EconomicOperands
EVADING;2;EconomicOperands
EVASION;15;EconomicOperands
EXAMINE;28;EconomicOperands
EXCLUDE;10;EconomicOperands
EXPENSE;5;EconomicOperands
EXPOSED;1;EconomicOperands
EXPRESS;0;EconomicOperands
EXTORTS;0;EconomicOperands
FACTORS;55;EconomicOperands
FAILURE;52;EconomicOperands
FALLING;0;EconomicOperands
FEDERAL;490;EconomicOperands
FINANCE;64;EconomicOperands
FINDING;22;EconomicOperands
FORFEIT;1;EconomicOperands
FORGERY;0;EconomicOperands
FORMULA;0;EconomicOperands
FULFILL;8;EconomicOperands
FUNDING;47;EconomicOperands
FURNISH;16;EconomicOperands
GETTING;0;EconomicOperands
HISTORY;7;EconomicOperands
HOTLINE;2;EconomicOperands
HOUSING;47;EconomicOperands
IMPOSED;69;EconomicOperands
IMPOUND;0;EconomicOperands
IMPROVE;27;EconomicOperands
INCLUDE;217;EconomicOperands
INCOMES;0;EconomicOperands
INDEXED;3;EconomicOperands
INDUCES;0;EconomicOperands
INITIAL;37;EconomicOperands
INSURED;70;EconomicOperands
INTERIM;19;EconomicOperands
INVOLVE;5;EconomicOperands
ISSUERS;64;EconomicOperands
ISSUING;24;EconomicOperands
LARCENY;0;EconomicOperands
LENDERS;6;EconomicOperands
LENDING;50;EconomicOperands
LICENSE;9;EconomicOperands
LOCATED;42;EconomicOperands
LOCK IN;0;EconomicOperands
MAILING;4;EconomicOperands
MEDICAL;4;EconomicOperands
MEETING;22;EconomicOperands
MEMBERS;114;EconomicOperands
METHODS;20;EconomicOperands
MISSION;7;EconomicOperands
MISUSED;0;EconomicOperands
MONITOR;30;EconomicOperands
NETWORK;10;EconomicOperands
NOTICES;7;EconomicOperands
NUMBERS;2;EconomicOperands
OBLIGOR;5;EconomicOperands
OFFERED;30;EconomicOperands
OFFICES;11;EconomicOperands
OPERATE;21;EconomicOperands
OPTIONS;33;EconomicOperands
ORDERED;11;EconomicOperands
PARTIAL;4;EconomicOperands
PARTIES;26;EconomicOperands
PAYABLE;10;EconomicOperands
PAYMENT;122;EconomicOperands
PAYROLL;0;EconomicOperands
PENALTY;66;EconomicOperands
PERFORM;50;EconomicOperands
PERSONS;184;EconomicOperands
PLANNED;2;EconomicOperands
PORTION;29;EconomicOperands
POSTING;3;EconomicOperands
PREMIUM;2;EconomicOperands
PREPAID;7;EconomicOperands
PREPARE;28;EconomicOperands
PRICING;15;EconomicOperands
PRIMARY;37;EconomicOperands
PRIVACY;11;EconomicOperands
PRIVATE;48;EconomicOperands
PROCESS;68;EconomicOperands
PRODUCT;66;EconomicOperands
PROGRAM;112;EconomicOperands
PROMOTE;40;EconomicOperands
PROTECT;40;EconomicOperands
PROVIDE;297;EconomicOperands
PUBLISH;30;EconomicOperands
PURPOSE;72;EconomicOperands
QUALIFY;8;EconomicOperands
QUALITY;14;EconomicOperands
QUICKLY;0;EconomicOperands
RECEIPT;68;EconomicOperands
RECEIVE;48;EconomicOperands
RECORDS;134;EconomicOperands
RECRUIT;0;EconomicOperands
REDUCED;11;EconomicOperands
REDUCES;2;EconomicOperands
REFLECT;21;EconomicOperands
REFORMS;7;EconomicOperands
REFUSED;1;EconomicOperands
REGULAR;18;EconomicOperands
REMAINS;5;EconomicOperands
RENEWAL;1;EconomicOperands
RENTERS;0;EconomicOperands
RENTING;0;EconomicOperands
REPLACE;0;EconomicOperands
REPORTS;231;EconomicOperands
REQUEST;180;EconomicOperands
RESCUES;0;EconomicOperands
RESIDES;5;EconomicOperands
RESPOND;7;EconomicOperands
RESULTS;58;EconomicOperands
RESUMES;0;EconomicOperands
RETAINS;6;EconomicOperands
RETURNS;0;EconomicOperands
REVENUE;19;EconomicOperands
REVIEWS;20;EconomicOperands
REVISED;3;EconomicOperands
REVOKED;5;EconomicOperands
ROLE OF;10;EconomicOperands
SATISFY;15;EconomicOperands
SCHEMES;2;EconomicOperands
SECURED;25;EconomicOperands
SECURES;0;EconomicOperands
SEEKING;22;EconomicOperands
SEGMENT;2;EconomicOperands
SELECTS;1;EconomicOperands
SELLING;10;EconomicOperands
SERVICE;101;EconomicOperands
SERVING;34;EconomicOperands
SESSION;2;EconomicOperands
SET-OFF;0;EconomicOperands
SETTING;23;EconomicOperands
SHARING;20;EconomicOperands
SHOPPED;0;EconomicOperands
SOURCES;20;EconomicOperands
SPANISH;0;EconomicOperands
SPECIAL;45;EconomicOperands
STUDIES;11;EconomicOperands
SUBJECT;43;EconomicOperands
SUMMARY;10;EconomicOperands
SUPPORT;58;EconomicOperands
SURVEYS;2;EconomicOperands
SYSTEMS;58;EconomicOperands
TAXABLE;0;EconomicOperands
TENANCY;1;EconomicOperands
TENANTS;0;EconomicOperands
TESTING;4;EconomicOperands
TRADING;116;EconomicOperands
TYPICAL;1;EconomicOperands
UNIFORM;11;EconomicOperands
UNSOUND;6;EconomicOperands
UPDATED;1;EconomicOperands
UPFRONT;0;EconomicOperands
UTILIZE;8;EconomicOperands
VALUING;0;EconomicOperands
VERSION;3;EconomicOperands
VIOLATE;5;EconomicOperands
WEBSITE;15;EconomicOperands
WORKING;13;EconomicOperands
WRITING;70;EconomicOperands
WRITTEN;106;EconomicOperands
AGAINST;149;FunctionWords
ANOTHER;61;FunctionWords
BETWEEN;110;FunctionWords
CERTAIN;92;FunctionWords
CURRENT;38;FunctionWords
FAILING;4;FunctionWords
FOLLOWS;44;FunctionWords
GENERAL;132;FunctionWords
MATTERS;34;FunctionWords
PENDING;17;FunctionWords
PRESENT;28;FunctionWords
RELATED;102;FunctionWords
SAVINGS;38;FunctionWords
SEVERAL;2;FunctionWords
THEREOF;109;FunctionWords
THROUGH;222;FunctionWords
VARIOUS;6;FunctionWords
VARYING;2;FunctionWords
WITHOUT;99;FunctionWords
SECTION;30;LegalReferences
TITLE 5;90;LegalReferences
TITLE I;10;LegalReferences
TITLE X;3;LegalReferences
JOINTLY;94;LogicalConnectors
NOTHING;97;LogicalConnectors
EQUALLY;2;LogicalConnectors
EXCEEDS;13;LogicalConnectors
FURTHER;43;LogicalConnectors
GRANTED;42;LogicalConnectors
GREATER;17;LogicalConnectors
HOWEVER;8;LogicalConnectors
IN CASE;4;LogicalConnectors
IN FACT;0;LogicalConnectors
IN THAT;11;LogicalConnectors
ONLY IF;20;LogicalConnectors
OVERALL;12;LogicalConnectors
SIMILAR;107;LogicalConnectors
SO THAT;10;LogicalConnectors
SUCH AS;22;LogicalConnectors
THAT IS;501;LogicalConnectors
WHETHER;263;LogicalConnectors
AVERAGE;7;MathematicalOperators
HIGHEST;3;MathematicalOperators
MAXIMUM;25;MathematicalOperators
MINIMUM;70;MathematicalOperators
SMALLER;6;MathematicalOperators
ADOPTED;39;Other
APPEARS;136;Other
CHAPTER;17;Other
CONTENT;20;Other
HEADING;16;Other
MEANING;67;Other
PROVISO;2;Other
STATUTE;34;Other
THEREIN;27;Other
COERCES;0;RegulatoryOperators
LIMITED;28;RegulatoryOperators
ALLOWED;27;RegulatoryOperators
AMENDED;552;RegulatoryOperators
CONFORM;14;RegulatoryOperators
ENFORCE;123;RegulatoryOperators
PERMITS;2;RegulatoryOperators
PREVENT;64;RegulatoryOperators
REQUIRE;211;RegulatoryOperators
TRIPLED;0;RegulatoryOperators
15-DAY;0;Attributes
1-YEAR;19;Attributes
3 DAYS;2;Attributes
30-DAY;11;Attributes
3-YEAR;6;Attributes
500000;1;Attributes
FOURTH;3;Attributes
LIKELY;27;Attributes
PROMPT;7;Attributes
TIMELY;49;Attributes
WEEKLY;0;Attributes
ACCEPT;30;EconomicOperands
ACCESS;98;EconomicOperands
ACCRUE;3;EconomicOperands
ACTING;57;EconomicOperands
ACTION;359;EconomicOperands
ACTUAL;21;EconomicOperands
ADJUST;10;EconomicOperands
ADVICE;73;EconomicOperands
ADVISE;9;EconomicOperands
AGENCY;402;EconomicOperands
AGENTS;14;EconomicOperands
AMOUNT;262;EconomicOperands
ANNUAL;105;EconomicOperands
ARISES;11;EconomicOperands
ASKING;0;EconomicOperands
ASSERT;5;EconomicOperands
ASSESS;19;EconomicOperands
ASSETS;221;EconomicOperands
ASSIST;19;EconomicOperands
ASSURE;5;EconomicOperands
AUDITS;11;EconomicOperands
BANKER;0;EconomicOperands
BECOME;45;EconomicOperands
BOARDS;13;EconomicOperands
BODIES;4;EconomicOperands
BRIBES;0;EconomicOperands
BRIDGE;12;EconomicOperands
BROKER;121;EconomicOperands
BUDGET;36;EconomicOperands
BUREAU;777;EconomicOperands
BUYERS;1;EconomicOperands
BUYING;2;EconomicOperands
CHANGE;96;EconomicOperands
CHARGE;18;EconomicOperands
CHOICE;1;EconomicOperands
CHOOSE;2;EconomicOperands
CLAIMS;85;EconomicOperands
CLOSED;1;EconomicOperands
COMBAT;2;EconomicOperands
COPIES;15;EconomicOperands
COUNTY;7;EconomicOperands
COUPON;0;EconomicOperands
COURSE;14;EconomicOperands
CREATE;16;EconomicOperands
CREDIT;176;EconomicOperands
DEALER;153;EconomicOperands
DEFINE;28;EconomicOperands
DENIAL;5;EconomicOperands
DENIED;0;EconomicOperands
DENIES;2;EconomicOperands
DETAIL;7;EconomicOperands
DIRECT;42;EconomicOperands
DOLLAR;25;EconomicOperands
DUTIES;116;EconomicOperands
EFFECT;138;EconomicOperands
EFFORT;2;EconomicOperands
ENABLE;15;EconomicOperands
ENDING;16;EconomicOperands
ENGAGE;42;EconomicOperands
ENTITY;202;EconomicOperands
EQUITY;57;EconomicOperands
ERRORS;3;EconomicOperands
ESCROW;2;EconomicOperands
ESTATE;25;EconomicOperands
ETHNIC;2;EconomicOperands
EXISTS;12;EconomicOperands
EXPECT;1;EconomicOperands
EXTEND;30;EconomicOperands
EXTENT;108;EconomicOperands
EXTORT;2;EconomicOperands
FACING;0;EconomicOperands
FACTOR;9;EconomicOperands
FAILED;10;EconomicOperands
FAMILY;7;EconomicOperands
FELONY;1;EconomicOperands
FISCAL;93;EconomicOperands
FOLLOW;11;EconomicOperands
FORCED;1;EconomicOperands
FORMAL;7;EconomicOperands
FUNDED;7;EconomicOperands
FUTURE;74;EconomicOperands
GENDER;3;EconomicOperands
GRANTS;13;EconomicOperands
GROUND;3;EconomicOperands
HARBOR;3;EconomicOperands
HAZARD;1;EconomicOperands
HEALTH;33;EconomicOperands
HIRING;7;EconomicOperands
HOLDER;18;EconomicOperands
HYBRID;11;EconomicOperands
IMPACT;61;EconomicOperands
INCOME;30;EconomicOperands
INDUCE;5;EconomicOperands
INFORM;7;EconomicOperands
INSURE;4;EconomicOperands
INTENT;14;EconomicOperands
ISSUED;171;EconomicOperands
ISSUES;57;EconomicOperands
JUNIOR;1;EconomicOperands
LENDER;2;EconomicOperands
LENGTH;4;EconomicOperands
LEVELS;16;EconomicOperands
LIABLE;18;EconomicOperands
LOCATE;0;EconomicOperands
MANAGE;9;EconomicOperands
MARGIN;70;EconomicOperands
MARKET;215;EconomicOperands
MASTER;40;EconomicOperands
MEMBER;170;EconomicOperands
METHOD;7;EconomicOperands
MISUSE;0;EconomicOperands
MODELS;10;EconomicOperands
MODIFY;19;EconomicOperands
NATURE;72;EconomicOperands
NEEDED;8;EconomicOperands
NOTICE;245;EconomicOperands
NOTIFY;43;EconomicOperands
NUMBER;64;EconomicOperands
OBTAIN;43;EconomicOperands
OCCURS;11;EconomicOperands
OFFERS;20;EconomicOperands
OFFICE;296;EconomicOperands
OPTION;87;EconomicOperands
ORDERS;102;EconomicOperands
OTHERS;11;EconomicOperands
OWNERS;5;EconomicOperands
PARISH;0;EconomicOperands
PAYING;3;EconomicOperands
PAYOFF;0;EconomicOperands
PERIOD;280;EconomicOperands
PERSON;871;EconomicOperands
PLACED;11;EconomicOperands
POINTS;1;EconomicOperands
POLICY;51;EconomicOperands
PRICES;5;EconomicOperands
PROPER;7;EconomicOperands
PUBLIC;286;EconomicOperands
PURSUE;3;EconomicOperands
RANDOM;0;EconomicOperands
REASON;17;EconomicOperands
RECORD;43;EconomicOperands
REFORM;4;EconomicOperands
REFUND;4;EconomicOperands
REGARD;30;EconomicOperands
REGION;0;EconomicOperands
RELATE;17;EconomicOperands
RELIEF;35;EconomicOperands
RELIES;6;EconomicOperands
REMAIN;37;EconomicOperands
REMEDY;5;EconomicOperands
RENTAL;4;EconomicOperands
REPAID;5;EconomicOperands
REPAIR;1;EconomicOperands
REPORT;533;EconomicOperands
RESCUE;1;EconomicOperands
RESETS;0;EconomicOperands
RESULT;40;EconomicOperands
RESUME;0;EconomicOperands
RETAIN;23;EconomicOperands
RETURN;20;EconomicOperands
REVIEW;200;EconomicOperands
REVISE;7;EconomicOperands
RIGHTS;116;EconomicOperands
SAFETY;57;EconomicOperands
SAMPLE;1;EconomicOperands
SECTOR;18;EconomicOperands
SECURE;38;EconomicOperands
SELECT;8;EconomicOperands
SELLER;31;EconomicOperands
SENATE;146;EconomicOperands
SERVES;7;EconomicOperands
SETOFF;12;EconomicOperands
SHARED;4;EconomicOperands
SHARES;13;EconomicOperands
SINGLE;22;EconomicOperands
SOURCE;29;EconomicOperands
SPREAD;2;EconomicOperands
STATED;5;EconomicOperands
STATES;25;EconomicOperands
STATUS;65;EconomicOperands
SUBMIT;172;EconomicOperands
SUPPLY;2;EconomicOperands
SYSTEM;167;EconomicOperands
TAKING;51;EconomicOperands
TARGET;4;EconomicOperands
TENANT;0;EconomicOperands
THINGS;21;EconomicOperands
TRAVEL;6;EconomicOperands
UNABLE;9;EconomicOperands
UNFAIR;24;EconomicOperands
UNIQUE;2;EconomicOperands
UNUSED;0;EconomicOperands
UPDATE;9;EconomicOperands
VALUES;9;EconomicOperands
VARIES;0;EconomicOperands
VERIFY;9;EconomicOperands
VOLUME;20;EconomicOperands
WIDELY;2;EconomicOperands
BEHIND;0;FunctionWords
COMMON;10;FunctionWords
DURING;126;FunctionWords
GIVING;10;FunctionWords
HAVING;49;FunctionWords
HEREBY;3;FunctionWords
MAKING;89;FunctionWords
SAVING;0;FunctionWords
TOWARD;5;FunctionWords
VERSUS;3;FunctionWords
CLAUSE;47;LegalReferences
ANYONE;0;LogicalConnectors
ALMOST;0;LogicalConnectors
BEFORE;317;LogicalConnectors
DUE TO;8;LogicalConnectors
EITHER;42;LogicalConnectors
ENTIRE;4;LogicalConnectors
EXCEPT;144;LogicalConnectors
HIGHER;16;LogicalConnectors
LARGER;1;LogicalConnectors
LESSER;0;LogicalConnectors
RATIOS;1;LogicalConnectors
SECOND;26;LogicalConnectors
SOLELY;66;LogicalConnectors
THOUGH;6;LogicalConnectors
UNLESS;160;LogicalConnectors
WITHIN;178;LogicalConnectors
EXCEED;37;MathematicalOperators
MEDIAN;1;MathematicalOperators
ADDING;234;MathematicalOperators
INSERT;6;Other
MANNER;170;Other
MATTER;58;Other
MOVING;0;Other
PURELY;0;Other
SUNSET;3;Other
TABLES;0;Other
TOPICS;1;Other
COERCE;0;RegulatoryOperators
LIMITS;78;RegulatoryOperators
SHOULD;56;RegulatoryOperators
ALLOWS;8;RegulatoryOperators
COMPLY;62;RegulatoryOperators
DEEMED;94;RegulatoryOperators
DIVIDE;0;RegulatoryOperators
ENSURE;119;RegulatoryOperators
EXEMPT;73;RegulatoryOperators
IMPOSE;56;RegulatoryOperators
PERMIT;42;RegulatoryOperators
REMOVE;6;RegulatoryOperators
WAIVER;32;RegulatoryOperators
10000;2;Attributes
20000;0;Attributes
FIRST;65;Attributes
SIXTH;0;Attributes
THIRD;35;Attributes
TWICE;6;Attributes
ACTED;1;EconomicOperands
ADOPT;78;EconomicOperands
AGENT;63;EconomicOperands
AGING;3;EconomicOperands
AGREE;11;EconomicOperands
AMEND;15;EconomicOperands
AREAS;19;EconomicOperands
ARENA;0;EconomicOperands
ASSET;55;EconomicOperands
AUDIT;57;EconomicOperands
AVOID;21;EconomicOperands
AWARD;43;EconomicOperands
AWARE;3;EconomicOperands
BASIC;13;EconomicOperands
BEGIN;7;EconomicOperands
BOARD;457;EconomicOperands
BRIBE;0;EconomicOperands
BRIEF;2;EconomicOperands
BUYER;4;EconomicOperands
CARDS;0;EconomicOperands
CAUSE;54;EconomicOperands
CHINA;0;EconomicOperands
CIVIL;84;EconomicOperands
CLAIM;116;EconomicOperands
CLASS;101;EconomicOperands
CLEAR;27;EconomicOperands
CLOSE;1;EconomicOperands
COSTS;52;EconomicOperands
COURT;196;EconomicOperands
COVER;16;EconomicOperands
CURED;0;EconomicOperands
CYCLE;1;EconomicOperands
DATES;5;EconomicOperands
DEFER;3;EconomicOperands
DELAY;9;EconomicOperands
EMAIL;0;EconomicOperands
ENJOY;0;EconomicOperands
ENTER;47;EconomicOperands
EQUAL;14;EconomicOperands
ERROR;18;EconomicOperands
EVENT;37;EconomicOperands
EXIST;8;EconomicOperands
FAILS;13;EconomicOperands
FIELD;6;EconomicOperands
FINAL;132;EconomicOperands
FINDS;39;EconomicOperands
FIXED;10;EconomicOperands
FLOOD;0;EconomicOperands
FORCE;8;EconomicOperands
FORMS;10;EconomicOperands
FRAUD;38;EconomicOperands
FULLY;17;EconomicOperands
FUNDS;169;EconomicOperands
GOALS;7;EconomicOperands
GRACE;0;EconomicOperands
GRANT;38;EconomicOperands
HOLDS;19;EconomicOperands
HOMES;2;EconomicOperands
INDEX;40;EconomicOperands
INPUT;3;EconomicOperands
ISSUE;157;EconomicOperands
ITEMS;20;EconomicOperands
KNOWS;2;EconomicOperands
LACKS;0;EconomicOperands
LARGE;28;EconomicOperands
LEGAL;69;EconomicOperands
LEVEL;31;EconomicOperands
LISTS;0;EconomicOperands
LOANS;61;EconomicOperands
LOCAL;26;EconomicOperands
LOWER;5;EconomicOperands
MEANS;380;EconomicOperands
MEETS;39;EconomicOperands
MODEL;28;EconomicOperands
MONEY;65;EconomicOperands
MORAL;0;EconomicOperands
NAMES;4;EconomicOperands
NEEDS;22;EconomicOperands
NEWLY;1;EconomicOperands
NORMS;0;EconomicOperands
OFFER;32;EconomicOperands
OLDER;1;EconomicOperands
ORDER;249;EconomicOperands
OWNED;28;EconomicOperands
OWNER;0;EconomicOperands
PAINT;0;EconomicOperands
PANEL;11;EconomicOperands
PARTY;104;EconomicOperands
PIECE;0;EconomicOperands
PLACE;193;EconomicOperands
PLAIN;0;EconomicOperands
PLANS;36;EconomicOperands
POINT;3;EconomicOperands
POWER;27;EconomicOperands
PRICE;77;EconomicOperands
PRIOR;77;EconomicOperands
RADON;0;EconomicOperands
RANGE;11;EconomicOperands
RAPID;2;EconomicOperands
RATES;26;EconomicOperands
REFER;5;EconomicOperands
RENEW;2;EconomicOperands
RENTS;0;EconomicOperands
REPAY;3;EconomicOperands
RESET;0;EconomicOperands
RESPA;0;EconomicOperands
RIGHT;73;EconomicOperands
RISKS;110;EconomicOperands
RULES;498;EconomicOperands
RURAL;1;EconomicOperands
SALES;25;EconomicOperands
SCAMS;0;EconomicOperands
SCOPE;51;EconomicOperands
SEEKS;5;EconomicOperands
SENSE;4;EconomicOperands
SERVE;65;EconomicOperands
SEWER;0;EconomicOperands
SIGNS;1;EconomicOperands
STAFF;31;EconomicOperands
STATE;510;EconomicOperands
STEPS;30;EconomicOperands
STOCK;37;EconomicOperands
STUDY;227;EconomicOperands
TASKS;1;EconomicOperands
TAXES;4;EconomicOperands
THEFT;2;EconomicOperands
TIMES;27;EconomicOperands
TRADE;165;EconomicOperands
TRUST;44;EconomicOperands
TYPES;43;EconomicOperands
UNITS;8;EconomicOperands
URBAN;1;EconomicOperands
USAGE;1;EconomicOperands
USING;25;EconomicOperands
VALID;11;EconomicOperands
VALUE;94;EconomicOperands
VISIT;0;EconomicOperands
WATER;0;EconomicOperands
WORTH;0;EconomicOperands
YEARS;38;EconomicOperands
YIELD;5;EconomicOperands
ABOUT;62;FunctionWords
ABOVE;4;FunctionWords
ALONG;4;FunctionWords
AMONG;53;FunctionWords
BEING;43;FunctionWords
BELOW;0;FunctionWords
EVERY;28;FunctionWords
FORTH;7;FunctionWords
GIVEN;21;FunctionWords
MAKES;39;FunctionWords
PARTS;1;FunctionWords
TAKES;20;FunctionWords
THEIR;102;FunctionWords
THERE;82;FunctionWords
THESE;4;FunctionWords
THOSE;76;FunctionWords
UNDER;2581;FunctionWords
WHICH;909;FunctionWords
WHOLE;20;FunctionWords
WHOSE;28;FunctionWords
WOULD;179;FunctionWords
TITLE;19;LegalReferences
OTHER;1415;LogicalConnectors
UNTIL;49;LogicalConnectors
WHERE;47;LogicalConnectors
AFTER;803;LogicalConnectors
ALONE;2;LogicalConnectors
RATIO;9;LogicalConnectors
WHILE;27;LogicalConnectors
FEWER;1;MathematicalOperators
TOTAL;77;MathematicalOperators
ADDED;41;MathematicalOperators
APPLY;206;Other
BASED;18;Other
BASIS;111;Other
CITED;13;Other
FOUND;21;Other
KNOWN;29;Other
TABLE;8;Other
TAKEN;74;Other
TERMS;210;Other
LIMIT;93;RegulatoryOperators
ALLOW;24;RegulatoryOperators
SHALL;3287;RegulatoryOperators
WAIVE;8;RegulatoryOperators
1000;4;Attributes
1995;0;Attributes
1996;0;Attributes
2000;0;Attributes
2001;0;Attributes
2003;2;Attributes
2004;0;Attributes
2005;0;Attributes
2006;0;Attributes
2007;0;Attributes
2008;0;Attributes
2009;3;Attributes
2010;7;Attributes
2011;9;Attributes
2012;12;Attributes
2013;4;Attributes
2014;2;Attributes
5000;6;Attributes
DAYS;7;Attributes
FOUR;0;Attributes
ABLE;15;EconomicOperands
AREA;17;EconomicOperands
BEST;16;EconomicOperands
BILL;1;EconomicOperands
BODY;19;EconomicOperands
BOOK;3;EconomicOperands
CITY;2;EconomicOperands
CODE;18;EconomicOperands
COME;2;EconomicOperands
COPY;39;EconomicOperands
COST;45;EconomicOperands
DATA;235;EconomicOperands
DATE;634;EconomicOperands
DEBT;80;EconomicOperands
DEED;0;EconomicOperands
DUAL;6;EconomicOperands
DUTY;51;EconomicOperands
FACE;3;EconomicOperands
FACT;8;EconomicOperands
FAIL;4;EconomicOperands
FAIR;39;EconomicOperands
FEES;64;EconomicOperands
FHFA;0;EconomicOperands
FIND;5;EconomicOperands
FINE;1;EconomicOperands
FIRM;56;EconomicOperands
FORM;116;EconomicOperands
FREE;6;EconomicOperands
FULL;24;EconomicOperands
FUND;255;EconomicOperands
GAIN;7;EconomicOperands
GOOD;12;EconomicOperands
GUAM;3;EconomicOperands
HEAD;20;EconomicOperands
HELD;83;EconomicOperands
HELP;10;EconomicOperands
HIGH;4;EconomicOperands
HOLD;15;EconomicOperands
HOME;48;EconomicOperands
HVCC;0;EconomicOperands
JOIN;0;EconomicOperands
LACK;2;EconomicOperands
LAND;3;EconomicOperands
LAST;10;EconomicOperands
LATE;2;EconomicOperands
LAWS;85;EconomicOperands
LIEN;15;EconomicOperands
LIFE;30;EconomicOperands
LINE;3;EconomicOperands
LIST;23;EconomicOperands
LOAN;121;EconomicOperands
LOSE;4;EconomicOperands
LOSS;51;EconomicOperands
MAIL;6;EconomicOperands
MEET;61;EconomicOperands
NAME;21;EconomicOperands
NEED;21;EconomicOperands
NOTE;11;EconomicOperands
OPEN;38;EconomicOperands
OWNS;8;EconomicOperands
PAID;50;EconomicOperands
PLAN;145;EconomicOperands
RACE;3;EconomicOperands
RATE;74;EconomicOperands
REAL;43;EconomicOperands
RISK;125;EconomicOperands
ROLE;7;EconomicOperands
ROOT;0;EconomicOperands
RULE;419;EconomicOperands
SAFE;22;EconomicOperands
SALE;175;EconomicOperands
SEEK;21;EconomicOperands
SELL;22;EconomicOperands
SEND;9;EconomicOperands
SENT;7;EconomicOperands
SIDE;1;EconomicOperands
SITE;2;EconomicOperands
SIZE;42;EconomicOperands
SUMS;9;EconomicOperands
TASK;1;EconomicOperands
TEST;4;EconomicOperands
TIME;215;EconomicOperands
TIPS;1;EconomicOperands
TOWN;0;EconomicOperands
TYPE;65;EconomicOperands
UNIT;11;EconomicOperands
UPON;224;EconomicOperands
URLS;0;EconomicOperands
USED;127;EconomicOperands
USES;23;EconomicOperands
VARY;1;EconomicOperands
WAYS;11;EconomicOperands
WORK;30;EconomicOperands
YEAR;210;EconomicOperands
BEEN;164;FunctionWords
DOWN;1;FunctionWords
FROM;656;FunctionWords
GIVE;15;FunctionWords
HAVE;404;FunctionWords
INTO;240;FunctionWords
MADE;319;FunctionWords
MAKE;190;FunctionWords
MOST;9;FunctionWords
MUCH;1;FunctionWords
MUST;8;FunctionWords
ONCE;13;FunctionWords
ONE-;1;FunctionWords
PART;70;FunctionWords
PAST;3;FunctionWords
PLUS;4;FunctionWords
SAME;195;FunctionWords
SOME;8;FunctionWords
SUCH;2594;FunctionWords
TAKE;115;FunctionWords
THAN;233;FunctionWords
THAT;2443;FunctionWords
THEM;6;FunctionWords
THEY;14;FunctionWords
THIS;136;FunctionWords
WERE;84;FunctionWords
WHAT;22;FunctionWords
WHOM;44;FunctionWords
WILL;97;FunctionWords
WITH;1183;FunctionWords
YOUR;0;FunctionWords
1122;0;LegalReferences
1124;0;LegalReferences
128A;0;LegalReferences
129E;0;LegalReferences
1401;0;LegalReferences
1403;0;LegalReferences
1404;0;LegalReferences
1411;0;LegalReferences
1444;0;LegalReferences
1461;0;LegalReferences
1462;1;LegalReferences
1463;0;LegalReferences
1464;0;LegalReferences
1471;0;LegalReferences
1472;0;LegalReferences
1977;0;LegalReferences
ACTS;47;LegalReferences
VIII;21;LegalReferences
BOTH;47;LogicalConnectors
EACH;646;LogicalConnectors
NONE;5;LogicalConnectors
WHEN;65;LogicalConnectors
ALSO;33;LogicalConnectors
MORE;146;LogicalConnectors
NEXT;4;LogicalConnectors
ONLY;97;LogicalConnectors
SOLE;36;LogicalConnectors
LESS;20;MathematicalOperators
OVER;57;MathematicalOperators
ENDS;4;Other
ITEM;15;Other
KNOW;5;Other
LEFT;0;Other
READ;30;Other
RISE;9;Other
TERM;695;Other
100;17;Attributes
125;0;Attributes
133;0;Attributes
2ND;3;Attributes
3RD;2;Attributes
443;0;Attributes
4TH;1;Attributes
6TH;0;Attributes
DUE;14;Attributes
TEN;2;Attributes
AGE;7;EconomicOperands
AIG;0;EconomicOperands
ASK;0;EconomicOperands
DAY;80;EconomicOperands
FEE;34;EconomicOperands
GAO;9;EconomicOperands
GET;0;EconomicOperands
HUD;2;EconomicOperands
IFI;29;EconomicOperands
ILL;1;EconomicOperands
LAW;418;EconomicOperands
LOW;8;EconomicOperands
NET;30;EconomicOperands
NEW;89;EconomicOperands
NPV;0;EconomicOperands
NRC;0;EconomicOperands
OUT;59;EconomicOperands
PAY;97;EconomicOperands
SEC;459;EconomicOperands
SUM;3;EconomicOperands
TAX;31;EconomicOperands
USE;206;EconomicOperands
WEB;0;EconomicOperands
ARE;691;FunctionWords
BAR;13;FunctionWords
CAN;18;FunctionWords
FOR;2703;FunctionWords
HAD;34;FunctionWords
HAS;411;FunctionWords
HOW;29;FunctionWords
ITS;335;FunctionWords
MAY;1329;FunctionWords
MET;3;FunctionWords
OFF;3;FunctionWords
ONE;58;FunctionWords
OUR;2;FunctionWords
OWN;38;FunctionWords
THE;23396;FunctionWords
WAS;176;FunctionWords
WHO;259;FunctionWords
113;1;LegalReferences
129;0;LegalReferences
130;5;LegalReferences
140;0;LegalReferences
141;0;LegalReferences
201;1;LegalReferences
220;0;LegalReferences
303;0;LegalReferences
ACT;165;LegalReferences
AII;4;LegalReferences
APP;1;LegalReferences
III;431;LegalReferences
VII;38;LegalReferences
XII;4;LegalReferences
ALL;424;LogicalConnectors
ANY;3728;LogicalConnectors
AND;8513;LogicalConnectors
BUT;89;LogicalConnectors
NON;52;LogicalConnectors
NOT;1008;LogicalConnectors
END;399;Other
SET;53;Other
ADD;2;RegulatoryOperators
10;46;Attributes
12;68;Attributes
15;69;Attributes
20;18;Attributes
25;12;Attributes
30;12;Attributes
31;17;Attributes
35;14;Attributes
50;3;Attributes
EC;110;EconomicOperands
IT;165;EconomicOperands
TR;11;EconomicOperands
US;112;EconomicOperands
VI;59;EconomicOperands
AN;1505;FunctionWords
AT;666;FunctionWords
BE;1972;FunctionWords
BY;4488;FunctionWords
DO;31;FunctionWords
GO;1;FunctionWords
IN;5474;FunctionWords
IS;1790;FunctionWords
OF;13443;FunctionWords
ON;1537;FunctionWords
TO;6114;FunctionWords
UP;15;FunctionWords
11;69;LegalReferences
13;26;LegalReferences
14;20;LegalReferences
16;24;LegalReferences
17;23;LegalReferences
18;18;LegalReferences
19;6;LegalReferences
1B;8;LegalReferences
21;10;LegalReferences
22;12;LegalReferences
27;12;LegalReferences
2B;4;LegalReferences
32;6;LegalReferences
3C;6;LegalReferences
40;11;LegalReferences
41;3;LegalReferences
42;10;LegalReferences
46;4;LegalReferences
47;17;LegalReferences
48;10;LegalReferences
49;4;LegalReferences
4D;7;LegalReferences
51;5;LegalReferences
54;5;LegalReferences
5D;4;LegalReferences
A2;10;LegalReferences
A4;5;LegalReferences
A6;2;LegalReferences
A7;1;LegalReferences
AA;65;LegalReferences
B2;7;LegalReferences
BB;52;LegalReferences
CC;33;LegalReferences
II;1045;LegalReferences
IV;220;LegalReferences
IX;19;LegalReferences
XI;7;LegalReferences
NO;271;LogicalConnectors
AS;2451;LogicalConnectors
IF;536;LogicalConnectors
OR;8280;LogicalConnectors
SO;83;LogicalConnectors
1;1193;Attributes
2;998;Attributes
3;577;Attributes
4;370;Attributes
5;278;Attributes
6;216;Attributes
7;247;Attributes
8;150;Attributes
9;198;Attributes
A;7401;FunctionWords
I;1183;FunctionWords
B;1558;LegalReferences
C;1037;LegalReferences
D;678;LegalReferences
E;658;LegalReferences
F;246;LegalReferences
H;165;LegalReferences
J;53;LegalReferences
K;42;LegalReferences
L;86;LegalReferences
M;71;LegalReferences
N;97;LegalReferences
O;49;LegalReferences
P;78;LegalReferences
Q;26;LegalReferences
R;161;LegalReferences
T;129;LegalReferences
U;85;LegalReferences
V;146;LegalReferences
X;53;LegalReferences
Y;30;LegalReferences
Z;11;LegalReferences
