PERSON ASSOCIATED WITH A SECURITY-BASED SWAP DEALER OR MAJOR SECURITY-BASED SWAP PARTICIPANT;0;EconomicOperands
ASSOCIATED PERSON OF A SECURITY-BASED SWAP DEALER OR MAJOR SECURITY-BASED SWAP PARTICIPANT;0;EconomicOperands
THE FEDERAL DEPOSIT INSURANCE CORPORATION IMPROVEMENT ACT OF 1991;3;LegalReferences
THE EMPLOYEE RETIREMENT INCOME SECURITY ACT OF 1974 29 USC 1002;0;LegalReferences
HOUSING ENTERPRISES FINANCIAL SAFETY AND SOUNDNESS ACT OF 1992;2;LegalReferences
ASSOCIATED PERSON OF A SWAP DEALER OR MAJOR SWAP PARTICIPANT;0;EconomicOperands
THE WALL STREET TRANSPARENCY AND ACCOUNTABILITY ACT OF 2010;6;LegalReferences
DODD-FRANK WALL STREET REFORM AND CONSUMER PROTECTION ACT;21;LegalReferences
WALL STREET TRANSPARENCY AND ACCOUNTABILITY ACT OF 2010;0;LegalReferences
ACCURATE CONFIRMATION PROCESSING NETTING DOCUMENTATION;0;EconomicOperands
THE SECURITIES EXCHANGE ACT OF 1934 15 USC 78A ET SEQ;13;LegalReferences
THE EMPLOYEE RETIREMENT INCOME SECURITY ACT OF 1974;1;LegalReferences
THE INTERNATIONAL BANKING ACT OF 1978 12 USC 3101B7;0;LegalReferences
THE INTERNATIONAL BANKING ACT OF 1978 12 USC 3106A;2;LegalReferences
COMMITTEES ON AGRICULTURE NUTRITION AND FORESTRY;0;EconomicOperands
THE BANK HOLDING COMPANY ACT OF 1956 12 USC 1841;3;LegalReferences
THE BANK HOLDING COMPANY ACT OF 1965 12 USC 1841;0;LegalReferences
THE SECURITIES EXCHANGE ACT OF 1934 15 USC 78P-2;0;LegalReferences
COMMITTEE ON AGRICULTURE NUTRITION AND FORESTRY;1;EconomicOperands
THE COMMODITY FUTURES MODERNIZATION ACT OF 2000;0;LegalReferences
THE SECURITIES EXCHANGE ACT OF 1934 15 USC 78CA;7;LegalReferences
THE SECURITIES EXCHANGE ACT OF 1934 15 USC 78DD;0;LegalReferences
THE SECURITIES EXCHANGE ACT OF 1934 15 USC 78FA;0;LegalReferences
THE SECURITIES EXCHANGE ACT OF 1934 15 USC 78IB;0;LegalReferences
THE SECURITIES EXCHANGE ACT OF 1934 15 USC 78MF;1;LegalReferences
THE SECURITIES EXCHANGE ACT OF 1934 15 USC 78MM;0;LegalReferences
THE SECURITIES EXCHANGE ACT OF 1934 15 USC 78OB;3;LegalReferences
THE SECURITIES EXCHANGE ACT OF 1934 15 USC 78SB;5;LegalReferences
COMMITTEE ON BANKING HOUSING AND URBAN AFFAIRS;96;EconomicOperands
THE FARM CREDIT ACT OF 1971 12 USC 2001 ET SEQ;3;LegalReferences
THE SECURITIES EXCHANGE ACT OF 1934 15 USC 78F;0;LegalReferences
THE SECURITIES EXCHANGE ACT OF 1934 15 USC 78I;1;LegalReferences
THE SECURITIES EXCHANGE ACT OF 1934 15 USC 78L;0;LegalReferences
THE SECURITIES EXCHANGE ACT OF 1934 15 USC 78M;3;LegalReferences
THE SECURITIES EXCHANGE ACT OF 1934 15 USC 78O;23;LegalReferences
THE SECURITIES EXCHANGE ACT OF 1934 15 USC 78Q;6;LegalReferences
THE SECURITIES EXCHANGE ACT OF 1934 15 USC 78Y;0;LegalReferences
THE FEDERAL DEPOSIT INSURANCE ACT 12 USC 1813;20;LegalReferences
COMMITTEE ON FINANCIAL SERVICES OF THE HOUSE;84;EconomicOperands
EXTERNAL AUDIT FINDINGS SELF-REPORTED ERRORS;0;EconomicOperands
THE FEDERAL ADVISORY COMMITTEE ACT 5 USC APP;2;LegalReferences
THE SECURITIES ACT OF 1933 15 USC 77A ET SEQ;3;LegalReferences
THE SARBANES-OXLEY ACT OF 2002 15 USC 7246B;1;LegalReferences
SECTION 552A OF TITLE 5 UNITED STATES CODE;2;LegalReferences
COVERED JUDICIAL OR ADMINISTRATIVE ACTION;7;EconomicOperands
OFFICE OF THE COMPTROLLER OF THE CURRENCY;107;EconomicOperands
BANK PRODUCTS ACT OF 2000 7 USC 27 ET SEQ;0;LegalReferences
THE COMMODITY EXCHANGE ACT 7 USC 1 ET SEQ;3;LegalReferences
THE FEDERAL RESERVE ACT 12 USC 601 ET SEQ;0;LegalReferences
SECURITY-BASED SWAP EXECUTION FACILITY;1;EconomicOperands
THE SECURITIES ACT OF 1933 15 USC 77BA;1;LegalReferences
FEDERAL DEPOSIT INSURANCE CORPORATION;105;EconomicOperands
FINANCIAL STABILITY OVERSIGHT COUNCIL;13;EconomicOperands
MAJOR SECURITY-BASED SWAP PARTICIPANT;0;EconomicOperands
STANDARDIZED ALGORITHMIC DESCRIPTIONS;0;EconomicOperands
REVISED STATUTES OF THE UNITED STATES;13;LegalReferences
THE COMMODITY EXCHANGE ACT 7 USC 12A7;0;LegalReferences
THE COMMODITY EXCHANGE ACT 7 USC 21R1;0;LegalReferences
THE COMMODITY EXCHANGE ACT 7 USC 25A1;0;LegalReferences
THE COMMODITY EXCHANGE ACT 7 USC 6CA1;0;LegalReferences
THE COMMODITY EXCHANGE ACT 7 USC 7A-1;1;LegalReferences
THE SECURITIES ACT OF 1933 15 USC 77E;0;LegalReferences
THE SECURITIES ACT OF 1933 15 USC 77Q;0;LegalReferences
COMMODITY FUTURES TRADING COMMISSION;58;EconomicOperands
FEDERAL ENERGY REGULATORY COMMISSION;0;EconomicOperands
INTERNATIONAL FINANCIAL INSTITUTIONS;0;EconomicOperands
THE BANK HOLDING COMPANY ACT OF 1956;15;LegalReferences
THE COMMODITY EXCHANGE ACT 7 USC 2A1;0;LegalReferences
THE COMMODITY EXCHANGE ACT 7 USC 2C2;0;LegalReferences
THE COMMODITY EXCHANGE ACT 7 USC 6C1;0;LegalReferences
THE COMMODITY EXCHANGE ACT 7 USC 6M3;0;LegalReferences
SECURITY-BASED SWAP DATA REPOSITORY;1;EconomicOperands
ALASKA NATIVE CLAIMS SETTLEMENT ACT;0;LegalReferences
BANK PRODUCTS ACT OF 2000 7 USC 27A;0;LegalReferences
THE COMMODITY EXCHANGE ACT 7 USC 12;1;LegalReferences
THE COMMODITY EXCHANGE ACT 7 USC 13;0;LegalReferences
THE COMMODITY EXCHANGE ACT 7 USC 16;0;LegalReferences
THE COMMODITY EXCHANGE ACT 7 USC 21;0;LegalReferences
THE COMMODITY EXCHANGE ACT 7 USC 24;0;LegalReferences
THE INVESTMENT ADVISERS ACT OF 1940;48;LegalReferences
THE SECURITIES EXCHANGE ACT OF 1934;66;LegalReferences
APPROPRIATE FEDERAL BANKING AGENCY;147;EconomicOperands
BANK FOR INTERNATIONAL SETTLEMENTS;0;EconomicOperands
REGIONAL TRANSMISSION ORGANIZATION;0;EconomicOperands
SECURITIES AND EXCHANGE COMMISSION;71;EconomicOperands
THE COMMODITY EXCHANGE ACT 7 USC 2;0;LegalReferences
THE COMMODITY EXCHANGE ACT 7 USC 6;0;LegalReferences
THE COMMODITY EXCHANGE ACT 7 USC 7;0;LegalReferences
THE COMMODITY EXCHANGE ACT 7 USC 9;0;LegalReferences
THE INVESTMENT COMPANY ACT OF 1940;23;LegalReferences
DERIVATIVES CLEARING ORGANIZATION;4;EconomicOperands
PREDISPUTE ARBITRATION AGREEMENTS;2;EconomicOperands
THE FEDERAL DEPOSIT INSURANCE ACT;60;LegalReferences
PREDISPUTE ARBITRATION AGREEMENT;4;EconomicOperands
SAVINGS AND LOAN HOLDING COMPANY;45;EconomicOperands
FEDERAL RULES OF CIVIL PROCEDURE;7;LegalReferences
COLLECTIVE BARGAINING AGREEMENT;4;EconomicOperands
ENVIRONMENTAL PROTECTION AGENCY;1;EconomicOperands
MATERIAL ANTICOMPETITIVE BURDEN;0;EconomicOperands
SECURITIES EXCHANGE ACT OF 1934;14;EconomicOperands
THE FUTURES TRADING ACT OF 1982;0;LegalReferences
ACCURATE TRADE RECONSTRUCTIONS;0;EconomicOperands
EDUCATION INITIATIVES DESIGNED;0;EconomicOperands
IMPLEMENT CONFLICT-OF-INTEREST;0;EconomicOperands
INSURED DEPOSITORY INSTITUTION;157;EconomicOperands
PAYMENT AND SETTLEMENT SYSTEMS;0;EconomicOperands
UNITED STATES COURT OF APPEALS;3;EconomicOperands
ELIGIBLE CONTRACT PARTICIPANT;0;EconomicOperands
INTERNAL REVENUE CODE OF 1986;12;EconomicOperands
SECURITY-BASED SWAP AGREEMENT;1;EconomicOperands
AUDITED FINANCIAL STATEMENTS;5;EconomicOperands
DISTRICT OF COLUMBIA CIRCUIT;2;EconomicOperands
ELECTRONIC MATCHING PLATFORM;0;EconomicOperands
ELECTRONIC TRADING PLATFORMS;0;EconomicOperands
REVERSE REPURCHASE AGREEMENT;3;EconomicOperands
SELF-REGULATORY ORGANIZATION;40;EconomicOperands
ADMINISTRATIVE PROCEDURE ACT;0;LegalReferences
FEDERAL SAVINGS ASSOCIATION;53;EconomicOperands
FUTURES COMMISSION MERCHANT;6;EconomicOperands
GLOBAL RULEMAKING TIMEFRAME;0;EconomicOperands
MEMORANDUM OF UNDERSTANDING;8;EconomicOperands
TECHNOLOGICALLY PRACTICABLE;0;EconomicOperands
WRITTEN PETITION REQUESTING;0;EconomicOperands
THE SECURITIES EXCHANGE ACT;0;LegalReferences
DAMAGES PROXIMATELY CAUSED;0;EconomicOperands
DEPARTMENT OF THE TREASURY;21;EconomicOperands
FARM CREDIT ADMINISTRATION;10;EconomicOperands
GAINS AND LOSSES RESULTING;0;EconomicOperands
REAL-TIME PUBLIC REPORTING;0;EconomicOperands
SECURITY-BASED SWAP DEALER;0;EconomicOperands
SIMULTANEOUSLY MAINTAINING;0;EconomicOperands
STATUTORY DISQUALIFICATION;0;EconomicOperands
FREEDOM OF INFORMATION ACT;4;LegalReferences
THE COMMODITY EXCHANGE ACT;10;LegalReferences
THE SECURITIES ACT OF 1933;18;LegalReferences
CENTRALIZED RECORDKEEPING;0;EconomicOperands
COMMITTEES ON AGRICULTURE;0;EconomicOperands
COMMODITY TRADING ADVISOR;6;EconomicOperands
COVERED FINANCIAL COMPANY;415;EconomicOperands
FEDERAL REGULATORY AGENCY;2;EconomicOperands
INDEMNIFICATION AGREEMENT;0;EconomicOperands
MASTER AGREEMENT CONTAINS;2;EconomicOperands
NONBANK FINANCIAL COMPANY;36;EconomicOperands
SECRETARY OF THE TREASURY;33;EconomicOperands
SPECIAL DAMAGES SUSTAINED;1;EconomicOperands
STATE SAVINGS ASSOCIATION;37;EconomicOperands
BANK PRODUCTS ACT OF 2000;1;LegalReferences
SUBPARAGRAPHS A THROUGH C;2;LegalReferences
SUBPARAGRAPHS D THROUGH F;1;LegalReferences
SUBPARAGRAPHS E THROUGH G;0;LegalReferences
ADMINISTRATIVE LAW JUDGE;0;EconomicOperands
COMMITTEE ON AGRICULTURE;1;EconomicOperands
CONTINUING QUALIFICATION;0;EconomicOperands
DEMONSTRATES INTENTIONAL;0;EconomicOperands
ELECTRIC ENERGY APPROVED;0;EconomicOperands
FOREIGN EXCHANGE FORWARD;0;EconomicOperands
HOUSE OF REPRESENTATIVES;33;EconomicOperands
INFORMATIONAL PARTITIONS;0;EconomicOperands
INSTITUTIONAL SAFEGUARDS;0;EconomicOperands
SECRETARY OF AGRICULTURE;3;EconomicOperands
THE HOME OWNERS LOAN ACT;11;LegalReferences
ASSET-BACKED SECURITIES;19;EconomicOperands
BROAD-BASED ELIGIBILITY;4;EconomicOperands
COLLATERAL REQUIREMENTS;1;EconomicOperands
COMMODITY POOL OPERATOR;4;EconomicOperands
CULTURALLY DIVERSE POOL;0;EconomicOperands
DEPOSITORY INSTITUTIONS;16;EconomicOperands
EXTERNAL AUDIT FINDINGS;0;EconomicOperands
MISTAKENLY TRANSMITTING;0;EconomicOperands
RECORDED COMMUNICATIONS;0;EconomicOperands
SWAP EXECUTION FACILITY;2;EconomicOperands
TAKE INTO CONSIDERATION;12;EconomicOperands
UNREGULATED COMBINATION;0;EconomicOperands
WITHHOLD VOTES ENTITLED;0;EconomicOperands
WRITTEN REPRESENTATIONS;0;EconomicOperands
SUBCLAUSES I THROUGH VI;1;LegalReferences
SUBPARAGRAPHS B C AND F;0;LegalReferences
SUBPARAGRAPHS C D AND E;2;LegalReferences
SUBSECTIONS D E G AND H;0;LegalReferences
THE FEDERAL RESERVE ACT;23;LegalReferences
IN CONNECTION THEREWITH;4;LogicalConnectors
ATTEMPTED MANIPULATION;0;EconomicOperands
CEASE AND DESIST ORDER;6;EconomicOperands
CONTINUING ELIGIBILITY;0;EconomicOperands
DEPOSITORY INSTITUTION;75;EconomicOperands
ELECTRONICALLY CAPTURE;0;EconomicOperands
EXTERNAL AUDIT FINDING;0;EconomicOperands
MAJOR SWAP PARTICIPANT;1;EconomicOperands
REPORTING REQUIREMENTS;10;EconomicOperands
SELF-REGULATORY BODIES;0;EconomicOperands
SMALL BUSINESS LENDING;1;EconomicOperands
SUPPORT INFRASTRUCTURE;0;EconomicOperands
SYSTEMICALLY IMPORTANT;17;EconomicOperands
UNREASONABLE RESTRAINT;0;EconomicOperands
COMMODITY EXCHANGE ACT;0;LegalReferences
GRAMM-LEACH-BLILEY ACT;5;LegalReferences
PARAGRAPHS 1 THROUGH 3;1;LegalReferences
PARAGRAPHS 1 THROUGH 4;7;LegalReferences
PARAGRAPHS 2 THROUGH 5;2;LegalReferences
TO THE MAXIMUM EXTENT;5;Attributes
AGRICULTURAL PRODUCER;0;EconomicOperands
ANTICIPATES INCURRING;0;EconomicOperands
ANTICIPATES PROVIDING;0;EconomicOperands
CLEARING ORGANIZATION;13;EconomicOperands
CLEARING REQUIREMENTS;0;EconomicOperands
CONFLICTS OF INTEREST;39;EconomicOperands
DEPARTMENT OF JUSTICE;1;EconomicOperands
EDUCATION INITIATIVES;0;EconomicOperands
EXCESSIVE SPECULATION;0;EconomicOperands
FINANCIAL INSTITUTION;99;EconomicOperands
FOREIGN EXCHANGE SWAP;0;EconomicOperands
INDIVIDUAL PREVAILING;1;EconomicOperands
PARTICIPANT DIRECTION;0;EconomicOperands
POLITICAL SUBDIVISION;7;EconomicOperands
PREDOMINANTLY ENGAGED;9;EconomicOperands
PROCEEDING INSTITUTED;8;EconomicOperands
STABLE VALUE CONTRACT;0;EconomicOperands
SUCCESSFUL RESOLUTION;0;EconomicOperands
CLAUSES I THROUGH III;7;LegalReferences
SECTION 10 15 USC 78J;0;LegalReferences
SECTION 15 15 USC 78O;1;LegalReferences
SECTION 16 15 USC 78P;0;LegalReferences
SECTION 20 15 USC 78T;0;LegalReferences
SECTION 408 7 USC 27F;0;LegalReferences
SUBCLAUSES II AND III;0;LegalReferences
SUBCLAUSES III AND IV;0;LegalReferences
SUBPARAGRAPHS A AND B;21;LegalReferences
SUBPARAGRAPHS B AND C;7;LegalReferences
THE FEDERAL POWER ACT;0;LegalReferences
ACTIVITIES CONDUCTED;5;EconomicOperands
BANK HOLDING COMPANY;116;EconomicOperands
CAPITAL REQUIREMENTS;31;EconomicOperands
CLEARING REQUIREMENT;3;EconomicOperands
CONFLICT OF INTEREST;7;EconomicOperands
CREDIT DEFAULT SWAPS;0;EconomicOperands
EXECUTED BILATERALLY;0;EconomicOperands
EXECUTION FACILITIES;4;EconomicOperands
FINANCIAL STATEMENTS;9;EconomicOperands
MARGINING CONFORMING;0;EconomicOperands
ORIGINAL INFORMATION;7;EconomicOperands
PARTICIPANT CREATING;0;EconomicOperands
PRUDENTIAL REGULATOR;44;EconomicOperands
REPURCHASE AGREEMENT;9;EconomicOperands
SELF-REPORTED ERRORS;0;EconomicOperands
SEPARATELY ACCOUNTED;0;EconomicOperands
SUBSTANTIAL POSITION;0;EconomicOperands
SWAP DATA REPOSITORY;2;EconomicOperands
VALIDATED COMPLAINTS;0;EconomicOperands
SECTION 402 7 USC 27;0;LegalReferences
SECTION 9 15 USC 78I;0;LegalReferences
LESS FREQUENTLY THAN;14;LogicalConnectors
RULE OF CONSTRUCTION;52;Other
30 LEGISLATIVE DAYS;0;Attributes
CIVIL MONEY PENALTY;3;EconomicOperands
COMPROMISE POSITION;1;EconomicOperands
CREDIT DEFAULT SWAP;1;EconomicOperands
DEPARTMENT OF LABOR;2;EconomicOperands
DERIVATIVES MARKETS;1;EconomicOperands
ENTERPRISE OPERATED;0;EconomicOperands
FINANCIAL CONDITION;18;EconomicOperands
FINANCIAL STABILITY;67;EconomicOperands
GOOD FAITH MISTAKES;0;EconomicOperands
HEDGING TRANSACTION;0;EconomicOperands
IMPOSING PRUDENTIAL;0;EconomicOperands
INFORMATION-SHARING;3;EconomicOperands
INTERAGENCY WORKING;0;EconomicOperands
LIQUIDITY PRESSURES;0;EconomicOperands
MANAGERIAL STRENGTH;0;EconomicOperands
MARKET MANIPULATION;0;EconomicOperands
MATURITIES SUITABLE;3;EconomicOperands
PHYSICAL DELIVERIES;0;EconomicOperands
POSITION REDUCTIONS;0;EconomicOperands
PROPRIETARY TRADING;29;EconomicOperands
PROTOCOLS GOVERNING;0;EconomicOperands
READILY SUSCEPTIBLE;0;EconomicOperands
RECRUIT INDIVIDUALS;0;EconomicOperands
SAVINGS ASSOCIATION;62;EconomicOperands
SECURITY-BASED SWAP;3;EconomicOperands
TRADING CONVENTIONS;0;EconomicOperands
UNSATISFIED PORTION;1;EconomicOperands
VALIDATED COMPLAINT;0;EconomicOperands
WRITTEN EXPLANATION;3;EconomicOperands
IN CONJUNCTION WITH;4;FunctionWords
CLAUSES I THROUGH V;1;LegalReferences
PARAGRAPHS 3 AND 32;0;LegalReferences
SECTION 20 7 USC 24;0;LegalReferences
SUBPARAGRAPH A OR B;3;LegalReferences
SUBPARAGRAPH F OR H;0;LegalReferences
SUBSECTIONS A AND B;22;LegalReferences
SUBSECTIONS B AND C;9;LegalReferences
SUBSECTIONS C AND D;2;LegalReferences
SUBSECTIONS D AND E;1;LegalReferences
SUBSECTIONS F AND G;1;LegalReferences
THE NATURAL GAS ACT;0;LegalReferences
ON THE GROUNDS THAT;1;LogicalConnectors
ALLEGING DISCHARGE;0;EconomicOperands
DERIVATIVE MARKETS;0;EconomicOperands
ANTICIPATES OWNING;0;EconomicOperands
BOARD OF GOVERNORS;518;EconomicOperands
BORROWED AGREEMENT;0;EconomicOperands
COMMODITY CONTRACT;6;EconomicOperands
DISPUTE RESOLUTION;2;EconomicOperands
ELECTRONIC TRADING;0;EconomicOperands
FARM CREDIT SYSTEM;5;EconomicOperands
FEDERAL ASSISTANCE;2;EconomicOperands
FINANCIAL SERVICES;17;EconomicOperands
FINANCIALLY SETTLE;0;EconomicOperands
INTERESTED PARTIES;2;EconomicOperands
INTRODUCING BROKER;1;EconomicOperands
INVESTMENT COMPANY;17;EconomicOperands
MONETARY SANCTIONS;5;EconomicOperands
NONCASH COLLATERAL;0;EconomicOperands
NON-DISCRIMINATORY;0;EconomicOperands
OFFICER PERFORMING;1;EconomicOperands
PROXIMATELY CAUSED;0;EconomicOperands
RULES OF THE BOARD;11;EconomicOperands
SCHEDULED MATURITY;0;EconomicOperands
SECURITIES-RELATED;1;EconomicOperands
SETTLEMENT SYSTEMS;0;EconomicOperands
SPECIFYING TRADING;0;EconomicOperands
TESTIMONY TOUCHING;0;EconomicOperands
TOTAL CONSOLIDATED;28;EconomicOperands
TRACKING UNCLEARED;0;EconomicOperands
TREAT FUNCTIONALLY;0;EconomicOperands
IN CONNECTION WITH;145;FunctionWords
GRAMM-LEACH-BLILEY;1;LegalReferences
PARAGRAPHS 1 AND 2;12;LegalReferences
UNITED STATES CODE;150;LegalReferences
FOR THE PURPOSE OF;60;LogicalConnectors
IN ACCORDANCE WITH;205;LogicalConnectors
ALLEGES DISCHARGE;1;EconomicOperands
ANTI-MANIPULATION;0;EconomicOperands
COMPUTER-READABLE;0;EconomicOperands
CUSTOMER PROPERTY;16;EconomicOperands
DEFERRED SHIPMENT;0;EconomicOperands
DEPOSIT INSURANCE;32;EconomicOperands
DISASTER RECOVERY;0;EconomicOperands
ELIGIBLE DEFERRED;0;EconomicOperands
ELIGIBLE EMPLOYER;0;EconomicOperands
EQUITY INDEX SWAP;1;EconomicOperands
FINANCIAL MARKETS;21;EconomicOperands
FORWARD CONTRACTS;3;EconomicOperands
HEARING EXAMINING;0;EconomicOperands
INSURANCE COMPANY;30;EconomicOperands
JUDICIAL DISTRICT;11;EconomicOperands
LAWFULLY ACCRUING;0;EconomicOperands
MARKET OPERATIONS;0;EconomicOperands
MASTER AGREEMENTS;0;EconomicOperands
NONENFORCEABILITY;2;EconomicOperands
PROCEEDS CREDITED;3;EconomicOperands
PROMOTE PRE-TRADE;0;EconomicOperands
PUBLIC DISCLOSURE;18;EconomicOperands
RECKLESSLY EVADES;0;EconomicOperands
REGULATORY REGIME;0;EconomicOperands
RELATIVE POSITION;0;EconomicOperands
TRADING PRACTICES;1;EconomicOperands
WRITTEN AGREEMENT;5;EconomicOperands
COMMONLY KNOWN AS;2;FunctionWords
SUBSECTION A OR B;8;LegalReferences
SUBSECTION B OR C;0;LegalReferences
IN THE EVENT THAT;8;LogicalConnectors
INCONSISTENT WITH;12;LogicalConnectors
ACTING IN CONCERT;1;RegulatoryOperators
10 BUSINESS DAYS;1;Attributes
ADVISING SPECIAL;0;EconomicOperands
ANTIMANIPULATION;0;EconomicOperands
ATTORNEY GENERAL;43;EconomicOperands
BECOME EFFECTIVE;28;EconomicOperands
BELIEVES AFFECTS;0;EconomicOperands
BENEFICIAL OWNER;6;EconomicOperands
CEASE AND DESIST;5;EconomicOperands
COURT OF APPEALS;10;EconomicOperands
CREDITWORTHINESS;0;EconomicOperands
EXECUTING TRADES;0;EconomicOperands
FINANCIAL ENTITY;0;EconomicOperands
FINANCIAL SYSTEM;66;EconomicOperands
FOREIGN EXCHANGE;4;EconomicOperands
FULLY GUARANTEED;2;EconomicOperands
INSTANT MESSAGES;0;EconomicOperands
MATURITY OFFERED;0;EconomicOperands
OPERATIONAL RISK;3;EconomicOperands
OVER-THE-COUNTER;1;EconomicOperands
PERIOD BEGINNING;87;EconomicOperands
RESOURCE PACKAGE;0;EconomicOperands
RESPONSIBILITIES;42;EconomicOperands
SECURITIES-BASED;0;EconomicOperands
SENIORITY STATUS;2;EconomicOperands
TRADING PRACTICE;0;EconomicOperands
UNTRUE STATEMENT;0;EconomicOperands
WITH RELATION TO;0;FunctionWords
CLAUSES I AND II;6;LegalReferences
LEACH BLILEY ACT;0;LegalReferences
PARAGRAPH 1 OR 2;6;LegalReferences
PARAGRAPH 1 OR 7;0;LegalReferences
SECTION 2C OR 2F;0;LegalReferences
FOR THE PURPOSES;24;LogicalConnectors
IN ANY SUCH CASE;0;LogicalConnectors
ACTIVELY TRADED;0;EconomicOperands
ADVERSE EFFECTS;9;EconomicOperands
APPROPRIATENESS;3;EconomicOperands
CHARACTERISTICS;10;EconomicOperands
COMMERCIAL RISK;0;EconomicOperands
CONFIDENTIALITY;40;EconomicOperands
CONSERVATORSHIP;4;EconomicOperands
CORE PRINCIPLES;0;EconomicOperands
CREDIT EXPOSURE;30;EconomicOperands
CREDIT FACILITY;34;EconomicOperands
CURTAIL TRADING;0;EconomicOperands
DECISION-MAKING;1;EconomicOperands
DISCOUNT WINDOW;3;EconomicOperands
ELECTRONIC MAIL;3;EconomicOperands
FEDERAL RESERVE;162;EconomicOperands
IMPLEMENTATIONS;0;EconomicOperands
INSIDER TRADING;0;EconomicOperands
INSTRUMENT SOLD;0;EconomicOperands
INSTRUMENTALITY;18;EconomicOperands
INTERPRETATIONS;8;EconomicOperands
JUDICIAL REVIEW;13;EconomicOperands
LEGAL CERTAINTY;1;EconomicOperands
ORDINARY COURSE;9;EconomicOperands
PUBLICLY TRADED;6;EconomicOperands
REPRESENTATIVES;116;EconomicOperands
RESPONSIBLE FOR;33;EconomicOperands
RISK MANAGEMENT;40;EconomicOperands
RISKS AND COSTS;1;EconomicOperands
SECURITIES LAWS;32;EconomicOperands
STATE-CHARTERED;7;EconomicOperands
TELEPHONE CALLS;1;EconomicOperands
TRADING VOLUMES;0;EconomicOperands
TUITION PROGRAM;3;EconomicOperands
WRITTEN FINDING;3;EconomicOperands
WRITTEN REQUEST;8;EconomicOperands
ASSOCIATED WITH;87;FunctionWords
IN FAVOR OF THE;3;FunctionWords
IN LIEU THEREOF;0;FunctionWords
IN THE LIGHT OF;0;FunctionWords
THIS SUBSECTION;339;LegalReferences
NOTWITHSTANDING;152;LogicalConnectors
UNCONDITIONALLY;2;LogicalConnectors
WITH RESPECT TO;535;LogicalConnectors
RECOMMENDATIONS;141;RegulatoryOperators
ACCEPTING BIDS;0;EconomicOperands
ACCOUNTABILITY;29;EconomicOperands
ACTUAL DAMAGES;1;EconomicOperands
ADMINISTRATION;35;EconomicOperands
ADMINISTRATIVE;61;EconomicOperands
ANTIDISRUPTIVE;0;EconomicOperands
BANKING SYSTEM;5;EconomicOperands
BOARD OF TRADE;4;EconomicOperands
BROAD SPECTRUM;0;EconomicOperands
CERTIFIED MAIL;4;EconomicOperands
CLEARED OPTION;0;EconomicOperands
CLEARING HOUSE;0;EconomicOperands
CLEARINGHOUSES;0;EconomicOperands
CLOSING RANGES;0;EconomicOperands
COMMODITY POOL;2;EconomicOperands
COMMODITY SWAP;2;EconomicOperands
CONSIDERATIONS;37;EconomicOperands
CORRESPONDENCE;4;EconomicOperands
COUNTERPARTIES;19;EconomicOperands
CROSS-CURRENCY;1;EconomicOperands
DISCRIMINATION;8;EconomicOperands
EFFECTIVE DATE;77;EconomicOperands
EXPERT WITNESS;4;EconomicOperands
FEDERAL AGENCY;56;EconomicOperands
IDENTIFICATION;19;EconomicOperands
IMPLEMENTATION;48;EconomicOperands
INSURED BRANCH;2;EconomicOperands
INTERMEDIARIES;1;EconomicOperands
INTERPRETATION;18;EconomicOperands
INVESTIGATIONS;21;EconomicOperands
KNOWINGLY FAIL;0;EconomicOperands
LIQUIDITY RISK;0;EconomicOperands
MARGIN-SETTING;0;EconomicOperands
MISAPPROPRIATE;0;EconomicOperands
MOTION PICTURE;0;EconomicOperands
ORDER-MATCHING;0;EconomicOperands
RECOMMENDATION;63;EconomicOperands
RELATED ACTION;6;EconomicOperands
REPRESENTATION;10;EconomicOperands
REPRESENTATIVE;27;EconomicOperands
RESPONSIBILITY;14;EconomicOperands
SECURITY-BASED;0;EconomicOperands
SIMULTANEOUSLY;0;EconomicOperands
SPECIAL ENTITY;0;EconomicOperands
SPECIFICATIONS;2;EconomicOperands
SWAP AGREEMENT;6;EconomicOperands
TRADE MATCHING;0;EconomicOperands
TRADING VENUES;0;EconomicOperands
TRANSPORTATION;1;EconomicOperands
WHISTLEBLOWERS;11;EconomicOperands
COMMONLY KNOWN;0;FunctionWords
SECTION 457E1A;0;LegalReferences
SECTION 723A1B;0;LegalReferences
STUDY REQUIRED;56;LegalReferences
SUBCHAPTER III;2;LegalReferences
SUBPARAGRAPH A;318;LegalReferences
SUBPARAGRAPH B;148;LegalReferences
SUBPARAGRAPH C;56;LegalReferences
SUBPARAGRAPH D;41;LegalReferences
SUBPARAGRAPH E;10;LegalReferences
SUBPARAGRAPH F;5;LegalReferences
SUBPARAGRAPH G;4;LegalReferences
SUBPARAGRAPH L;2;LegalReferences
SUBSECTION B3B;6;LegalReferences
SUBSECTION C1A;3;LegalReferences
THIS PARAGRAPH;160;LegalReferences
AS A RESULT OF;22;LogicalConnectors
FOR ANY REASON;2;LogicalConnectors
IN ADDITION TO;30;LogicalConnectors
IN THE CASE OF;113;LogicalConnectors
NOT LATER THAN;259;LogicalConnectors
WITH REGARD TO;16;LogicalConnectors
DETERMINATIONS;37;Other
COMPLYING WITH;14;RegulatoryOperators
PRIOR APPROVAL;6;RegulatoryOperators
APPROPRIATELY;10;Attributes
DECEMBER 2008;1;Attributes
IN THE FUTURE;4;Attributes
SIGNIFICANTLY;10;Attributes
ADMINISTERING;6;EconomicOperands
ADMINISTRATOR;5;EconomicOperands
APPROPRIATION;11;EconomicOperands
ASSASSINATION;0;EconomicOperands
AWARD PROGRAM;1;EconomicOperands
BALANCE SHEET;11;EconomicOperands
CALCULATE NET;0;EconomicOperands
CENTRAL BANKS;1;EconomicOperands
CERTIFICATION;55;EconomicOperands
CIRCUMSTANCES;9;EconomicOperands
COMMUNICATION;7;EconomicOperands
COMPARABILITY;3;EconomicOperands
COMPREHENSIVE;9;EconomicOperands
CONGRESSIONAL;5;EconomicOperands
CONSIDERATION;63;EconomicOperands
CONTRAVENTION;3;EconomicOperands
CONTRIBUTIONS;6;EconomicOperands
CORRESPONDING;2;EconomicOperands
CREDIT UNIONS;7;EconomicOperands
CURRENCY SWAP;2;EconomicOperands
DAILY TRADING;0;EconomicOperands
DETERMINATION;215;EconomicOperands
DISCRETIONARY;4;EconomicOperands
DISSEMINATION;2;EconomicOperands
DOCUMENTATION;17;EconomicOperands
EFFECTIVENESS;55;EconomicOperands
ENVIRONMENTAL;0;EconomicOperands
EXTINGUISHING;0;EconomicOperands
FORCE MAJEURE;0;EconomicOperands
HARMONIZATION;3;EconomicOperands
INCONSISTENCY;9;EconomicOperands
INSTITUTIONAL;6;EconomicOperands
INTEREST RATE;52;EconomicOperands
INTERNATIONAL;43;EconomicOperands
INVESTIGATION;27;EconomicOperands
LAST SENTENCE;3;EconomicOperands
MANIPULATIONS;0;EconomicOperands
MANUFACTURING;0;EconomicOperands
MATERIAL FACT;0;EconomicOperands
MERCHANDISING;0;EconomicOperands
NATIONAL BANK;62;EconomicOperands
NONCOMPLIANCE;9;EconomicOperands
NONDEFAULTING;1;EconomicOperands
NONOCCURRENCE;0;EconomicOperands
NONPRUDENTIAL;0;EconomicOperands
NORMAL COURSE;3;EconomicOperands
OF SECURITIES;43;EconomicOperands
PARTICIPATING;14;EconomicOperands
PARTICIPATION;23;EconomicOperands
POSITION DATA;6;EconomicOperands
QUALITATIVELY;0;EconomicOperands
RECORDKEEPING;12;EconomicOperands
REGULATION OF;46;EconomicOperands
REIMBURSEMENT;13;EconomicOperands
REINSTATEMENT;3;EconomicOperands
SELF-REPORTED;0;EconomicOperands
SYSTEMIC RISK;21;EconomicOperands
TECHNOLOGICAL;4;EconomicOperands
THIRD PARTIES;9;EconomicOperands
TRANSFER DATE;81;EconomicOperands
UNENFORCEABLE;1;EconomicOperands
UNITED STATES;365;EconomicOperands
URBAN AFFAIRS;6;EconomicOperands
WHISTLEBLOWER;43;EconomicOperands
APPLICABILITY;15;FunctionWords
APPLICABLE TO;86;FunctionWords
PARAGRAPH 12A;1;LegalReferences
PARAGRAPH 17A;1;LegalReferences
PARAGRAPH 18A;0;LegalReferences
PARAGRAPH 47B;0;LegalReferences
SECTION 12E2B;0;LegalReferences
SECTION 15B11;0;LegalReferences
SECTION 3A68A;0;LegalReferences
SECTION 501C3;2;LegalReferences
SECTION 552B3;3;LegalReferences
SECTION 721A1;0;LegalReferences
SECTION 723A3;0;LegalReferences
SECTIONS 2A13;0;LegalReferences
SECTIONS 721C;0;LegalReferences
SUBCHAPTER II;2;LegalReferences
SUBSECTION A1;38;LegalReferences
SUBSECTION A2;18;LegalReferences
SUBSECTION A3;4;LegalReferences
SUBSECTION A4;9;LegalReferences
SUBSECTION A7;1;LegalReferences
SUBSECTION AA;5;LegalReferences
SUBSECTION B1;13;LegalReferences
SUBSECTION B2;30;LegalReferences
SUBSECTION B4;6;LegalReferences
SUBSECTION C1;6;LegalReferences
SUBSECTION C2;6;LegalReferences
SUBSECTION C7;0;LegalReferences
SUBSECTION CC;1;LegalReferences
SUBSECTION D1;6;LegalReferences
SUBSECTION D2;3;LegalReferences
SUBSECTION E1;0;LegalReferences
SUBSECTION E2;5;LegalReferences
SUBSECTION F1;2;LegalReferences
SUBSECTION G1;4;LegalReferences
SUBSECTION G2;3;LegalReferences
SUBSECTION G3;2;LegalReferences
SUBSECTION H1;0;LegalReferences
SUBSECTION H2;3;LegalReferences
SUBSECTION H6;0;LegalReferences
SUBSECTION H7;0;LegalReferences
SUBSECTION H8;0;LegalReferences
THIS SUBTITLE;102;LegalReferences
AS OPPOSED TO;0;LogicalConnectors
CONDITIONALLY;2;LogicalConnectors
IN WHICH CASE;4;LogicalConnectors
PROVIDED THAT;19;LogicalConnectors
REGARDLESS OF;13;LogicalConnectors
TO THE EXTENT;135;LogicalConnectors
TOGETHER WITH;25;LogicalConnectors
REDESIGNATING;89;Other
SUBPARAGRAPHS;5;Other
COMPLIES WITH;6;RegulatoryOperators
ESTABLISHMENT;60;RegulatoryOperators
INSUFFICIENT;10;Attributes
PERIODICALLY;8;Attributes
SUFFICIENTLY;10;Attributes
AFFIRMATIONS;1;EconomicOperands
AGRICULTURAL;0;EconomicOperands
APPROPRIATED;28;EconomicOperands
ARRANGEMENTS;13;EconomicOperands
ASSOCIATIONS;28;EconomicOperands
AVAILABILITY;46;EconomicOperands
BLOCK TRADES;0;EconomicOperands
BUSINESS DAY;13;EconomicOperands
CENTRAL BANK;2;EconomicOperands
CLEARED SWAP;0;EconomicOperands
COMMENCEMENT;8;EconomicOperands
COMMISSIONER;14;EconomicOperands
COMPENSATION;149;EconomicOperands
COMPUTERIZED;1;EconomicOperands
CONCURRENTLY;2;EconomicOperands
CONFIDENTIAL;37;EconomicOperands
CONSOLIDATED;19;EconomicOperands
CONSULTATION;129;EconomicOperands
COORDINATION;62;EconomicOperands
COUNTERPARTY;10;EconomicOperands
CREDIT UNION;14;EconomicOperands
DESCRIPTIONS;2;EconomicOperands
DETER ABUSES;0;EconomicOperands
DEVELOPMENTS;8;EconomicOperands
DISCIPLINARY;9;EconomicOperands
DISCRIMINATE;7;EconomicOperands
DISGORGEMENT;10;EconomicOperands
DISSEMINATED;0;EconomicOperands
DISTRIBUTION;14;EconomicOperands
ECONOMICALLY;4;EconomicOperands
FDIC INSURED;0;EconomicOperands
FLOOR BROKER;0;EconomicOperands
FLOOR TRADER;0;EconomicOperands
FOREIGN BANK;33;EconomicOperands
FREQUENCY OF;7;EconomicOperands
FUNCTIONALLY;1;EconomicOperands
FUNCTIONS OF;50;EconomicOperands
GOVERNMENTAL;18;EconomicOperands
GUARANTEEING;6;EconomicOperands
IDENTIFIABLE;10;EconomicOperands
INCORPORATES;0;EconomicOperands
INDEBTEDNESS;2;EconomicOperands
INDIVIDUALLY;3;EconomicOperands
INSTITUTIONS;63;EconomicOperands
JURISDICTION;120;EconomicOperands
MANIPULATION;3;EconomicOperands
MANIPULATIVE;3;EconomicOperands
MANUFACTURED;4;EconomicOperands
MANUFACTURES;0;EconomicOperands
MARKET ABUSE;0;EconomicOperands
MARKET POWER;0;EconomicOperands
MERCHANDISES;0;EconomicOperands
MODIFICATION;39;EconomicOperands
MULTILATERAL;3;EconomicOperands
MUNICIPALITY;4;EconomicOperands
NARROW-BASED;0;EconomicOperands
NONFINANCIAL;30;EconomicOperands
NOTIFICATION;30;EconomicOperands
ORDER ISSUED;15;EconomicOperands
ORGANIZATION;63;EconomicOperands
PARTICIPANTS;22;EconomicOperands
PARTICIPATES;5;EconomicOperands
PREENACTMENT;0;EconomicOperands
PRIVATE FUND;29;EconomicOperands
PROFESSIONAL;31;EconomicOperands
PROGRAMMATIC;3;EconomicOperands
PROMULGATING;0;EconomicOperands
QUANTITATIVE;16;EconomicOperands
RECEIVERSHIP;28;EconomicOperands
REGISTRATION;53;EconomicOperands
REPOSITORIES;4;EconomicOperands
REQUIREMENTS;358;EconomicOperands
SATISFACTION;11;EconomicOperands
SHAREHOLDERS;28;EconomicOperands
SIGNIFICANCE;5;EconomicOperands
SIMULTANEOUS;4;EconomicOperands
SOLICITATION;19;EconomicOperands
STANDARDIZED;4;EconomicOperands
SURVEILLANCE;6;EconomicOperands
SWAP MARKETS;0;EconomicOperands
SWAPS ENTITY;0;EconomicOperands
SYSTEMICALLY;0;EconomicOperands
TRANSACTIONS;113;EconomicOperands
TRANSMISSION;7;EconomicOperands
TRANSPARENCY;18;EconomicOperands
UNAFFILIATED;8;EconomicOperands
BY VIRTUE OF;8;FunctionWords
ON BEHALF OF;60;FunctionWords
15 USC 80A3C;1;LegalReferences
PARAGRAPH 10;3;LegalReferences
PARAGRAPH 11;7;LegalReferences
PARAGRAPH 12;6;LegalReferences
PARAGRAPH 13;12;LegalReferences
PARAGRAPH 14;2;LegalReferences
PARAGRAPH 17;2;LegalReferences
PARAGRAPH 18;1;LegalReferences
PARAGRAPH 1A;33;LegalReferences
PARAGRAPH 1B;19;LegalReferences
PARAGRAPH 22;6;LegalReferences
PARAGRAPH 23;0;LegalReferences
PARAGRAPH 28;0;LegalReferences
PARAGRAPH 29;0;LegalReferences
PARAGRAPH 2A;19;LegalReferences
PARAGRAPH 2B;14;LegalReferences
PARAGRAPH 30;0;LegalReferences
PARAGRAPH 31;0;LegalReferences
PARAGRAPH 38;0;LegalReferences
PARAGRAPH 39;0;LegalReferences
PARAGRAPH 3B;8;LegalReferences
PARAGRAPH 40;0;LegalReferences
PARAGRAPH 41;1;LegalReferences
PARAGRAPH 46;0;LegalReferences
PARAGRAPH 4A;4;LegalReferences
PARAGRAPH 51;1;LegalReferences
PARAGRAPH 5A;1;LegalReferences
PARAGRAPH 5B;0;LegalReferences
PARAGRAPH 68;0;LegalReferences
PARAGRAPH 9A;2;LegalReferences
SECTION 1001;0;LegalReferences
SECTION 1132;0;LegalReferences
SECTION 1221;0;LegalReferences
SECTION 1303;0;LegalReferences
SECTION 13F1;0;LegalReferences
SECTION 13M2;0;LegalReferences
SECTION 15B1;0;LegalReferences
SECTION 15B4;0;LegalReferences
SECTION 15BB;1;LegalReferences
SECTION 15C3;0;LegalReferences
SECTION 17R1;0;LegalReferences
SECTION 201F;0;LegalReferences
SECTION 202A;2;LegalReferences
SECTION 206A;0;LegalReferences
SECTION 206B;0;LegalReferences
SECTION 206E;0;LegalReferences
SECTION 2112;1;LegalReferences
SECTION 22A1;0;LegalReferences
SECTION 2A11;1;LegalReferences
SECTION 2A13;0;LegalReferences
SECTION 2A1A;0;LegalReferences
SECTION 2C2A;0;LegalReferences
SECTION 2C2B;1;LegalReferences
SECTION 2C2D;3;LegalReferences
SECTION 2H8B;0;LegalReferences
SECTION 303F;0;LegalReferences
SECTION 308B;1;LegalReferences
SECTION 36A1;0;LegalReferences
SECTION 3A10;0;LegalReferences
SECTION 3A13;0;LegalReferences
SECTION 3A68;0;LegalReferences
SECTION 3A77;3;LegalReferences
SECTION 3A78;0;LegalReferences
SECTION 402B;0;LegalReferences
SECTION 403B;0;LegalReferences
SECTION 457B;0;LegalReferences
SECTION 5136;4;LegalReferences
SECTION 552B;0;LegalReferences
SECTION 6G1A;0;LegalReferences
SECTION 6G5B;0;LegalReferences
SECTION 7064;0;LegalReferences
SECTION 721B;0;LegalReferences
SECTION 721C;0;LegalReferences
SECTION 721D;0;LegalReferences
SECTIONS 206;0;LegalReferences
SECTIONS 2A1;0;LegalReferences
SECTIONS 404;0;LegalReferences
SECTIONS 408;0;LegalReferences
SECTIONS 556;0;LegalReferences
SUBCLAUSE II;13;LegalReferences
SUBCLAUSE IV;4;LegalReferences
SUBSECTION A;247;LegalReferences
SUBSECTION B;143;LegalReferences
SUBSECTION C;47;LegalReferences
SUBSECTION D;39;LegalReferences
SUBSECTION E;33;LegalReferences
SUBSECTION F;21;LegalReferences
SUBSECTION G;11;LegalReferences
SUBSECTION I;9;LegalReferences
SUBSECTION J;7;LegalReferences
SUBSECTION K;7;LegalReferences
SUBSECTION M;5;LegalReferences
THIS SECTION;629;LegalReferences
IN EXCESS OF;11;LogicalConnectors
RESPECTIVELY;68;LogicalConnectors
SPECIFICALLY;28;LogicalConnectors
REDESIGNATED;37;Other
SUBPARAGRAPH;70;Other
ESTABLISHING;36;RegulatoryOperators
IMPLEMENTING;30;RegulatoryOperators
RESTRICTIONS;32;RegulatoryOperators
10000000000;12;Attributes
50000000000;15;Attributes
APPROPRIATE;437;Attributes
ENFORCEABLE;33;Attributes
JUNE 1 2010;0;Attributes
PERMISSIBLE;13;Attributes
SIGNIFICANT;61;Attributes
SUBSTANTIAL;35;Attributes
ACCOMPANIED;4;EconomicOperands
ACQUISITION;34;EconomicOperands
ALTERNATIVE;18;EconomicOperands
ANONYMOUSLY;2;EconomicOperands
APPLICATION;98;EconomicOperands
APPOINTMENT;97;EconomicOperands
ARBITRATION;18;EconomicOperands
ARRANGEMENT;14;EconomicOperands
ASSESSMENTS;51;EconomicOperands
ASSOCIATION;59;EconomicOperands
AUDIT TRAIL;0;EconomicOperands
AUTHORITIES;90;EconomicOperands
BACK OFFICE;0;EconomicOperands
BLOCK TRADE;0;EconomicOperands
BUCKET SHOP;0;EconomicOperands
CARRIES OUT;3;EconomicOperands
CENTRALIZED;1;EconomicOperands
CERTIFICATE;12;EconomicOperands
CHAIRPERSON;58;EconomicOperands
CIRCULATION;1;EconomicOperands
COMBINATION;9;EconomicOperands
COMMINGLING;1;EconomicOperands
COMMISSIONS;10;EconomicOperands
COMMITMENTS;1;EconomicOperands
COMMODITIES;6;EconomicOperands
COMMUNICATE;1;EconomicOperands
COMPARATIVE;1;EconomicOperands
COMPETITION;7;EconomicOperands
COMPETITIVE;25;EconomicOperands
COMPLAINING;0;EconomicOperands
COMPOSITION;1;EconomicOperands
CONFLICTING;3;EconomicOperands
CONSEQUENCE;1;EconomicOperands
CONSISTENCY;10;EconomicOperands
CONSTITUTES;9;EconomicOperands
CONTEMPLATE;0;EconomicOperands
CONTINGENCY;2;EconomicOperands
CONTRIVANCE;0;EconomicOperands
CONTROLLING;12;EconomicOperands
CONVENIENCE;2;EconomicOperands
COOPERATION;4;EconomicOperands
CORPORATION;768;EconomicOperands
CREDIT RISK;21;EconomicOperands
DEFINITIONS;102;EconomicOperands
DERIVATIVES;9;EconomicOperands
DESCRIPTION;51;EconomicOperands
DESIGNATION;24;EconomicOperands
DETERMINING;59;EconomicOperands
DETRIMENTAL;2;EconomicOperands
DEVELOPMENT;40;EconomicOperands
DIFFERENCES;13;EconomicOperands
DISCHARGING;0;EconomicOperands
DISCLOSURES;62;EconomicOperands
DISPOSITION;22;EconomicOperands
DISRUPTIONS;2;EconomicOperands
DISSEMINATE;3;EconomicOperands
DISTRIBUTED;8;EconomicOperands
DIVESTITURE;5;EconomicOperands
DUPLICATIVE;3;EconomicOperands
ELIGIBILITY;7;EconomicOperands
ENFORCEMENT;248;EconomicOperands
EVIDENCE ON;0;EconomicOperands
EXAMINATION;128;EconomicOperands
EXIST NOVEL;0;EconomicOperands
EXPLANATION;33;EconomicOperands
FACILITATES;3;EconomicOperands
FEASIBILITY;11;EconomicOperands
FULFILLMENT;3;EconomicOperands
FUNCTION OF;21;EconomicOperands
FURTHERANCE;12;EconomicOperands
IDENTIFYING;25;EconomicOperands
INDEPENDENT;57;EconomicOperands
INDIVIDUALS;52;EconomicOperands
INFORMATION;566;EconomicOperands
INSTITUTION;64;EconomicOperands
INSTRUMENTS;32;EconomicOperands
INTERAGENCY;0;EconomicOperands
INVENTORIES;0;EconomicOperands
INVESTIGATE;6;EconomicOperands
INVESTMENTS;31;EconomicOperands
INVOLVEMENT;3;EconomicOperands
KEEPS BOOKS;0;EconomicOperands
LEGISLATORS;2;EconomicOperands
LIABILITIES;54;EconomicOperands
LIQUIDATION;69;EconomicOperands
MAINTENANCE;10;EconomicOperands
MEASUREMENT;0;EconomicOperands
MERCHANDISE;0;EconomicOperands
METHODOLOGY;13;EconomicOperands
MINISTERIAL;1;EconomicOperands
OBLIGATIONS;115;EconomicOperands
OPERATIONAL;13;EconomicOperands
OPPORTUNITY;53;EconomicOperands
ORIGINATING;4;EconomicOperands
OUTSTANDING;26;EconomicOperands
OVERLAPPING;0;EconomicOperands
PARI-MUTUEL;0;EconomicOperands
PARTICIPANT;18;EconomicOperands
PARTNERSHIP;23;EconomicOperands
PERMUTATION;0;EconomicOperands
POSSESSIONS;0;EconomicOperands
PRACTICABLE;29;EconomicOperands
PREPARATION;6;EconomicOperands
PRESCRIBING;20;EconomicOperands
PRESUMPTION;4;EconomicOperands
PROCEEDINGS;58;EconomicOperands
PROPRIETARY;9;EconomicOperands
PROSECUTION;5;EconomicOperands
PROTECTIONS;7;EconomicOperands
PUBLICATION;39;EconomicOperands
REASONS FOR;10;EconomicOperands
RECOMMENDED;10;EconomicOperands
REFERENCING;0;EconomicOperands
REGISTRANTS;0;EconomicOperands
REGULATIONS;356;EconomicOperands
REINVESTING;0;EconomicOperands
REMEDIATION;5;EconomicOperands
RENEGOTIATE;0;EconomicOperands
REPRESENTED;10;EconomicOperands
REQUIREMENT;91;EconomicOperands
RESTITUTION;6;EconomicOperands
RETALIATION;4;EconomicOperands
SEGREGATION;1;EconomicOperands
SETTLEMENTS;0;EconomicOperands
SINGLE TYPE;0;EconomicOperands
SMALL BANKS;0;EconomicOperands
SPECULATORS;0;EconomicOperands
SUBMISSIONS;4;EconomicOperands
SUPERVISION;77;EconomicOperands
SUPERVISORS;6;EconomicOperands
SUPPLEMENTS;6;EconomicOperands
SURROUNDING;0;EconomicOperands
SWAP DEALER;1;EconomicOperands
TERMINATION;29;EconomicOperands
TERRITORIAL;5;EconomicOperands
TERRITORIES;2;EconomicOperands
THIRD-PARTY;11;EconomicOperands
TRADITIONAL;2;EconomicOperands
TRANSACTION;264;EconomicOperands
TRANSFERRED;207;EconomicOperands
TRANSMITTAL;5;EconomicOperands
TRANSMITTED;8;EconomicOperands
TRANSPARENT;4;EconomicOperands
UNDERTAKING;1;EconomicOperands
UNDERWRITER;17;EconomicOperands
VOLUNTARILY;4;EconomicOperands
WALL STREET;0;EconomicOperands
PURSUANT TO;284;FunctionWords
REFERRED TO;108;FunctionWords
RELATING TO;208;FunctionWords
THERETOFORE;0;FunctionWords
15 USC 78J1;0;LegalReferences
15 USC 78O7;0;LegalReferences
15 USC 78U1;1;LegalReferences
GRANDFATHER;0;LegalReferences
PARAGRAPH 1;340;LegalReferences
PARAGRAPH 2;171;LegalReferences
PARAGRAPH 3;88;LegalReferences
PARAGRAPH 4;63;LegalReferences
PARAGRAPH 5;25;LegalReferences
PARAGRAPH 6;24;LegalReferences
PARAGRAPH 7;14;LegalReferences
PARAGRAPH 9;8;LegalReferences
SECTION 101;7;LegalReferences
SECTION 102;7;LegalReferences
SECTION 10A;3;LegalReferences
SECTION 113;13;LegalReferences
SECTION 12F;0;LegalReferences
SECTION 13N;1;LegalReferences
SECTION 15A;4;LegalReferences
SECTION 15B;6;LegalReferences
SECTION 15D;1;LegalReferences
SECTION 15E;3;LegalReferences
SECTION 15F;1;LegalReferences
SECTION 17A;4;LegalReferences
SECTION 19B;3;LegalReferences
SECTION 1B7;1;LegalReferences
SECTION 21A;6;LegalReferences
SECTION 21C;1;LegalReferences
SECTION 222;0;LegalReferences
SECTION 225;0;LegalReferences
SECTION 22A;1;LegalReferences
SECTION 25A;2;LegalReferences
SECTION 28A;0;LegalReferences
SECTION 2A1;0;LegalReferences
SECTION 2C2;5;LegalReferences
SECTION 2H1;2;LegalReferences
SECTION 2H3;0;LegalReferences
SECTION 2H4;0;LegalReferences
SECTION 2H5;0;LegalReferences
SECTION 2H7;0;LegalReferences
SECTION 2H8;0;LegalReferences
SECTION 311;2;LegalReferences
SECTION 321;0;LegalReferences
SECTION 3C2;6;LegalReferences
SECTION 402;2;LegalReferences
SECTION 403;0;LegalReferences
SECTION 408;0;LegalReferences
SECTION 4C1;0;LegalReferences
SECTION 529;0;LegalReferences
SECTION 552;19;LegalReferences
SECTION 5E1;0;LegalReferences
SECTION 619;0;LegalReferences
SECTION 6CD;0;LegalReferences
SECTION 717;0;LegalReferences
SECTION 718;0;LegalReferences
SECTION 724;0;LegalReferences
SECTION 727;1;LegalReferences
SECTION 729;0;LegalReferences
SECTION 731;0;LegalReferences
SECTION 732;0;LegalReferences
SECTION 739;0;LegalReferences
SECTION 741;0;LegalReferences
SECTION 746;0;LegalReferences
SECTION 761;0;LegalReferences
SECTION 9A2;0;LegalReferences
SECTIONS 10;0;LegalReferences
SECTIONS 17;0;LegalReferences
SECTIONS 23;0;LegalReferences
SECTIONS 4A;0;LegalReferences
SUBCLAUSE I;23;LegalReferences
SUBSECTIONS;33;LegalReferences
EXCLUSIVELY;10;LogicalConnectors
CONSIDERING;4;LogicalConnectors
IN ANY CASE;9;LogicalConnectors
IN ORDER TO;71;LogicalConnectors
IN THE CASE;1;LogicalConnectors
LONGER THAN;4;LogicalConnectors
OF ANY KIND;1;LogicalConnectors
RELATIVE TO;8;LogicalConnectors
RELEVANT TO;14;LogicalConnectors
EFFECTIVELY;10;Other
POTENTIALLY;8;Other
PROSPECTIVE;10;Other
RULEMAKINGS;0;Other
SHORT TITLE;14;Other
DISAPPROVED;4;RegulatoryOperators
ESTABLISHED;244;RegulatoryOperators
ESTABLISHES;5;RegulatoryOperators
LIMITATIONS;75;RegulatoryOperators
PROHIBITING;16;RegulatoryOperators
PROHIBITION;36;RegulatoryOperators
PROMULGATED;19;RegulatoryOperators
TAKE EFFECT;52;RegulatoryOperators
10 PERCENT;15;Attributes
30 PERCENT;1;Attributes
90 PERCENT;1;Attributes
ACCEPTABLE;9;Attributes
ACCURATELY;1;Attributes
CONSISTENT;103;Attributes
ILL-SUITED;0;Attributes
INADEQUATE;2;Attributes
INDIRECTLY;45;Attributes
OCTOBER 30;1;Attributes
REASONABLE;111;Attributes
REASONABLY;45;Attributes
SEMIANNUAL;8;Attributes
SUFFICIENT;18;Attributes
TWO-THIRDS;0;Attributes
ACCEPTANCE;15;EconomicOperands
ACCOMPLISH;4;EconomicOperands
ACTIVITIES;246;EconomicOperands
ADMINISTER;22;EconomicOperands
AFFILIATED;14;EconomicOperands
AFFILIATES;37;EconomicOperands
AFFIRMANCE;11;EconomicOperands
AGREEMENTS;49;EconomicOperands
ALLEGATION;1;EconomicOperands
ALLOCATION;19;EconomicOperands
ANTICIPATE;0;EconomicOperands
ASSIGNMENT;15;EconomicOperands
ASSISTANCE;105;EconomicOperands
ASSOCIATED;38;EconomicOperands
ATTENDANCE;6;EconomicOperands
ATTRIBUTED;0;EconomicOperands
BANKRUPTCY;19;EconomicOperands
BASED UPON;12;EconomicOperands
BASIS SWAP;2;EconomicOperands
BOX OFFICE;0;EconomicOperands
CALCULATED;5;EconomicOperands
CANDIDATES;1;EconomicOperands
CATEGORIES;8;EconomicOperands
CLASSIFIED;1;EconomicOperands
COLLATERAL;28;EconomicOperands
COLLECTION;29;EconomicOperands
COMMENCING;5;EconomicOperands
COMMERCIAL;38;EconomicOperands
COMMINGLED;0;EconomicOperands
COMMISSION;842;EconomicOperands
COMMITTEES;33;EconomicOperands
COMPARABLE;34;EconomicOperands
COMPARISON;3;EconomicOperands
COMPLAINED;0;EconomicOperands
COMPLETION;17;EconomicOperands
COMPLIANCE;162;EconomicOperands
CONCURRENT;2;EconomicOperands
CONDITIONS;85;EconomicOperands
CONDUCT OF;27;EconomicOperands
CONDUCTING;37;EconomicOperands
CONGESTION;0;EconomicOperands
CONNECTION;0;EconomicOperands
CONSIDERED;50;EconomicOperands
CONSTITUTE;14;EconomicOperands
CONSULTING;8;EconomicOperands
CONTAINING;21;EconomicOperands
CONTINGENT;12;EconomicOperands
CONTRAVENE;0;EconomicOperands
CONTROLLED;33;EconomicOperands
CONVERSION;19;EconomicOperands
CONVEYANCE;0;EconomicOperands
CONVICTION;0;EconomicOperands
COORDINATE;48;EconomicOperands
CURRENCIES;3;EconomicOperands
CUSTODIANS;1;EconomicOperands
DAY-TO-DAY;0;EconomicOperands
DEFENDANTS;1;EconomicOperands
DEFINITION;69;EconomicOperands
DELEGATION;3;EconomicOperands
DELIVERING;2;EconomicOperands
DEPARTMENT;51;EconomicOperands
DEPOSITING;1;EconomicOperands
DEPOSITORS;3;EconomicOperands
DEPRESSING;0;EconomicOperands
DERIVATIVE;3;EconomicOperands
DESCRIBING;23;EconomicOperands
DEVELOPING;13;EconomicOperands
DISCIPLINE;1;EconomicOperands
DISCLOSING;6;EconomicOperands
DISCLOSURE;98;EconomicOperands
DISCRETION;68;EconomicOperands
DISCUSSION;4;EconomicOperands
DISRUPTION;4;EconomicOperands
DISRUPTIVE;1;EconomicOperands
DISSENTING;0;EconomicOperands
DISTORTION;0;EconomicOperands
EFFECTUATE;9;EconomicOperands
ELECTRONIC;38;EconomicOperands
EMPLOYMENT;40;EconomicOperands
ENTERPRISE;4;EconomicOperands
ENUMERATED;25;EconomicOperands
EXPIRATION;26;EconomicOperands
FACILITATE;45;EconomicOperands
FACILITIES;20;EconomicOperands
FICTITIOUS;2;EconomicOperands
FIXED RATE;6;EconomicOperands
FRAUDULENT;12;EconomicOperands
FULL FAITH;0;EconomicOperands
GEOGRAPHIC;5;EconomicOperands
GOOD FAITH;14;EconomicOperands
GOVERNANCE;11;EconomicOperands
GOVERNMENT;95;EconomicOperands
GRAND JURY;1;EconomicOperands
GUARANTEED;16;EconomicOperands
GUARANTEES;10;EconomicOperands
HARMONIZED;0;EconomicOperands
HEIGHTENED;7;EconomicOperands
IDENTIFIES;5;EconomicOperands
ILLEGALITY;0;EconomicOperands
IMPOSITION;8;EconomicOperands
IMPRISONED;2;EconomicOperands
INACCURATE;6;EconomicOperands
INCENTIVES;11;EconomicOperands
INCIDENTAL;25;EconomicOperands
INDIVIDUAL;89;EconomicOperands
INHABITANT;0;EconomicOperands
INITIATION;0;EconomicOperands
INITIATIVE;10;EconomicOperands
INNOVATION;3;EconomicOperands
INSOLVENCY;32;EconomicOperands
INSPECTION;23;EconomicOperands
INSTRUMENT;14;EconomicOperands
INTERSTATE;6;EconomicOperands
INVESTMENT;113;EconomicOperands
KEEP BOOKS;0;EconomicOperands
LITIGATION;16;EconomicOperands
LOOK BACKS;0;EconomicOperands
MAINTAINED;28;EconomicOperands
MANAGEMENT;110;EconomicOperands
MANAGERIAL;4;EconomicOperands
MANIPULATE;0;EconomicOperands
MATERIALLY;8;EconomicOperands
MECHANISMS;10;EconomicOperands
MEMBERSHIP;21;EconomicOperands
MINISTRIES;1;EconomicOperands
MISCONDUCT;13;EconomicOperands
MISLEADING;3;EconomicOperands
MITIGATING;8;EconomicOperands
MITIGATION;5;EconomicOperands
MONITORING;19;EconomicOperands
NONINSURED;1;EconomicOperands
OBJECTIVES;30;EconomicOperands
OBLIGATION;94;EconomicOperands
OCCURRENCE;8;EconomicOperands
OPERATIONS;47;EconomicOperands
PARAMETERS;1;EconomicOperands
PERFORMING;39;EconomicOperands
PERMISSION;3;EconomicOperands
PETITIONER;1;EconomicOperands
PHYSICALLY;1;EconomicOperands
PORTFOLIOS;0;EconomicOperands
PREDICATES;0;EconomicOperands
PRESERVING;1;EconomicOperands
PREVENTION;11;EconomicOperands
PRINCIPLES;10;EconomicOperands
PRIVILEGES;22;EconomicOperands
PROCEDURES;142;EconomicOperands
PROCEEDING;90;EconomicOperands
PROCESSING;13;EconomicOperands
PRODUCTION;28;EconomicOperands
PROHIBITED;18;EconomicOperands
PROMULGATE;23;EconomicOperands
PROTECTING;7;EconomicOperands
PROTECTION;136;EconomicOperands
PROVISIONS;229;EconomicOperands
PRUDENTIAL;18;EconomicOperands
PURCHASING;10;EconomicOperands
QUOTATIONS;0;EconomicOperands
RECORDINGS;0;EconomicOperands
REDEMPTION;6;EconomicOperands
REFERENCES;6;EconomicOperands
REGISTERED;137;EconomicOperands
REGISTRANT;0;EconomicOperands
REGULATION;167;EconomicOperands
REGULATORS;35;EconomicOperands
REGULATORY;169;EconomicOperands
REPOSITORY;3;EconomicOperands
REQUESTING;6;EconomicOperands
RESOLUTION;94;EconomicOperands
RESPECTIVE;12;EconomicOperands
RESPONDENT;6;EconomicOperands
RESPONDING;6;EconomicOperands
RESUMPTION;0;EconomicOperands
REVIEWABLE;0;EconomicOperands
REVOCATION;3;EconomicOperands
RISK-BASED;17;EconomicOperands
SAFEGUARDS;11;EconomicOperands
SECURITIES;375;EconomicOperands
SEGREGATED;0;EconomicOperands
SETTLEMENT;54;EconomicOperands
SOLICITING;4;EconomicOperands
STATE BANK;29;EconomicOperands
STATEMENTS;23;EconomicOperands
STRUCTURAL;1;EconomicOperands
STRUCTURED;7;EconomicOperands
SUBMISSION;35;EconomicOperands
SUBMITTING;5;EconomicOperands
SUBSIDIARY;180;EconomicOperands
SUBSTITUTE;3;EconomicOperands
SUCCESSFUL;5;EconomicOperands
SUPERVISED;66;EconomicOperands
SUPPLEMENT;3;EconomicOperands
SUSPENSION;13;EconomicOperands
TIMEFRAMES;2;EconomicOperands
TRANSITION;15;EconomicOperands
UNDERLYING;10;EconomicOperands
UNDERMINES;0;EconomicOperands
UNDERTAKEN;9;EconomicOperands
UNDERTAKES;1;EconomicOperands
VIOLATIONS;48;EconomicOperands
VOLATILITY;3;EconomicOperands
WITHDRAWAL;8;EconomicOperands
APPLICABLE;198;FunctionWords
AS FOLLOWS;42;FunctionWords
IDENTIFIED;53;FunctionWords
IN GENERAL;491;FunctionWords
PARTICULAR;30;FunctionWords
SUBSEQUENT;17;FunctionWords
THEMSELVES;8;FunctionWords
THEREAFTER;36;FunctionWords
THEREUNDER;31;FunctionWords
WHATSOEVER;0;FunctionWords
CLAUSE III;29;LegalReferences
CLAUSE VII;6;LegalReferences
MEMORANDUM;1;LegalReferences
SECTION 10;5;LegalReferences
SECTION 12;2;LegalReferences
SECTION 13;11;LegalReferences
SECTION 16;2;LegalReferences
SECTION 17;2;LegalReferences
SECTION 19;3;LegalReferences
SECTION 1B;3;LegalReferences
SECTION 20;1;LegalReferences
SECTION 21;1;LegalReferences
SECTION 22;1;LegalReferences
SECTION 24;6;LegalReferences
SECTION 25;8;LegalReferences
SECTION 2A;4;LegalReferences
SECTION 2C;0;LegalReferences
SECTION 2F;0;LegalReferences
SECTION 2H;1;LegalReferences
SECTION 30;0;LegalReferences
SECTION 33;1;LegalReferences
SECTION 36;0;LegalReferences
SECTION 3A;5;LegalReferences
SECTION 3B;0;LegalReferences
SECTION 3C;7;LegalReferences
SECTION 3D;0;LegalReferences
SECTION 3Q;16;LegalReferences
SECTION 4A;0;LegalReferences
SECTION 4B;0;LegalReferences
SECTION 4C;3;LegalReferences
SECTION 4D;1;LegalReferences
SECTION 4K;12;LegalReferences
SECTION 5A;1;LegalReferences
SECTION 5B;3;LegalReferences
SECTION 5C;0;LegalReferences
SECTION 5D;2;LegalReferences
SECTION 5E;0;LegalReferences
SECTION 6A;0;LegalReferences
SECTION 6B;9;LegalReferences
SECTION 6C;0;LegalReferences
SECTION 6D;0;LegalReferences
SECTION 6E;1;LegalReferences
SECTION 8A;3;LegalReferences
SECTION 8B;0;LegalReferences
SECTION 8E;1;LegalReferences
SECTION 9A;1;LegalReferences
SECTION 9B;0;LegalReferences
SECTIONS 1;0;LegalReferences
SECTIONS 3;0;LegalReferences
SECTIONS 4;2;LegalReferences
SECTIONS 5;1;LegalReferences
SECTIONS 6;0;LegalReferences
SECTIONS 9;0;LegalReferences
SUBSECTION;47;LegalReferences
SUBTITLE A;12;LegalReferences
SUBTITLE B;38;LegalReferences
THIS TITLE;526;LegalReferences
AS LONG AS;3;LogicalConnectors
AS SOON AS;3;LogicalConnectors
AS WELL AS;11;LogicalConnectors
BECAUSE OF;13;LogicalConnectors
CONCERNING;44;LogicalConnectors
EQUIVALENT;19;LogicalConnectors
ESPECIALLY;0;LogicalConnectors
EXCEPTIONS;28;LogicalConnectors
EXCLUSIONS;6;LogicalConnectors
FEWER THAN;22;LogicalConnectors
IN LIEU OF;7;LogicalConnectors
INSOFAR AS;0;LogicalConnectors
LATER THAN;13;LogicalConnectors
LIMITED TO;18;LogicalConnectors
PREVIOUSLY;8;LogicalConnectors
REPRESENTS;6;LogicalConnectors
SO LONG AS;2;LogicalConnectors
SUBJECT TO;416;LogicalConnectors
ADDITIONAL;110;MathematicalOperators
AMENDMENTS;120;Other
CONFORMING;24;Other
DE MINIMIS;5;Other
INVALIDATE;1;Other
PARAGRAPHS;28;Other
REFERENCED;3;Other
RULEMAKING;96;Other
SUBCHAPTER;10;Other
LIMITATION;67;RegulatoryOperators
AUTHORIZED;150;RegulatoryOperators
AUTHORIZES;9;RegulatoryOperators
DESIGNATED;88;RegulatoryOperators
DETERMINED;113;RegulatoryOperators
DETERMINES;159;RegulatoryOperators
EXEMPTIONS;21;RegulatoryOperators
PRESCRIBED;171;RegulatoryOperators
100000000;3;Attributes
12 MONTHS;22;Attributes
15 MONTHS;2;Attributes
18 MONTHS;22;Attributes
24 MONTHS;6;Attributes
30 MONTHS;5;Attributes
EQUITABLE;20;Attributes
IDENTICAL;1;Attributes
NECESSARY;241;Attributes
NO LONGER;7;Attributes
PRESENTLY;2;Attributes
PRIMARILY;10;Attributes
QUARTERLY;4;Attributes
REGULARLY;8;Attributes
ACCEPTING;0;EconomicOperands
ACCOMPANY;1;EconomicOperands
ADHERENCE;1;EconomicOperands
ADMISSION;0;EconomicOperands
AFFILIATE;113;EconomicOperands
AGGREGATE;39;EconomicOperands
AGREEMENT;169;EconomicOperands
ALGORITHM;2;EconomicOperands
ANALYZING;3;EconomicOperands
ANTIFRAUD;6;EconomicOperands
ANTITRUST;2;EconomicOperands
APPLICANT;32;EconomicOperands
APPOINTED;104;EconomicOperands
ARBITRAGE;0;EconomicOperands
ASSISTING;6;EconomicOperands
ASSURANCE;0;EconomicOperands
ATTENDANT;0;EconomicOperands
ATTORNEYS;12;EconomicOperands
AUTHORITY;466;EconomicOperands
AUTOMATED;6;EconomicOperands
AVAILABLE;199;EconomicOperands
BELONGING;2;EconomicOperands
BONA FIDE;21;EconomicOperands
BROKERAGE;13;EconomicOperands
CARRY OUT;106;EconomicOperands
CAUSES OF;2;EconomicOperands
CESSATION;1;EconomicOperands
CHARACTER;9;EconomicOperands
CHARTERED;21;EconomicOperands
CLEARANCE;5;EconomicOperands
CLOSE OUT;0;EconomicOperands
COLLECTED;47;EconomicOperands
COMMITTED;17;EconomicOperands
COMMITTEE;113;EconomicOperands
COMMODITY;14;EconomicOperands
COMMUNITY;16;EconomicOperands
COMPELLED;9;EconomicOperands
COMPLAINT;44;EconomicOperands
COMPLETES;2;EconomicOperands
CONDITION;34;EconomicOperands
CONDUCTED;87;EconomicOperands
CONFERRED;1;EconomicOperands
CONFLICTS;8;EconomicOperands
CONSIDERS;13;EconomicOperands
CONSUMERS;167;EconomicOperands
CONTAINED;18;EconomicOperands
CONTINUAL;1;EconomicOperands
CONTINUED;8;EconomicOperands
CONTRACTS;48;EconomicOperands
CONTUMACY;3;EconomicOperands
CONVERTED;1;EconomicOperands
CONVEYING;0;EconomicOperands
CONVICTED;14;EconomicOperands
CREDITING;6;EconomicOperands
CUSTODIAN;24;EconomicOperands
CUSTOMERS;26;EconomicOperands
DECEPTIVE;29;EconomicOperands
DEFENDANT;6;EconomicOperands
DELIVERED;2;EconomicOperands
DEPENDENT;2;EconomicOperands
DEPOSITED;25;EconomicOperands
DESIGNATE;11;EconomicOperands
DESIGNEES;2;EconomicOperands
DETERRING;1;EconomicOperands
DEVELOPED;13;EconomicOperands
DIRECTING;1;EconomicOperands
DIRECTION;9;EconomicOperands
DIRECTORS;124;EconomicOperands
DISCHARGE;5;EconomicOperands
DISCLOSED;19;EconomicOperands
DISCOVERY;6;EconomicOperands
DISREGARD;4;EconomicOperands
DISRUPTED;1;EconomicOperands
DIVERSITY;9;EconomicOperands
DIVESTING;0;EconomicOperands
DOCUMENTS;45;EconomicOperands
DOMICILED;7;EconomicOperands
EFFECTING;2;EconomicOperands
EFFICIENT;11;EconomicOperands
ELIMINATE;5;EconomicOperands
EMERGENCY;31;EconomicOperands
EMISSIONS;1;EconomicOperands
ENDOWMENT;4;EconomicOperands
EXCHANGES;9;EconomicOperands
EXCLUSION;23;EconomicOperands
EXCLUSIVE;16;EconomicOperands
EXECUTING;2;EconomicOperands
EXECUTION;10;EconomicOperands
EXECUTORY;0;EconomicOperands
EXEMPTIVE;2;EconomicOperands
EXISTENCE;5;EconomicOperands
EXPEDITED;10;EconomicOperands
EXPERTISE;15;EconomicOperands
EXPOSURES;9;EconomicOperands
EXPRESSED;6;EconomicOperands
EXTENSION;60;EconomicOperands
FEDERALLY;25;EconomicOperands
FIDUCIARY;21;EconomicOperands
FINANCIAL;465;EconomicOperands
FINANCING;18;EconomicOperands
FOREGOING;5;EconomicOperands
FORMATION;5;EconomicOperands
FRAMEWORK;4;EconomicOperands
FREQUENCY;9;EconomicOperands
FUNCTIONS;103;EconomicOperands
FURNISHED;10;EconomicOperands
GENERATED;3;EconomicOperands
GOVERNING;27;EconomicOperands
GUARANTEE;36;EconomicOperands
IMPARTIAL;0;EconomicOperands
IMPARTING;0;EconomicOperands
IMPLEMENT;50;EconomicOperands
INCEPTION;1;EconomicOperands
INCIDENTS;0;EconomicOperands
INDEMNIFY;0;EconomicOperands
INITIATED;9;EconomicOperands
INSOLVENT;15;EconomicOperands
INSPECTOR;65;EconomicOperands
INSTITUTE;7;EconomicOperands
INSURANCE;226;EconomicOperands
INTEGRITY;20;EconomicOperands
INTERESTS;34;EconomicOperands
INTERVALS;0;EconomicOperands
INVESTING;1;EconomicOperands
INVESTORS;127;EconomicOperands
INVOLVING;39;EconomicOperands
JUDGMENTS;0;EconomicOperands
KNOWINGLY;11;EconomicOperands
KNOWLEDGE;13;EconomicOperands
LEVERAGED;2;EconomicOperands
LIABILITY;38;EconomicOperands
LIQUIDATE;4;EconomicOperands
LIQUIDITY;26;EconomicOperands
LOGISTICS;0;EconomicOperands
LONG-TERM;9;EconomicOperands
LOOK-BACK;1;EconomicOperands
MAINTAINS;9;EconomicOperands
MARGINING;13;EconomicOperands
MARKETING;12;EconomicOperands
MATERIALS;27;EconomicOperands
MEASURING;1;EconomicOperands
MECHANISM;3;EconomicOperands
MEMORANDA;3;EconomicOperands
MUNICIPAL;144;EconomicOperands
NEGOTIATE;9;EconomicOperands
NONPUBLIC;2;EconomicOperands
NOTIFYING;1;EconomicOperands
NUMERICAL;2;EconomicOperands
OBJECTION;13;EconomicOperands
OBJECTIVE;1;EconomicOperands
OCCUPYING;2;EconomicOperands
OPERATING;25;EconomicOperands
OPERATION;43;EconomicOperands
OPTIMIZED;0;EconomicOperands
ORGANIZED;23;EconomicOperands
OVERSIGHT;53;EconomicOperands
OWNERSHIP;28;EconomicOperands
PARAMETER;0;EconomicOperands
PENALTIES;36;EconomicOperands
PLAUSIBLE;0;EconomicOperands
PORTFOLIO;19;EconomicOperands
POSITIONS;32;EconomicOperands
POSSESSES;1;EconomicOperands
POTENTIAL;84;EconomicOperands
PRACTICAL;0;EconomicOperands
PRACTICES;76;EconomicOperands
PREPARING;2;EconomicOperands
PRINCIPAL;103;EconomicOperands
PRINCIPLE;5;EconomicOperands
PRIVILEGE;22;EconomicOperands
PROCEDURE;25;EconomicOperands
PROCESSED;7;EconomicOperands
PROCESSES;11;EconomicOperands
PRODUCING;2;EconomicOperands
PROMOTING;7;EconomicOperands
PROVIDING;119;EconomicOperands
PROVISION;337;EconomicOperands
PUBLISHED;31;EconomicOperands
PURCHASED;14;EconomicOperands
PURCHASES;13;EconomicOperands
QUALIFIED;25;EconomicOperands
QUALIFIES;1;EconomicOperands
REAL-TIME;0;EconomicOperands
RECEIVING;26;EconomicOperands
RECOMMEND;18;EconomicOperands
RECORDING;3;EconomicOperands
RECURRING;0;EconomicOperands
REDUCTION;28;EconomicOperands
REFERENCE;13;EconomicOperands
REFERRALS;4;EconomicOperands
REGULATOR;32;EconomicOperands
REPORTING;88;EconomicOperands
REPRESENT;7;EconomicOperands
RESOLVING;6;EconomicOperands
RESOURCES;25;EconomicOperands
RESULTING;23;EconomicOperands
RETAINING;2;EconomicOperands
RETESTING;0;EconomicOperands
REVIEWING;6;EconomicOperands
REVOLVING;1;EconomicOperands
SANCTIONS;8;EconomicOperands
SCREENING;0;EconomicOperands
SECRETARY;308;EconomicOperands
SEGREGATE;0;EconomicOperands
SEPARATED;2;EconomicOperands
SOUNDNESS;40;EconomicOperands
SPECIFIES;2;EconomicOperands
STABILITY;30;EconomicOperands
STANDARDS;240;EconomicOperands
STATEMENT;68;EconomicOperands
STATUTORY;10;EconomicOperands
SUBMITTED;58;EconomicOperands
SUBPOENAS;9;EconomicOperands
SUSPENDED;4;EconomicOperands
SUSTAINED;1;EconomicOperands
SYNDICATE;0;EconomicOperands
TAXPAYERS;16;EconomicOperands
TERMINATE;32;EconomicOperands
TERRORISM;0;EconomicOperands
TESTIMONY;49;EconomicOperands
THRESHOLD;17;EconomicOperands
TIMELINES;2;EconomicOperands
TRANSACTS;3;EconomicOperands
TRANSFERS;35;EconomicOperands
TREATMENT;59;EconomicOperands
UNCLEARED;0;EconomicOperands
VALUATION;18;EconomicOperands
VARIATION;2;EconomicOperands
VIOLATING;7;EconomicOperands
VIOLATION;163;EconomicOperands
VOLUNTARY;5;EconomicOperands
WILLFULLY;2;EconomicOperands
WITHDRAWN;4;EconomicOperands
WITHDRAWS;1;EconomicOperands
WITNESSES;6;EconomicOperands
BE SERVED;19;FunctionWords
DIFFERENT;25;FunctionWords
FOLLOWING;608;FunctionWords
GENERALLY;16;FunctionWords
PRECEDING;60;FunctionWords
THEREFROM;0;FunctionWords
12 USC 24;2;LegalReferences
2 CONTENT;11;LegalReferences
CHAPTER 5;6;LegalReferences
CHAPTER 7;13;LegalReferences
CLAUSE II;43;LegalReferences
CLAUSE IV;15;LegalReferences
CLAUSE VI;5;LegalReferences
CLAUSE XI;0;LegalReferences
PARAGRAPH;38;LegalReferences
SECTION 1;2;LegalReferences
SECTION 2;12;LegalReferences
SECTION 3;32;LegalReferences
SECTION 4;9;LegalReferences
SECTION 5;8;LegalReferences
SECTION 6;8;LegalReferences
SECTION 8;29;LegalReferences
SECTION 9;3;LegalReferences
SUBCLAUSE;4;LegalReferences
TITLE VII;2;LegalReferences
EXCEPTING;0;LogicalConnectors
EXCLUDING;6;LogicalConnectors
BEGINNING;17;LogicalConnectors
EXCEEDING;6;LogicalConnectors
EXCEPT AS;130;LogicalConnectors
INCLUDING;582;LogicalConnectors
INCLUSION;12;LogicalConnectors
INITIALLY;4;LogicalConnectors
LESS THAN;51;LogicalConnectors
MORE THAN;76;LogicalConnectors
OTHERWISE;221;LogicalConnectors
REGARDING;200;LogicalConnectors
SIMILARLY;8;LogicalConnectors
INCREASED;11;MathematicalOperators
ADDITIONS;0;MathematicalOperators
AMENDMENT;65;Other
CONSTRUED;112;Other
DEFERENCE;15;Other
DESCRIBED;474;Other
DETAILING;6;Other
EFFECTIVE;64;Other
ENACTMENT;226;Other
EXPRESSLY;6;Other
INSERTING;928;Other
RESERVING;0;Other
SEMICOLON;24;Other
MANDATORY;21;RegulatoryOperators
ALLOWABLE;0;RegulatoryOperators
AUTHORIZE;8;RegulatoryOperators
DETERMINE;157;RegulatoryOperators
ESTABLISH;149;RegulatoryOperators
EXCEPTION;35;RegulatoryOperators
EXEMPTION;72;RegulatoryOperators
PERMITTED;56;RegulatoryOperators
PRESCRIBE;145;RegulatoryOperators
PROHIBITS;7;RegulatoryOperators
REGULATED;50;RegulatoryOperators
REGULATES;3;RegulatoryOperators
REQUESTED;30;RegulatoryOperators
REQUIRING;41;RegulatoryOperators
SET FORTH;43;RegulatoryOperators
SPECIFIED;45;RegulatoryOperators
10 YEARS;6;Attributes
120 DAYS;5;Attributes
180 DAYS;29;Attributes
25000000;2;Attributes
270 DAYS;7;Attributes
360 DAYS;1;Attributes
50000000;3;Attributes
8 MONTHS;0;Attributes
ADEQUATE;21;Attributes
ANNUALLY;28;Attributes
DIRECTLY;88;Attributes
POSSIBLE;29;Attributes
PROMPTLY;21;Attributes
PROPERLY;4;Attributes
RELEVANT;53;Attributes
STRICTLY;1;Attributes
ACCEPTED;7;EconomicOperands
ACCOUNTS;47;EconomicOperands
ACCRUING;3;EconomicOperands
ACCURACY;12;EconomicOperands
ACCURATE;15;EconomicOperands
ACQUIRED;15;EconomicOperands
ACQUIRES;1;EconomicOperands
ACTIVITY;84;EconomicOperands
ADEQUACY;10;EconomicOperands
ADOPTING;8;EconomicOperands
ADOPTION;7;EconomicOperands
ADVANCES;8;EconomicOperands
ADVISING;4;EconomicOperands
ADVISORS;7;EconomicOperands
ADVISORY;45;EconomicOperands
AFFECTED;19;EconomicOperands
AGENCIES;187;EconomicOperands
AGREEING;2;EconomicOperands
ANALYSIS;50;EconomicOperands
APPARENT;3;EconomicOperands
APPEALED;1;EconomicOperands
APPLYING;8;EconomicOperands
APPROVED;31;EconomicOperands
ARTIFICE;0;EconomicOperands
ASSURING;7;EconomicOperands
ATTACHED;0;EconomicOperands
AVOIDING;9;EconomicOperands
BACK PAY;3;EconomicOperands
BACKSTOP;0;EconomicOperands
BAILOUTS;0;EconomicOperands
BALANCED;2;EconomicOperands
BELIEVED;3;EconomicOperands
BIENNIAL;0;EconomicOperands
BUSINESS;116;EconomicOperands
CAPACITY;34;EconomicOperands
CARRYING;44;EconomicOperands
CATEGORY;16;EconomicOperands
CHAIRMAN;55;EconomicOperands
CLAIMING;2;EconomicOperands
CLEARING;49;EconomicOperands
CLERICAL;11;EconomicOperands
CLOSEOUT;0;EconomicOperands
COLLECTS;3;EconomicOperands
COMMERCE;16;EconomicOperands
COMPLETE;22;EconomicOperands
COMPOSED;3;EconomicOperands
CONCERNS;18;EconomicOperands
CONDUCTS;11;EconomicOperands
CONFLICT;17;EconomicOperands
CONGRESS;157;EconomicOperands
CONSIDER;62;EconomicOperands
CONTAINS;8;EconomicOperands
CONTEMPT;5;EconomicOperands
CONTINUE;41;EconomicOperands
CONTRACT;132;EconomicOperands
CONTROLS;56;EconomicOperands
COSTS OF;21;EconomicOperands
COVERING;0;EconomicOperands
CREATING;6;EconomicOperands
CREATION;3;EconomicOperands
CREDITED;25;EconomicOperands
CRIMINAL;12;EconomicOperands
CRITERIA;42;EconomicOperands
CURRENCY;25;EconomicOperands
CUSTOMER;50;EconomicOperands
DEADLINE;14;EconomicOperands
DECISION;60;EconomicOperands
DECLARED;3;EconomicOperands
DEFAULTS;9;EconomicOperands
DEFINING;5;EconomicOperands
DELEGATE;11;EconomicOperands
DELIVERY;16;EconomicOperands
DEPOSITS;48;EconomicOperands
DESIGNED;34;EconomicOperands
DESIGNEE;14;EconomicOperands
DILIGENT;0;EconomicOperands
DIMINISH;4;EconomicOperands
DIRECTOR;516;EconomicOperands
DISCLOSE;43;EconomicOperands
DISPUTES;2;EconomicOperands
DISTRICT;57;EconomicOperands
DIVIDEND;7;EconomicOperands
DIVISION;45;EconomicOperands
DOCUMENT;17;EconomicOperands
DOMESTIC;12;EconomicOperands
EARNINGS;7;EconomicOperands
ECONOMIC;41;EconomicOperands
EFFECTED;2;EconomicOperands
ELECTION;26;EconomicOperands
ELEMENTS;2;EconomicOperands
ELIGIBLE;28;EconomicOperands
EMPLOYEE;161;EconomicOperands
EMPLOYER;22;EconomicOperands
ENDEAVOR;0;EconomicOperands
ENHANCED;24;EconomicOperands
ENJOINED;2;EconomicOperands
ENTERING;5;EconomicOperands
ENTIRETY;2;EconomicOperands
ENTITIES;114;EconomicOperands
ENTITLED;27;EconomicOperands
EVASIONS;7;EconomicOperands
EVIDENCE;24;EconomicOperands
EVOLVING;0;EconomicOperands
EXCHANGE;55;EconomicOperands
EXCLUDED;12;EconomicOperands
EXECUTED;10;EconomicOperands
EXERCISE;88;EconomicOperands
EXISTING;59;EconomicOperands
EXPECTED;20;EconomicOperands
EXPENDED;10;EconomicOperands
EXPENSES;48;EconomicOperands
EXPLICIT;1;EconomicOperands
EXPOSURE;6;EconomicOperands
EXTENDED;25;EconomicOperands
FACILITY;26;EconomicOperands
FINANCED;4;EconomicOperands
FINDINGS;47;EconomicOperands
FORWARDS;0;EconomicOperands
FREQUENT;0;EconomicOperands
FUNCTION;8;EconomicOperands
GUARANTY;8;EconomicOperands
GUIDANCE;24;EconomicOperands
HANDLING;0;EconomicOperands
IDENTIFY;52;EconomicOperands
IDENTITY;16;EconomicOperands
IMPARTED;0;EconomicOperands
IMPLYING;1;EconomicOperands
IMPOSING;10;EconomicOperands
INCLUDED;24;EconomicOperands
INCLUDES;67;EconomicOperands
INDIRECT;13;EconomicOperands
INDUCING;0;EconomicOperands
INDUSTRY;24;EconomicOperands
INITIATE;18;EconomicOperands
INTENDED;16;EconomicOperands
INTEREST;188;EconomicOperands
INTERNAL;39;EconomicOperands
INVESTED;6;EconomicOperands
INVESTOR;51;EconomicOperands
INVOLVED;20;EconomicOperands
INVOLVES;10;EconomicOperands
ISSUANCE;45;EconomicOperands
JUDGMENT;24;EconomicOperands
JUDICIAL;24;EconomicOperands
LEVERAGE;17;EconomicOperands
LICENSED;27;EconomicOperands
LOCATION;5;EconomicOperands
MAINTAIN;59;EconomicOperands
MANAGERS;1;EconomicOperands
MANAGING;3;EconomicOperands
MARGINED;0;EconomicOperands
MATCHING;3;EconomicOperands
MATERIAL;74;EconomicOperands
MEASURES;29;EconomicOperands
MEETINGS;11;EconomicOperands
MINORITY;26;EconomicOperands
MONETARY;18;EconomicOperands
MORTGAGE;197;EconomicOperands
MOVEMENT;1;EconomicOperands
MULTIPLE;13;EconomicOperands
NATIONAL;103;EconomicOperands
NONPRICE;0;EconomicOperands
NOTIFIES;7;EconomicOperands
NOTIONAL;0;EconomicOperands
OBTAINED;42;EconomicOperands
OCCURRED;11;EconomicOperands
OFFERING;46;EconomicOperands
OPERATED;8;EconomicOperands
OPERATES;8;EconomicOperands
OPERATOR;10;EconomicOperands
ORIGINAL;18;EconomicOperands
OVERSEES;1;EconomicOperands
PAYMENTS;98;EconomicOperands
PER DIEM;2;EconomicOperands
PERFORMS;10;EconomicOperands
PERSONAL;23;EconomicOperands
PETITION;53;EconomicOperands
PHYSICAL;5;EconomicOperands
PLATFORM;0;EconomicOperands
POLICIES;71;EconomicOperands
POSITION;46;EconomicOperands
PRACTICE;60;EconomicOperands
PRECLUDE;2;EconomicOperands
PRESSURE;0;EconomicOperands
PROCEEDS;21;EconomicOperands
PRODUCES;2;EconomicOperands
PRODUCTS;42;EconomicOperands
PROPERTY;181;EconomicOperands
PROPOSAL;8;EconomicOperands
PROPOSED;108;EconomicOperands
PROPOSES;1;EconomicOperands
PROTECTS;1;EconomicOperands
PROVIDES;68;EconomicOperands
PUBLICLY;26;EconomicOperands
PUNISHED;4;EconomicOperands
PURCHASE;66;EconomicOperands
PURPOSES;385;EconomicOperands
QUANTITY;0;EconomicOperands
QUESTION;9;EconomicOperands
RECEIPTS;9;EconomicOperands
RECEIVED;95;EconomicOperands
RECEIVES;39;EconomicOperands
RECKLESS;2;EconomicOperands
RECORDED;1;EconomicOperands
RECOVERY;11;EconomicOperands
REDUCING;3;EconomicOperands
REFERRAL;8;EconomicOperands
REGISTER;41;EconomicOperands
RELIABLE;4;EconomicOperands
REMEDIES;25;EconomicOperands
REPORTED;8;EconomicOperands
RESEARCH;29;EconomicOperands
RESERVED;3;EconomicOperands
RESOURCE;2;EconomicOperands
RESPONSE;44;EconomicOperands
RETAINED;15;EconomicOperands
REVIEWED;4;EconomicOperands
RULES OF;52;EconomicOperands
SANCTION;7;EconomicOperands
SCALABLE;0;EconomicOperands
SCHEDULE;18;EconomicOperands
SECURING;17;EconomicOperands
SECURITY;114;EconomicOperands
SEPARATE;32;EconomicOperands
SERVICES;245;EconomicOperands
SOLICITS;1;EconomicOperands
SPOOFING;0;EconomicOperands
SQUEEZES;0;EconomicOperands
STANDARD;56;EconomicOperands
STRADDLE;0;EconomicOperands
STRENGTH;0;EconomicOperands
STRICTER;0;EconomicOperands
SUBPOENA;21;EconomicOperands
SUPPLIED;1;EconomicOperands
TAXPAYER;10;EconomicOperands
THREATEN;3;EconomicOperands
TRANSFER;191;EconomicOperands
TRANSMIT;14;EconomicOperands
TREASURY;25;EconomicOperands
UNIVERSE;0;EconomicOperands
VEHICLES;1;EconomicOperands
VIOLATED;10;EconomicOperands
VIOLATES;9;EconomicOperands
VOIDABLE;1;EconomicOperands
WAGERING;0;EconomicOperands
CONTENTS;21;FunctionWords
DOES NOT;155;FunctionWords
OPPOSITE;0;FunctionWords
SPECIFIC;56;FunctionWords
THEREFOR;5;FunctionWords
1 NOTICE;5;LegalReferences
3 REPORT;10;LegalReferences
CLAUSE I;115;LegalReferences
THIS ACT;228;LegalReferences
TITLE 11;8;LegalReferences
TITLE 18;17;LegalReferences
TITLE 28;6;LegalReferences
TITLE II;11;LegalReferences
WHENEVER;18;LogicalConnectors
WHEREVER;0;LogicalConnectors
ACTUALLY;2;LogicalConnectors
AT LEAST;38;LogicalConnectors
EQUAL TO;40;LogicalConnectors
PREVIOUS;17;LogicalConnectors
PROVIDED;366;LogicalConnectors
SO AS TO;12;LogicalConnectors
MINIMIZE;14;MathematicalOperators
NEGATIVE;12;MathematicalOperators
BASED ON;73;Other
BECOMING;1;Other
CONTRARY;7;Other
DESCRIBE;16;Other
EXCLUDES;0;Other
MEANINGS;14;Other
SENTENCE;77;Other
STRIKING;880;Other
THEMSELF;0;Other
UNLAWFUL;12;RegulatoryOperators
ALLOWING;6;RegulatoryOperators
APPROVAL;67;RegulatoryOperators
DIRECTED;8;RegulatoryOperators
ENSURING;9;RegulatoryOperators
EVALUATE;20;RegulatoryOperators
EXCEPTED;15;RegulatoryOperators
EXEMPTED;7;RegulatoryOperators
GRANTING;8;RegulatoryOperators
LIMITING;34;RegulatoryOperators
MITIGATE;26;RegulatoryOperators
PROHIBIT;20;RegulatoryOperators
REGULATE;4;RegulatoryOperators
REPEALED;10;RegulatoryOperators
REQUIRED;444;RegulatoryOperators
REQUIRES;17;RegulatoryOperators
1000000;8;Attributes
15 DAYS;5;Attributes
2 YEARS;26;Attributes
21 DAYS;1;Attributes
28 DAYS;0;Attributes
30 DAYS;49;Attributes
5 YEARS;29;Attributes
60 DAYS;31;Attributes
90 DAYS;36;Attributes
ALREADY;8;Attributes
PERCENT;21;Attributes
PRUDENT;2;Attributes
SERIOUS;11;Attributes
SHORTER;7;Attributes
ABILITY;71;EconomicOperands
ABUSIVE;21;EconomicOperands
ACCEPTS;4;EconomicOperands
ACCOUNT;153;EconomicOperands
ACHIEVE;7;EconomicOperands
ACQUIRE;22;EconomicOperands
ACTIONS;124;EconomicOperands
ADDRESS;42;EconomicOperands
ADVISOR;7;EconomicOperands
AFFECTS;7;EconomicOperands
AGENCYS;6;EconomicOperands
ALLEGED;26;EconomicOperands
AMOUNTS;120;EconomicOperands
ANALYZE;7;EconomicOperands
APPEALS;6;EconomicOperands
APPLIED;34;EconomicOperands
APPOINT;21;EconomicOperands
ARISING;52;EconomicOperands
ATTEMPT;3;EconomicOperands
BALANCE;24;EconomicOperands
BANKING;34;EconomicOperands
BECOMES;10;EconomicOperands
BELIEVE;15;EconomicOperands
BENEFIT;43;EconomicOperands
BIDDING;0;EconomicOperands
BINDING;5;EconomicOperands
BROUGHT;45;EconomicOperands
CAPITAL;96;EconomicOperands
CAPTURE;0;EconomicOperands
CARRIED;4;EconomicOperands
CAUSING;2;EconomicOperands
CEASING;0;EconomicOperands
CFTCSEC;0;EconomicOperands
CHANGES;44;EconomicOperands
CHANNEL;1;EconomicOperands
CHARGES;33;EconomicOperands
CIRCUIT;3;EconomicOperands
CLASSES;11;EconomicOperands
CLAUSES;4;EconomicOperands
CLEARED;4;EconomicOperands
CLEARLY;6;EconomicOperands
CLOSING;14;EconomicOperands
COLLECT;21;EconomicOperands
COMMENT;24;EconomicOperands
COMPANY;311;EconomicOperands
COMPLEX;14;EconomicOperands
CONCERN;2;EconomicOperands
CONDUCT;169;EconomicOperands
CONFIRM;0;EconomicOperands
CONSENT;45;EconomicOperands
CONSULT;60;EconomicOperands
CONTAIN;29;EconomicOperands
CONTROL;81;EconomicOperands
CONVERT;4;EconomicOperands
CORNERS;0;EconomicOperands
COUNCIL;377;EconomicOperands
COUNSEL;27;EconomicOperands
COUNTRY;28;EconomicOperands
COURSES;4;EconomicOperands
COVERED;40;EconomicOperands
CREATED;10;EconomicOperands
CREATES;2;EconomicOperands
CREDITS;10;EconomicOperands
DAMAGES;43;EconomicOperands
DEALERS;103;EconomicOperands
DEALING;5;EconomicOperands
DECLINE;4;EconomicOperands
DEFAULT;66;EconomicOperands
DEFINED;249;EconomicOperands
DEFRAUD;2;EconomicOperands
DELIVER;4;EconomicOperands
DEPOSIT;29;EconomicOperands
DERIVED;11;EconomicOperands
DETAILS;10;EconomicOperands
DEVELOP;25;EconomicOperands
DISPOSE;5;EconomicOperands
DISPUTE;18;EconomicOperands
EFFECTS;21;EconomicOperands
EFFORTS;30;EconomicOperands
ELEMENT;0;EconomicOperands
ENABLES;1;EconomicOperands
ENACTED;8;EconomicOperands
ENGAGED;71;EconomicOperands
ENGAGES;11;EconomicOperands
ENHANCE;16;EconomicOperands
ENTERED;26;EconomicOperands
EVADING;2;EconomicOperands
EVASION;11;EconomicOperands
EXAMINE;25;EconomicOperands
EXCLUDE;7;EconomicOperands
EXECUTE;4;EconomicOperands
EXISTED;8;EconomicOperands
EXPENSE;6;EconomicOperands
EXPIRED;4;EconomicOperands
EXPOSED;1;EconomicOperands
EXTENDS;5;EconomicOperands
EXTREME;1;EconomicOperands
FACTORS;49;EconomicOperands
FAILURE;51;EconomicOperands
FEDERAL;518;EconomicOperands
FINANCE;84;EconomicOperands
FINDING;24;EconomicOperands
FITNESS;0;EconomicOperands
FOREIGN;106;EconomicOperands
FORMATS;11;EconomicOperands
FORWARD;15;EconomicOperands
FULFILL;6;EconomicOperands
FUNDING;52;EconomicOperands
FURNISH;16;EconomicOperands
FUTURES;16;EconomicOperands
GOVERNS;1;EconomicOperands
HANDLER;0;EconomicOperands
HEARING;71;EconomicOperands
HEDGERS;0;EconomicOperands
HEDGING;6;EconomicOperands
HOLDERS;9;EconomicOperands
HOLDING;5;EconomicOperands
HOUSING;111;EconomicOperands
IMPOSED;67;EconomicOperands
IMPROVE;26;EconomicOperands
INCLUDE;213;EconomicOperands
INDICES;2;EconomicOperands
INITIAL;33;EconomicOperands
INQUIRY;8;EconomicOperands
INSURED;77;EconomicOperands
INTERIM;20;EconomicOperands
INVOLVE;5;EconomicOperands
ISSUERS;60;EconomicOperands
ISSUING;23;EconomicOperands
KNOWING;3;EconomicOperands
LEGALLY;8;EconomicOperands
LENDING;59;EconomicOperands
LINKAGE;0;EconomicOperands
LISTING;8;EconomicOperands
LOCATED;39;EconomicOperands
MANAGED;12;EconomicOperands
MANAGER;5;EconomicOperands
MARKETS;38;EconomicOperands
MEASURE;14;EconomicOperands
MEETING;18;EconomicOperands
MEMBERS;87;EconomicOperands
METHODS;17;EconomicOperands
MONITOR;29;EconomicOperands
NETTING;4;EconomicOperands
OBJECTS;0;EconomicOperands
OBTAINS;5;EconomicOperands
OFFENSE;4;EconomicOperands
OFFERED;28;EconomicOperands
OFFEROR;0;EconomicOperands
OFFICER;56;EconomicOperands
OMITTED;0;EconomicOperands
ONGOING;15;EconomicOperands
OPENING;0;EconomicOperands
OPERATE;16;EconomicOperands
OPINION;5;EconomicOperands
OPTIONS;21;EconomicOperands
ORDERED;10;EconomicOperands
ORDERLY;70;EconomicOperands
PARTIES;21;EconomicOperands
PARTNER;9;EconomicOperands
PAYMENT;180;EconomicOperands
PENALTY;73;EconomicOperands
PERFORM;41;EconomicOperands
PERSONS;150;EconomicOperands
PLACING;6;EconomicOperands
PORTION;29;EconomicOperands
POSSESS;0;EconomicOperands
PREPARE;19;EconomicOperands
PRICING;2;EconomicOperands
PRIMARY;35;EconomicOperands
PRIVACY;12;EconomicOperands
PRIVATE;53;EconomicOperands
PROCESS;63;EconomicOperands
PRODUCE;11;EconomicOperands
PRODUCT;32;EconomicOperands
PROGRAM;144;EconomicOperands
PROMOTE;36;EconomicOperands
PROTECT;37;EconomicOperands
PROVIDE;291;EconomicOperands
PUBLICS;0;EconomicOperands
PUBLISH;31;EconomicOperands
PURPOSE;74;EconomicOperands
QUALIFY;6;EconomicOperands
QUALITY;14;EconomicOperands
RAISING;0;EconomicOperands
READILY;3;EconomicOperands
REASONS;12;EconomicOperands
RECEIPT;64;EconomicOperands
RECEIVE;57;EconomicOperands
RECORDS;91;EconomicOperands
RECOVER;17;EconomicOperands
REDUCES;2;EconomicOperands
REFLECT;24;EconomicOperands
REFUSAL;5;EconomicOperands
REGULAR;17;EconomicOperands
REMOVED;4;EconomicOperands
REPEALS;0;EconomicOperands
REPORTS;213;EconomicOperands
REQUEST;139;EconomicOperands
RESCIND;5;EconomicOperands
RESIDES;6;EconomicOperands
RESOLVE;15;EconomicOperands
RESULTS;48;EconomicOperands
REVERSE;4;EconomicOperands
REVIEWS;19;EconomicOperands
REVOKED;3;EconomicOperands
ROLE OF;10;EconomicOperands
ROLLING;0;EconomicOperands
SATISFY;17;EconomicOperands
SEEKING;23;EconomicOperands
SELLING;8;EconomicOperands
SERVICE;105;EconomicOperands
SETTING;16;EconomicOperands
SETTLED;0;EconomicOperands
SETTLES;1;EconomicOperands
SHARING;15;EconomicOperands
SHOWING;5;EconomicOperands
SOLICIT;5;EconomicOperands
SOURCES;18;EconomicOperands
SPECIAL;36;EconomicOperands
SPECIFY;6;EconomicOperands
STATING;4;EconomicOperands
STAYING;0;EconomicOperands
STORAGE;3;EconomicOperands
STUDIES;11;EconomicOperands
SUBJECT;40;EconomicOperands
SUBMITS;8;EconomicOperands
SUCCESS;1;EconomicOperands
SUPPORT;57;EconomicOperands
SUSPEND;8;EconomicOperands
SYSTEMS;46;EconomicOperands
TRADERS;0;EconomicOperands
TRADING;17;EconomicOperands
TREATED;45;EconomicOperands
TYPICAL;1;EconomicOperands
UNIFORM;19;EconomicOperands
VEHICLE;2;EconomicOperands
VICTIMS;10;EconomicOperands
VIOLATE;5;EconomicOperands
VOLUMES;1;EconomicOperands
WARRANT;4;EconomicOperands
WEATHER;1;EconomicOperands
WEBSITE;16;EconomicOperands
WITNESS;24;EconomicOperands
WRITING;66;EconomicOperands
WRITTEN;100;EconomicOperands
AGAINST;142;FunctionWords
ANOTHER;52;FunctionWords
APPLIES;17;FunctionWords
BETWEEN;107;FunctionWords
CERTAIN;96;FunctionWords
CURRENT;45;FunctionWords
FOLLOWS;41;FunctionWords
GENERAL;130;FunctionWords
MATTERS;28;FunctionWords
OUTSIDE;20;FunctionWords
PENDING;17;FunctionWords
PRESENT;34;FunctionWords
RELATED;104;FunctionWords
SAVINGS;38;FunctionWords
THEREOF;97;FunctionWords
THEREON;1;FunctionWords
THERETO;48;FunctionWords
THROUGH;173;FunctionWords
VARIOUS;8;FunctionWords
WHEREBY;1;FunctionWords
WHEREIN;1;FunctionWords
WITHOUT;99;FunctionWords
PART II;2;LegalReferences
SECTION;33;LegalReferences
TITLE 5;84;LegalReferences
TITLE I;13;LegalReferences
JOINTLY;85;LogicalConnectors
NEITHER;6;LogicalConnectors
NOTHING;69;LogicalConnectors
BECAUSE;5;LogicalConnectors
EVEN IF;5;LogicalConnectors
EXCEEDS;13;LogicalConnectors
FURTHER;33;LogicalConnectors
GRANTED;37;LogicalConnectors
GREATER;14;LogicalConnectors
HOWEVER;2;LogicalConnectors
IN CASE;4;LogicalConnectors
IN THAT;11;LogicalConnectors
LARGEST;4;LogicalConnectors
ONLY IF;19;LogicalConnectors
SIMILAR;73;LogicalConnectors
THAT IS;366;LogicalConnectors
WHETHER;240;LogicalConnectors
MAXIMUM;40;MathematicalOperators
MINIMAL;0;MathematicalOperators
MINIMUM;67;MathematicalOperators
ADOPTED;27;Other
APPEARS;131;Other
CONTEXT;4;Other
MEANING;60;Other
PROVISO;2;Other
RESPECT;13;Other
STATUTE;33;Other
THEREIN;16;Other
CENSURE;1;RegulatoryOperators
LIMITED;28;RegulatoryOperators
ALLOWED;28;RegulatoryOperators
AMENDED;516;RegulatoryOperators
APPROVE;16;RegulatoryOperators
CONFERS;0;RegulatoryOperators
CONFORM;10;RegulatoryOperators
DENYING;1;RegulatoryOperators
ENFORCE;88;RegulatoryOperators
PREVENT;44;RegulatoryOperators
REQUIRE;164;RegulatoryOperators
WAIVING;1;RegulatoryOperators
140000;0;Attributes
1-YEAR;20;Attributes
2-YEAR;16;Attributes
3 DAYS;3;Attributes
30-DAY;9;Attributes
3-YEAR;7;Attributes
90-DAY;16;Attributes
HIGHLY;3;Attributes
LIKELY;26;Attributes
PROMPT;9;Attributes
ROBUST;7;Attributes
TIMELY;40;Attributes
ABROAD;2;EconomicOperands
ACCEPT;16;EconomicOperands
ACCESS;78;EconomicOperands
ACTING;42;EconomicOperands
ACTION;341;EconomicOperands
ACTIVE;3;EconomicOperands
ACTUAL;20;EconomicOperands
ADJUST;12;EconomicOperands
ADOPTS;3;EconomicOperands
AFFECT;57;EconomicOperands
AFFIRM;6;EconomicOperands
AGENCY;366;EconomicOperands
AGENTS;15;EconomicOperands
AGREED;8;EconomicOperands
AGREES;2;EconomicOperands
AMOUNT;309;EconomicOperands
ANNUAL;113;EconomicOperands
APPEAL;47;EconomicOperands
APPEAR;17;EconomicOperands
ARISES;11;EconomicOperands
ASSERT;4;EconomicOperands
ASSESS;19;EconomicOperands
ASSETS;199;EconomicOperands
ASSIST;20;EconomicOperands
AWARDS;10;EconomicOperands
BACKED;1;EconomicOperands
BACKUP;9;EconomicOperands
BECOME;35;EconomicOperands
BOARDS;5;EconomicOperands
BODIES;1;EconomicOperands
BRANCH;30;EconomicOperands
BREAKS;0;EconomicOperands
BRIDGE;13;EconomicOperands
BROKER;107;EconomicOperands
BUYING;4;EconomicOperands
CANCEL;1;EconomicOperands
CARBON;0;EconomicOperands
CAUSES;3;EconomicOperands
CHANGE;91;EconomicOperands
CHOOSE;1;EconomicOperands
CLAIMS;85;EconomicOperands
CLEARS;0;EconomicOperands
COLLAR;2;EconomicOperands
COMPEL;5;EconomicOperands
COUNTY;6;EconomicOperands
COURSE;8;EconomicOperands
CREATE;14;EconomicOperands
CREDIT;260;EconomicOperands
DEALER;121;EconomicOperands
DECEIT;2;EconomicOperands
DEFINE;17;EconomicOperands
DEGREE;14;EconomicOperands
DEMOTE;1;EconomicOperands
DENIAL;3;EconomicOperands
DESIGN;3;EconomicOperands
DETECT;3;EconomicOperands
DEVICE;4;EconomicOperands
DIRECT;36;EconomicOperands
DIVEST;4;EconomicOperands
DUTIES;91;EconomicOperands
EFFECT;120;EconomicOperands
ELECTS;7;EconomicOperands
EMPLOY;4;EconomicOperands
ENABLE;9;EconomicOperands
ENERGY;2;EconomicOperands
ENGAGE;31;EconomicOperands
ENTERS;2;EconomicOperands
ENTITY;132;EconomicOperands
EQUITY;52;EconomicOperands
ETHICS;6;EconomicOperands
EUROPE;0;EconomicOperands
EVENTS;2;EconomicOperands
EXPIRE;5;EconomicOperands
EXTEND;33;EconomicOperands
EXTENT;97;EconomicOperands
FISCAL;89;EconomicOperands
FOLLOW;6;EconomicOperands
FUNDED;9;EconomicOperands
FUTURE;27;EconomicOperands
GAMING;0;EconomicOperands
GLOBAL;6;EconomicOperands
GROUND;3;EconomicOperands
GROWTH;5;EconomicOperands
HARASS;1;EconomicOperands
HYBRID;9;EconomicOperands
IMPACT;59;EconomicOperands
IMPART;0;EconomicOperands
INCOME;51;EconomicOperands
INDUCE;2;EconomicOperands
INTENT;13;EconomicOperands
INVEST;6;EconomicOperands
INVOKE;0;EconomicOperands
ISSUED;165;EconomicOperands
ISSUER;167;EconomicOperands
ISSUES;40;EconomicOperands
LAWFUL;2;EconomicOperands
LEVELS;18;EconomicOperands
LIABLE;17;EconomicOperands
LINKED;4;EconomicOperands
LOSSES;35;EconomicOperands
MANAGE;8;EconomicOperands
MARGIN;10;EconomicOperands
MARKET;106;EconomicOperands
MASTER;34;EconomicOperands
MEMBER;153;EconomicOperands
MODELS;17;EconomicOperands
MODIFY;21;EconomicOperands
MONIES;7;EconomicOperands
MONTHS;10;EconomicOperands
MOTION;18;EconomicOperands
NATURE;74;EconomicOperands
NORMAL;2;EconomicOperands
NOTICE;250;EconomicOperands
NOTIFY;39;EconomicOperands
NUMBER;87;EconomicOperands
OBTAIN;40;EconomicOperands
OFFERS;12;EconomicOperands
OFFICE;306;EconomicOperands
OFFSET;19;EconomicOperands
OPTION;38;EconomicOperands
ORDERS;86;EconomicOperands
OTHERS;9;EconomicOperands
OWNERS;4;EconomicOperands
OWNING;0;EconomicOperands
PACKER;0;EconomicOperands
PAPERS;14;EconomicOperands
PARENT;18;EconomicOperands
PAYOUT;0;EconomicOperands
PERIOD;265;EconomicOperands
PERSON;673;EconomicOperands
POLICY;47;EconomicOperands
POOLED;0;EconomicOperands
POSTED;0;EconomicOperands
PRICES;4;EconomicOperands
PROFIT;5;EconomicOperands
PROPER;9;EconomicOperands
PUBLIC;233;EconomicOperands
RAISED;7;EconomicOperands
REASON;16;EconomicOperands
RECORD;38;EconomicOperands
REDUCE;25;EconomicOperands
REFERS;1;EconomicOperands
REFUSE;5;EconomicOperands
REGARD;30;EconomicOperands
RELATE;14;EconomicOperands
RELIEF;37;EconomicOperands
RELIES;6;EconomicOperands
REMAIN;38;EconomicOperands
REPEAL;7;EconomicOperands
REPORT;467;EconomicOperands
RESULT;35;EconomicOperands
RETAIL;19;EconomicOperands
RETURN;20;EconomicOperands
REVEAL;3;EconomicOperands
REVIEW;152;EconomicOperands
REVOKE;2;EconomicOperands
RIGHTS;102;EconomicOperands
SAFETY;53;EconomicOperands
SCHEME;0;EconomicOperands
SECTOR;19;EconomicOperands
SECURE;15;EconomicOperands
SELECT;6;EconomicOperands
SELLER;30;EconomicOperands
SENATE;145;EconomicOperands
SENIOR;28;EconomicOperands
SERIES;2;EconomicOperands
SERVES;7;EconomicOperands
SETTLE;1;EconomicOperands
SHARED;4;EconomicOperands
SINGLE;17;EconomicOperands
SOURCE;29;EconomicOperands
SPREAD;2;EconomicOperands
STATUS;56;EconomicOperands
STAYED;5;EconomicOperands
STRIVE;0;EconomicOperands
SUBMIT;161;EconomicOperands
SYSTEM;149;EconomicOperands
TAKING;45;EconomicOperands
TARIFF;0;EconomicOperands
THREAT;22;EconomicOperands
TIMING;17;EconomicOperands
TRADED;3;EconomicOperands
TRADER;0;EconomicOperands
TRADES;2;EconomicOperands
TRAVEL;7;EconomicOperands
UPDATE;11;EconomicOperands
VALUES;9;EconomicOperands
VERIFY;6;EconomicOperands
VOLUME;13;EconomicOperands
VOTING;7;EconomicOperands
WAIVED;10;EconomicOperands
WHOLLY;1;EconomicOperands
ACROSS;7;FunctionWords
COMMON;10;FunctionWords
DURING;134;FunctionWords
GIVING;9;FunctionWords
HAVING;53;FunctionWords
HEREBY;5;FunctionWords
HEREOF;0;FunctionWords
ITSELF;15;FunctionWords
LISTED;4;FunctionWords
MAKING;87;FunctionWords
VERSUS;3;FunctionWords
CLAUSE;42;LegalReferences
PART I;1;LegalReferences
BEFORE;300;LogicalConnectors
DUE TO;10;LogicalConnectors
EITHER;41;LogicalConnectors
EXCEPT;138;LogicalConnectors
HIGHER;15;LogicalConnectors
LONGER;10;LogicalConnectors
SECOND;35;LogicalConnectors
SOLELY;55;LogicalConnectors
THOUGH;5;LogicalConnectors
UNLESS;112;LogicalConnectors
WITHIN;155;LogicalConnectors
EXCEED;68;MathematicalOperators
TRIPLE;0;MathematicalOperators
ADDING;212;MathematicalOperators
FILING;47;Other
MANNER;129;Other
MATTER;50;Other
LIMITS;34;RegulatoryOperators
SHOULD;52;RegulatoryOperators
ALLOWS;7;RegulatoryOperators
CANNOT;10;RegulatoryOperators
COMPLY;44;RegulatoryOperators
DEEMED;83;RegulatoryOperators
ENSURE;91;RegulatoryOperators
EXEMPT;45;RegulatoryOperators
IMPOSE;47;RegulatoryOperators
PERMIT;27;RegulatoryOperators
WAIVER;33;RegulatoryOperators
DAILY;2;Attributes
FIRST;80;Attributes
THIRD;40;Attributes
TWICE;4;Attributes
ABIDE;1;EconomicOperands
ABUSE;4;EconomicOperands
ADOPT;24;EconomicOperands
AGENT;56;EconomicOperands
AGREE;8;EconomicOperands
AMEND;15;EconomicOperands
AREAS;35;EconomicOperands
ARISE;6;EconomicOperands
ASSET;56;EconomicOperands
AUDIT;54;EconomicOperands
AWARD;26;EconomicOperands
BANKS;50;EconomicOperands
BOARD;466;EconomicOperands
BOOKS;20;EconomicOperands
BOUND;0;EconomicOperands
BRING;19;EconomicOperands
BROAD;1;EconomicOperands
BUYER;4;EconomicOperands
CAUSE;48;EconomicOperands
CEASE;4;EconomicOperands
CHIEF;4;EconomicOperands
CIVIL;82;EconomicOperands
CLAIM;114;EconomicOperands
CLASS;46;EconomicOperands
CLEAR;20;EconomicOperands
CLERK;2;EconomicOperands
COSTS;64;EconomicOperands
COURT;182;EconomicOperands
COVER;12;EconomicOperands
DEALT;1;EconomicOperands
DELAY;8;EconomicOperands
DETER;0;EconomicOperands
ELECT;15;EconomicOperands
ENTER;20;EconomicOperands
ENTRY;5;EconomicOperands
ERROR;13;EconomicOperands
EVADE;4;EconomicOperands
EVENT;24;EconomicOperands
EXIST;8;EconomicOperands
EXPEL;0;EconomicOperands
FACTS;11;EconomicOperands
FAILS;15;EconomicOperands
FALSE;7;EconomicOperands
FILED;56;EconomicOperands
FILES;14;EconomicOperands
FINAL;117;EconomicOperands
FINDS;32;EconomicOperands
FINED;2;EconomicOperands
FINES;9;EconomicOperands
FIRMS;18;EconomicOperands
FIXED;10;EconomicOperands
FLOOR;5;EconomicOperands
FORMS;10;EconomicOperands
FRAUD;34;EconomicOperands
FUNDS;145;EconomicOperands
GAINS;2;EconomicOperands
GOALS;9;EconomicOperands
GOODS;23;EconomicOperands
GRANT;39;EconomicOperands
GROUP;25;EconomicOperands
HANDS;2;EconomicOperands
HEDGE;2;EconomicOperands
HOLDS;14;EconomicOperands
INDEX;20;EconomicOperands
ISSUE;137;EconomicOperands
ITEMS;25;EconomicOperands
JOINT;25;EconomicOperands
KNOWS;4;EconomicOperands
LAPSE;0;EconomicOperands
LARGE;19;EconomicOperands
LEADS;0;EconomicOperands
LEASE;31;EconomicOperands
LEGAL;77;EconomicOperands
LEVEL;32;EconomicOperands
LOANS;104;EconomicOperands
LOWER;7;EconomicOperands
MAILS;5;EconomicOperands
MAKER;0;EconomicOperands
MEANS;355;EconomicOperands
MEDIA;8;EconomicOperands
MEETS;35;EconomicOperands
METAL;0;EconomicOperands
MIXED;0;EconomicOperands
MODEL;31;EconomicOperands
MONEY;28;EconomicOperands
MONTH;3;EconomicOperands
NEEDS;21;EconomicOperands
NOVEL;1;EconomicOperands
OATHS;1;EconomicOperands
OFFER;19;EconomicOperands
ORDER;182;EconomicOperands
OWNED;29;EconomicOperands
PARTY;96;EconomicOperands
PLACE;176;EconomicOperands
PLANS;36;EconomicOperands
POSTS;0;EconomicOperands
PRICE;16;EconomicOperands
PRIOR;67;EconomicOperands
RATES;27;EconomicOperands
RIGHT;72;EconomicOperands
RISKS;101;EconomicOperands
RULES;297;EconomicOperands
SCOPE;48;EconomicOperands
SEEKS;3;EconomicOperands
SELLS;7;EconomicOperands
SERVE;52;EconomicOperands
SHARE;20;EconomicOperands
SOUND;17;EconomicOperands
STATE;558;EconomicOperands
STEAL;0;EconomicOperands
STOCK;36;EconomicOperands
STUDY;235;EconomicOperands
SWAPS;9;EconomicOperands
TAXES;21;EconomicOperands
TESTS;10;EconomicOperands
THEFT;2;EconomicOperands
TIMES;24;EconomicOperands
TOOLS;3;EconomicOperands
TRADE;111;EconomicOperands
TREAT;6;EconomicOperands
TRIAL;14;EconomicOperands
TRUST;51;EconomicOperands
TYPES;38;EconomicOperands
USERS;10;EconomicOperands
USING;26;EconomicOperands
VALID;13;EconomicOperands
VALUE;89;EconomicOperands
VIEWS;6;EconomicOperands
YIELD;3;EconomicOperands
ABOUT;70;FunctionWords
AMONG;56;FunctionWords
ASIDE;28;FunctionWords
BEING;41;FunctionWords
CASES;10;FunctionWords
COULD;43;FunctionWords
GIVEN;17;FunctionWords
LATER;17;FunctionWords
MAJOR;7;FunctionWords
MAKES;21;FunctionWords
MIGHT;7;FunctionWords
TAKES;23;FunctionWords
THEIR;100;FunctionWords
THERE;66;FunctionWords
THESE;12;FunctionWords
THOSE;71;FunctionWords
UNDER;2407;FunctionWords
WHICH;849;FunctionWords
WHOLE;21;FunctionWords
WHOSE;25;FunctionWords
WOULD;167;FunctionWords
12E2B;0;LegalReferences
1467A;1;LegalReferences
CODES;1;LegalReferences
OTHER;1301;LogicalConnectors
UNTIL;43;LogicalConnectors
WHERE;61;LogicalConnectors
AFTER;773;LogicalConnectors
ALONE;3;LogicalConnectors
IF SO;6;LogicalConnectors
TOTAL;86;MathematicalOperators
ADDED;59;MathematicalOperators
APPLY;189;Other
BASED;12;Other
BASIS;95;Other
CITED;13;Other
FOUND;14;Other
KNOWN;23;Other
TAKEN;78;Other
TERMS;194;Other
LIMIT;71;RegulatoryOperators
ALLOW;17;RegulatoryOperators
DEEMS;38;RegulatoryOperators
SHALL;2833;RegulatoryOperators
WELL;9;Attributes
AIDS;2;EconomicOperands
AREA;24;EconomicOperands
ASIA;0;EconomicOperands
BANK;161;EconomicOperands
BEAR;8;EconomicOperands
BEST;11;EconomicOperands
BIAS;0;EconomicOperands
BIDS;0;EconomicOperands
BODY;10;EconomicOperands
BOND;7;EconomicOperands
BOOK;3;EconomicOperands
CALL;5;EconomicOperands
CARE;17;EconomicOperands
CASE;19;EconomicOperands
CASH;12;EconomicOperands
CAST;1;EconomicOperands
CITY;2;EconomicOperands
CODE;13;EconomicOperands
COPY;37;EconomicOperands
CORE;0;EconomicOperands
CROP;1;EconomicOperands
DATA;163;EconomicOperands
DATE;600;EconomicOperands
DEAL;2;EconomicOperands
DEBT;87;EconomicOperands
DONE;2;EconomicOperands
DUAL;3;EconomicOperands
DUTY;34;EconomicOperands
FACT;8;EconomicOperands
FAIL;7;EconomicOperands
FAIR;32;EconomicOperands
FALL;1;EconomicOperands
FEES;104;EconomicOperands
FERC;0;EconomicOperands
FILE;46;EconomicOperands
FIRM;51;EconomicOperands
FLOW;2;EconomicOperands
FOIA;1;EconomicOperands
FORM;91;EconomicOperands
FUND;230;EconomicOperands
GAIN;5;EconomicOperands
GOAL;0;EconomicOperands
HEAD;20;EconomicOperands
HELD;51;EconomicOperands
HELP;9;EconomicOperands
HOLD;11;EconomicOperands
HOME;91;EconomicOperands
KEEP;6;EconomicOperands
KEPT;7;EconomicOperands
KNEW;1;EconomicOperands
LAWS;82;EconomicOperands
LINE;3;EconomicOperands
LIST;21;EconomicOperands
LOAN;282;EconomicOperands
LOSE;4;EconomicOperands
LOSS;53;EconomicOperands
MAIL;7;EconomicOperands
MARK;1;EconomicOperands
MEET;56;EconomicOperands
NEWS;3;EconomicOperands
NOTE;7;EconomicOperands
OBEY;7;EconomicOperands
OMIT;0;EconomicOperands
OPEN;25;EconomicOperands
OWED;12;EconomicOperands
OWNS;7;EconomicOperands
PAID;62;EconomicOperands
PLAN;137;EconomicOperands
POOL;2;EconomicOperands
POSE;28;EconomicOperands
POST;6;EconomicOperands
RATE;92;EconomicOperands
RELY;10;EconomicOperands
RING;2;EconomicOperands
RISK;109;EconomicOperands
RULE;232;EconomicOperands
SAFE;23;EconomicOperands
SAID;0;EconomicOperands
SALE;110;EconomicOperands
SEEK;22;EconomicOperands
SELL;19;EconomicOperands
SHOW;3;EconomicOperands
SIGN;5;EconomicOperands
SIZE;45;EconomicOperands
SOLD;19;EconomicOperands
SPOT;2;EconomicOperands
STAY;23;EconomicOperands
SUIT;13;EconomicOperands
SWAP;25;EconomicOperands
TEND;1;EconomicOperands
TIME;219;EconomicOperands
TYPE;36;EconomicOperands
UPON;197;EconomicOperands
USED;130;EconomicOperands
USER;3;EconomicOperands
USES;16;EconomicOperands
VOID;2;EconomicOperands
VOTE;47;EconomicOperands
WIDE;2;EconomicOperands
YEAR;201;EconomicOperands
BEEN;164;FunctionWords
FROM;599;FunctionWords
GIVE;17;FunctionWords
HAVE;347;FunctionWords
INTO;152;FunctionWords
MADE;314;FunctionWords
MAKE;162;FunctionWords
MUST;12;FunctionWords
ONCE;14;FunctionWords
PART;69;FunctionWords
SAME;181;FunctionWords
SUCH;2430;FunctionWords
TAKE;103;FunctionWords
THAN;222;FunctionWords
THAT;2122;FunctionWords
THEY;16;FunctionWords
THIS;116;FunctionWords
WERE;87;FunctionWords
WHAT;16;FunctionWords
WHOM;40;FunctionWords
WILL;102;FunctionWords
WITH;1010;FunctionWords
1002;1;LegalReferences
1061;1;LegalReferences
206B;0;LegalReferences
2A13;0;LegalReferences
2C2A;0;LegalReferences
2C2B;0;LegalReferences
3A78;0;LegalReferences
78OB;0;LegalReferences
ACTS;46;LegalReferences
FACA;1;LegalReferences
VIII;20;LegalReferences
BOTH;40;LogicalConnectors
EACH;513;LogicalConnectors
WHEN;74;LogicalConnectors
ALSO;29;LogicalConnectors
LIKE;13;LogicalConnectors
MORE;129;LogicalConnectors
ONLY;88;LogicalConnectors
SOLE;34;LogicalConnectors
THEN;40;LogicalConnectors
LESS;13;MathematicalOperators
OVER;58;MathematicalOperators
ITEM;14;Other
KNOW;5;Other
MEAN;9;Other
READ;33;Other
RISE;7;Other
TERM;654;Other
TEN;3;Attributes
AID;7;EconomicOperands
BAN;2;EconomicOperands
BID;1;EconomicOperands
BUY;1;EconomicOperands
CAP;2;EconomicOperands
DAY;80;EconomicOperands
FEE;70;EconomicOperands
JOB;3;EconomicOperands
LAW;407;EconomicOperands
LED;8;EconomicOperands
NEW;144;EconomicOperands
OUT;63;EconomicOperands
PAY;113;EconomicOperands
PIT;1;EconomicOperands
RBI;0;EconomicOperands
SEC;433;EconomicOperands
TAX;31;EconomicOperands
USE;183;EconomicOperands
WAR;0;EconomicOperands
ARE;607;FunctionWords
BAR;13;FunctionWords
CAN;22;FunctionWords
DID;5;FunctionWords
FOR;2458;FunctionWords
HAD;32;FunctionWords
HAS;406;FunctionWords
HIS;15;FunctionWords
HOW;36;FunctionWords
ITS;275;FunctionWords
MAY;1150;FunctionWords
OFF;6;FunctionWords
ONE;62;FunctionWords
OWN;29;FunctionWords
PER;20;FunctionWords
THE;21500;FunctionWords
WAS;168;FunctionWords
WHO;236;FunctionWords
106;4;LegalReferences
10B;0;LegalReferences
11A;0;LegalReferences
12A;0;LegalReferences
12B;0;LegalReferences
13A;1;LegalReferences
17A;0;LegalReferences
18A;0;LegalReferences
18B;0;LegalReferences
19A;1;LegalReferences
206;3;LegalReferences
212;1;LegalReferences
22A;0;LegalReferences
24F;0;LegalReferences
3A4;0;LegalReferences
403;1;LegalReferences
53A;0;LegalReferences
611;2;LegalReferences
621;1;LegalReferences
701;1;LegalReferences
714;0;LegalReferences
717;0;LegalReferences
718;0;LegalReferences
724;0;LegalReferences
727;0;LegalReferences
728;0;LegalReferences
729;0;LegalReferences
731;0;LegalReferences
732;0;LegalReferences
739;0;LegalReferences
741;0;LegalReferences
746;0;LegalReferences
753;0;LegalReferences
761;1;LegalReferences
78B;0;LegalReferences
78C;1;LegalReferences
7B1;0;LegalReferences
7B2;0;LegalReferences
ACT;134;LegalReferences
AII;1;LegalReferences
III;340;LegalReferences
SEQ;3;LegalReferences
VII;27;LegalReferences
XII;3;LegalReferences
XVI;0;LegalReferences
ALL;409;LogicalConnectors
ANY;3134;LogicalConnectors
AND;7695;LogicalConnectors
BUT;83;LogicalConnectors
NON;40;LogicalConnectors
NOR;10;LogicalConnectors
NOT;892;LogicalConnectors
WHY;11;LogicalConnectors
END;396;Other
PUT;5;Other
SET;52;Other
10;38;Attributes
12;65;Attributes
15;48;Attributes
20;14;Attributes
23;8;Attributes
25;18;Attributes
30;12;Attributes
31;12;Attributes
35;17;Attributes
50;4;Attributes
62;9;Attributes
EC;127;EconomicOperands
IT;98;EconomicOperands
US;69;EconomicOperands
VI;44;EconomicOperands
AN;1412;FunctionWords
AT;648;FunctionWords
BE;1679;FunctionWords
BY;4134;FunctionWords
DO;39;FunctionWords
HE;3;FunctionWords
IN;4751;FunctionWords
IS;1627;FunctionWords
OF;12203;FunctionWords
ON;1371;FunctionWords
TO;5406;FunctionWords
UP;20;FunctionWords
11;54;LegalReferences
13;21;LegalReferences
14;60;LegalReferences
16;20;LegalReferences
17;20;LegalReferences
18;11;LegalReferences
19;5;LegalReferences
1A;7;LegalReferences
1B;10;LegalReferences
21;3;LegalReferences
22;8;LegalReferences
24;4;LegalReferences
27;9;LegalReferences
28;2;LegalReferences
29;29;LegalReferences
2A;2;LegalReferences
2B;7;LegalReferences
2C;2;LegalReferences
2F;0;LegalReferences
2H;0;LegalReferences
32;5;LegalReferences
36;10;LegalReferences
38;3;LegalReferences
39;9;LegalReferences
3A;2;LegalReferences
3B;2;LegalReferences
3C;6;LegalReferences
3D;1;LegalReferences
40;8;LegalReferences
41;2;LegalReferences
42;17;LegalReferences
43;2;LegalReferences
44;2;LegalReferences
46;3;LegalReferences
47;3;LegalReferences
48;7;LegalReferences
49;2;LegalReferences
4A;5;LegalReferences
4B;3;LegalReferences
4C;4;LegalReferences
4D;6;LegalReferences
4I;0;LegalReferences
4K;0;LegalReferences
4L;0;LegalReferences
4S;0;LegalReferences
51;2;LegalReferences
54;3;LegalReferences
5A;1;LegalReferences
5B;2;LegalReferences
5C;1;LegalReferences
5D;2;LegalReferences
5I;0;LegalReferences
68;2;LegalReferences
6B;0;LegalReferences
6D;2;LegalReferences
8A;2;LegalReferences
8E;0;LegalReferences
A1;4;LegalReferences
A2;5;LegalReferences
A3;2;LegalReferences
A4;2;LegalReferences
A6;2;LegalReferences
A7;1;LegalReferences
AA;48;LegalReferences
B2;7;LegalReferences
B6;0;LegalReferences
BB;39;LegalReferences
C1;3;LegalReferences
C2;1;LegalReferences
CC;33;LegalReferences
E1;1;LegalReferences
E2;1;LegalReferences
F1;4;LegalReferences
II;800;LegalReferences
IV;174;LegalReferences
IX;19;LegalReferences
L2;0;LegalReferences
XI;7;LegalReferences
NO;263;LogicalConnectors
AS;2039;LogicalConnectors
IF;493;LogicalConnectors
OR;6693;LogicalConnectors
SO;74;LogicalConnectors
1;1095;Attributes
2;942;Attributes
3;561;Attributes
4;344;Attributes
5;255;Attributes
6;185;Attributes
7;147;Attributes
8;136;Attributes
9;188;Attributes
A;6368;FunctionWords
I;904;FunctionWords
B;1357;LegalReferences
C;848;LegalReferences
D;619;LegalReferences
E;624;LegalReferences
F;214;LegalReferences
H;142;LegalReferences
J;47;LegalReferences
K;41;LegalReferences
L;82;LegalReferences
M;68;LegalReferences
N;91;LegalReferences
O;43;LegalReferences
P;77;LegalReferences
Q;22;LegalReferences
R;157;LegalReferences
T;123;LegalReferences
U;85;LegalReferences
V;110;LegalReferences
X;35;LegalReferences
Y;30;LegalReferences
