THE ENHANCING FINANCIAL INSTITUTION SAFETY AND SOUNDNESS ACT OF 2010;2;LegalReferences
THE INTERNATIONAL LENDING SUPERVISION ACT OF 1983 12 USC 3907A1;0;LegalReferences
NONBANK FINANCIAL COMPANY SUPERVISED BY THE BOARD OF GOVERNORS;67;EconomicOperands
DODD-FRANK WALL STREET REFORM AND CONSUMER PROTECTION ACT;24;LegalReferences
THE BANK HOLDING COMPANY ACT OF 1956 12 USC 1841 ET SEQ;4;LegalReferences
GRANDFATHERED UNITARY SAVINGS AND LOAN HOLDING COMPANY;0;EconomicOperands
THE FEDERAL DEPOSIT INSURANCE ACT 12 USC 1811 ET SEQ;4;LegalReferences
THE SMALL BUSINESS INVESTMENT ACT OF 1958 15 USC 662;0;LegalReferences
THE BANK HOLDING COMPANY ACT OF 1956 12 USC 1841A5E;0;LegalReferences
THE BANK HOLDING COMPANY ACT OF 1956 12 USC 1841A5F;0;LegalReferences
THE BANK HOLDING COMPANY ACT OF 1956 12 USC 1841C2B;0;LegalReferences
THE BANK HOLDING COMPANY ACT OF 1956 12 USC 1841C2D;0;LegalReferences
THE BANK HOLDING COMPANY ACT OF 1956 12 USC 1841C2F;0;LegalReferences
THE BANK HOLDING COMPANY ACT OF 1956 12 USC 1841C2H;0;LegalReferences
THE BANK HOLDING COMPANY ACT OF 1956 12 USC 1842D1A;0;LegalReferences
THE BANK HOLDING COMPANY ACT OF 1956 12 USC 1843J2A;0;LegalReferences
THE BANK HOLDING COMPANY ACT OF 1956 12 USC 1843K6B;1;LegalReferences
THE COMMUNITY REINVESTMENT ACT OF 1977 12 USC 2903C;0;LegalReferences
THE BANK HOLDING COMPANY ACT OF 1956 12 USC 1841C2;0;LegalReferences
THE BANK HOLDING COMPANY ACT OF 1956 12 USC 1841O4;0;LegalReferences
THE BANK HOLDING COMPANY ACT OF 1956 12 USC 1843L1;0;LegalReferences
THE BANK HOLDING COMPANY ACT OF 1956 12 USC 1844C1;0;LegalReferences
THE BANK HOLDING COMPANY ACT OF 1956 12 USC 1844C2;0;LegalReferences
THE BANK HOLDING COMPANY ACT OF 1956 12 USC 1844C5;0;LegalReferences
THE INTERNATIONAL BANKING ACT OF 1978 12 USC 31017;0;LegalReferences
THE INTERNATIONAL BANKING ACT OF 1978 12 USC 3106A;2;LegalReferences
ASSOCIATED PERSON OF A SECURITIES HOLDING COMPANY;0;EconomicOperands
NONBANK FINANCIAL COMPANY SUPERVISED BY THE BOARD;1;EconomicOperands
THE BANK HOLDING COMPANY ACT OF 1956 12 USC 1841P;0;LegalReferences
THE BANK HOLDING COMPANY ACT OF 1956 12 USC 1842C;0;LegalReferences
THE BANK HOLDING COMPANY ACT OF 1956 12 USC 1843K;4;LegalReferences
THE BANK HOLDING COMPANY ACT OF 1956 12 USC 1844B;0;LegalReferences
THE INVESTMENT ADVISERS ACT OF 1940 15 USC 80B-3M;0;LegalReferences
THE BANK HOLDING COMPANY ACT OF 1956 12 USC 1841;3;LegalReferences
THE BANK HOLDING COMPANY ACT OF 1956 12 USC 1843;2;LegalReferences
THE FEDERAL DEPOSIT INSURANCE ACT 12 USC 1813Q1;1;LegalReferences
THE FEDERAL DEPOSIT INSURANCE ACT 12 USC 1828C5;0;LegalReferences
COMMITTEE ON BANKING HOUSING AND URBAN AFFAIRS;96;EconomicOperands
THE FARM CREDIT ACT OF 1971 12 USC 2001 ET SEQ;3;LegalReferences
THE SECURITIES EXCHANGE ACT OF 1934 15 USC 78Q;6;LegalReferences
THE CONSUMER FINANCIAL PROTECTION ACT OF 2010;68;LegalReferences
THE FEDERAL DEPOSIT INSURANCE ACT 12 USC 1813;19;LegalReferences
THE FEDERAL DEPOSIT INSURANCE ACT 12 USC 1815;0;LegalReferences
THE FEDERAL DEPOSIT INSURANCE ACT 12 USC 1818;10;LegalReferences
THE FEDERAL DEPOSIT INSURANCE ACT 12 USC 1823;0;LegalReferences
THE FEDERAL DEPOSIT INSURANCE ACT 12 USC 1828;0;LegalReferences
COMMITTEE ON FINANCIAL SERVICES OF THE HOUSE;84;EconomicOperands
THE SECURITIES ACT OF 1933 15 USC 77A ET SEQ;7;LegalReferences
THE HOME OWNERS LOAN ACT 12 USC 1461 ET SEQ;3;LegalReferences
FEDERAL AGRICULTURAL MORTGAGE CORPORATION;1;EconomicOperands
OFFICE OF THE COMPTROLLER OF THE CURRENCY;108;EconomicOperands
THE FEDERAL RESERVE ACT 12 USC 611 ET SEQ;0;LegalReferences
COMPTROLLER GENERAL OF THE UNITED STATES;60;EconomicOperands
GOVERNMENT NATIONAL MORTGAGE ASSOCIATION;0;EconomicOperands
DEPOSITORY INSTITUTION HOLDING COMPANY;12;EconomicOperands
FEDERAL HOME LOAN MORTGAGE CORPORATION;6;EconomicOperands
FEDERAL DEPOSIT INSURANCE CORPORATION;90;EconomicOperands
FEDERAL NATIONAL MORTGAGE ASSOCIATION;6;EconomicOperands
FINANCIAL STABILITY OVERSIGHT COUNCIL;20;EconomicOperands
SUPERVISED SECURITIES HOLDING COMPANY;0;EconomicOperands
REVISED STATUTES OF THE UNITED STATES;7;LegalReferences
THE FEDERAL RESERVE ACT 12 USC 371C-1;0;LegalReferences
THE INTERNATIONAL BANKING ACT OF 1978;3;LegalReferences
COMMODITY FUTURES TRADING COMMISSION;134;EconomicOperands
THE BANK HOLDING COMPANY ACT OF 1956;10;LegalReferences
THE FEDERAL RESERVE ACT 12 USC 461B7;0;LegalReferences
THE HOME OWNERS LOAN ACT 12 USC 1464;0;LegalReferences
THE HOME OWNERS LOAN ACT 12 USC 1468;1;LegalReferences
FUNCTIONALLY REGULATED SUBSIDIARIES;1;EconomicOperands
LEAD INSURED DEPOSITORY INSTITUTION;0;EconomicOperands
PRIMARY FINANCIAL REGULATORY AGENCY;35;EconomicOperands
REGULATORY IMPROVEMENTS ACT OF 2010;0;LegalReferences
SECURITIES AND EXCHANGE ACT OF 1934;1;LegalReferences
THE FINANCIAL STABILITY ACT OF 2010;5;LegalReferences
THE SECURITIES EXCHANGE ACT OF 1934;84;LegalReferences
APPROPRIATE FEDERAL BANKING AGENCY;115;EconomicOperands
SECURITIES AND EXCHANGE COMMISSION;141;EconomicOperands
THE FEDERAL RESERVE ACT 12 USC 248;5;LegalReferences
THE FEDERAL RESERVE ACT 12 USC 371;3;LegalReferences
THE FEDERAL RESERVE ACT 12 USC 375;0;LegalReferences
THE INVESTMENT COMPANY ACT OF 1940;26;LegalReferences
FUNCTIONALLY REGULATED SUBSIDIARY;4;EconomicOperands
THE FEDERAL DEPOSIT INSURANCE ACT;55;LegalReferences
SAVINGS AND LOAN HOLDING COMPANY;16;EconomicOperands
SUPPORTING MATERIALS RELIED UPON;0;EconomicOperands
TO THE FULLEST EXTENT POSSIBLE;7;Attributes
INSURED DEPOSITORY INSTITUTION;112;EconomicOperands
ANNUAL GROSS REVENUES DERIVED;1;EconomicOperands
INTERNAL FINANCIAL ACTIVITIES;3;EconomicOperands
INTERNAL REVENUE CODE OF 1986;14;EconomicOperands
INTERSTATE MERGER TRANSACTION;0;EconomicOperands
REVERSE REPURCHASE AGREEMENTS;2;EconomicOperands
FEDERAL DEPOSIT INSURANCE ACT;4;LegalReferences
THE INTERNATIONAL BANKING ACT;0;LegalReferences
AUDITED FINANCIAL STATEMENTS;4;EconomicOperands
CERTIFIED HISTORIC STRUCTURE;0;EconomicOperands
INTEREST-BEARING TRANSACTION;0;EconomicOperands
INTERMEDIATE HOLDING COMPANY;21;EconomicOperands
OFFICE OF THRIFT SUPERVISION;216;EconomicOperands
REVERSE REPURCHASE AGREEMENT;2;EconomicOperands
SELF-REGULATORY ORGANIZATION;45;EconomicOperands
SOURCE OF FINANCIAL STRENGTH;0;EconomicOperands
THE BANK HOLDING COMPANY ACT;1;LegalReferences
THE CLAYTON ACT 15 USC 18AC8;1;LegalReferences
COMPTROLLER OF THE CURRENCY;142;EconomicOperands
FEDERAL SAVINGS ASSOCIATION;41;EconomicOperands
FINANCIAL HOLDING COMPANIES;0;EconomicOperands
FUTURES COMMISSION MERCHANT;36;EconomicOperands
MEMORANDUM OF UNDERSTANDING;4;EconomicOperands
REHABILITATION EXPENDITURES;0;EconomicOperands
CODE OF FEDERAL REGULATIONS;12;LegalReferences
HOLDING COMPANY ACT OF 1956;2;LegalReferences
SECTION 5C5B 12 USC 1844C5B;0;LegalReferences
SECURITIES HOLDING COMPANY;0;EconomicOperands
THE SECURITIES ACT OF 1933;21;LegalReferences
COMMODITY TRADING ADVISER;0;EconomicOperands
FINANCIAL HOLDING COMPANY;6;EconomicOperands
INDUSTRIAL LOAN COMPANIES;0;EconomicOperands
INVESTIGATIVE PROCEEDINGS;0;EconomicOperands
STATE SAVINGS ASSOCIATION;28;EconomicOperands
SUBPARAGRAPHS A THROUGH D;4;LegalReferences
SUBPARAGRAPHS A THROUGH E;3;LegalReferences
CERTIFICATION MATERIALLY;1;EconomicOperands
CONSOLIDATED SUPERVISION;1;EconomicOperands
FEDERAL BANKING AGENCIES;41;EconomicOperands
MUTUAL HOLDING COMPANIES;1;EconomicOperands
REQUESTS FOR INFORMATION;4;EconomicOperands
SECTION 10A 12 USC 1848A;0;LegalReferences
THE HOME OWNERS LOAN ACT;3;LegalReferences
AGREEMENT TO REPURCHASE;0;EconomicOperands
ASSET-BACKED SECURITIES;19;EconomicOperands
BONA FIDE MARKET-MAKING;0;EconomicOperands
CALENDAR YEAR PRECEDING;2;EconomicOperands
CHIEF EXECUTIVE OFFICER;6;EconomicOperands
COMMODITY POOL OPERATOR;9;EconomicOperands
CONFLICTING SUPERVISORY;0;EconomicOperands
CONTRACTUALLY COMMITTED;0;EconomicOperands
DEPOSITORY INSTITUTIONS;25;EconomicOperands
INTERSTATE ACQUISITIONS;0;EconomicOperands
QUALIFIED THRIFT LENDER;0;EconomicOperands
REAL ESTATE INVESTMENTS;0;EconomicOperands
SWAP EXECUTION FACILITY;78;EconomicOperands
TAKE INTO CONSIDERATION;16;EconomicOperands
SECTION 10 12 USC 1467A;1;LegalReferences
SECTION 38 12 USC 1831O;0;LegalReferences
SUBPARAGRAPHS A B AND C;1;LegalReferences
THE FEDERAL RESERVE ACT;27;LegalReferences
TO THE EXTENT FEASIBLE;3;Attributes
AFFILIATE TRANSACTIONS;0;EconomicOperands
BANK HOLDING COMPANIES;51;EconomicOperands
CEASE AND DESIST ORDER;2;EconomicOperands
DEPOSITORY INSTITUTION;64;EconomicOperands
DERIVATIVE TRANSACTION;1;EconomicOperands
FEDERAL BANKING AGENCY;14;EconomicOperands
MAJOR SWAP PARTICIPANT;150;EconomicOperands
MUTUAL HOLDING COMPANY;0;EconomicOperands
POTENTIAL CONSEQUENCES;1;EconomicOperands
REPORTING REQUIREMENTS;17;EconomicOperands
SMALL BUSINESS CONCERN;3;EconomicOperands
SMALL BUSINESS LENDING;1;EconomicOperands
PARAGRAPHS 2 THROUGH 4;1;LegalReferences
PARAGRAPHS 3 THROUGH 5;1;LegalReferences
ASSET BACKED SECURITY;0;EconomicOperands
ASSET-BACKED SECURITY;28;EconomicOperands
BUSINESS OF INSURANCE;14;EconomicOperands
CONFLICTS OF INTEREST;77;EconomicOperands
CONVERSION IMPLEMENTS;0;EconomicOperands
INVESTMENT ACTIVITIES;0;EconomicOperands
LARGE FINANCIAL FIRMS;0;EconomicOperands
MARKET-MAKING-RELATED;0;EconomicOperands
POLITICAL SUBDIVISION;10;EconomicOperands
REPURCHASE AGREEMENTS;4;EconomicOperands
CLAUSES I THROUGH III;6;LegalReferences
SUBPARAGRAPHS A AND B;24;LegalReferences
RULES OF CONSTRUCTION;5;Other
ACTIVITIES CONDUCTED;6;EconomicOperands
ALLOCATION OF CREDIT;1;EconomicOperands
BANK HOLDING COMPANY;91;EconomicOperands
CAPITAL REQUIREMENTS;44;EconomicOperands
CONFLICT OF INTEREST;15;EconomicOperands
FINANCIAL ACTIVITIES;26;EconomicOperands
FINANCIAL INSTRUMENT;4;EconomicOperands
IN DANGER OF DEFAULT;14;EconomicOperands
PROPOSED ACQUISITION;1;EconomicOperands
REPURCHASE AGREEMENT;8;EconomicOperands
RISK-WEIGHTED ASSETS;1;EconomicOperands
STATE NONMEMBER BANK;0;EconomicOperands
SWAP DATA REPOSITORY;51;EconomicOperands
HOME OWNERS LOAN ACT;2;LegalReferences
RULE OF CONSTRUCTION;60;Other
BUSINESS ACTIVITIES;3;EconomicOperands
CAPITAL REQUIREMENT;5;EconomicOperands
COMPTROLLER GENERAL;90;EconomicOperands
COVERED TRANSACTION;25;EconomicOperands
FINANCIAL CONDITION;19;EconomicOperands
FINANCIAL STABILITY;62;EconomicOperands
PRIVATE EQUITY FUND;0;EconomicOperands
PROPOSED CONVERSION;0;EconomicOperands
PROPRIETARY TRADING;23;EconomicOperands
PROVIDES ASSISTANCE;0;EconomicOperands
SAVINGS ASSOCIATION;33;EconomicOperands
WRITTEN EXPLANATION;3;EconomicOperands
1 NOTICE PROCEDURES;0;LegalReferences
15 USC 80A-1 ET SEQ;0;LegalReferences
FEDERAL RESERVE ACT;5;LegalReferences
SUBSECTIONS B AND D;1;LegalReferences
SUBSECTIONS I AND J;0;LegalReferences
SUBSECTIONS J AND K;0;LegalReferences
UNDESIGNATED MATTER;7;Other
BOARD OF GOVERNORS;504;EconomicOperands
CAPITAL REGULATION;0;EconomicOperands
FARM CREDIT SYSTEM;9;EconomicOperands
FINANCIAL SERVICES;17;EconomicOperands
INTERNAL FINANCIAL;1;EconomicOperands
INVESTMENT ADVISER;67;EconomicOperands
INVESTMENT COMPANY;18;EconomicOperands
PRINCIPALLY INVEST;0;EconomicOperands
REVENUES GENERATED;2;EconomicOperands
SOURCE OF STRENGTH;3;EconomicOperands
TOTAL CONSOLIDATED;28;EconomicOperands
IN CONNECTION WITH;169;FunctionWords
PARAGRAPHS 1 AND 2;25;LegalReferences
PARAGRAPHS 2 AND 3;9;LegalReferences
SECTION 3C1 OR 3C7;1;LegalReferences
FOR THE PURPOSE OF;79;LogicalConnectors
IN ACCORDANCE WITH;246;LogicalConnectors
GENERALLY DESCRIBE;0;Other
AVOID DUPLICATION;2;EconomicOperands
CAPITAL STANDARDS;3;EconomicOperands
DEPOSIT INSURANCE;24;EconomicOperands
EXECUTIVE OFFICER;9;EconomicOperands
FINANCIAL COMPANY;73;EconomicOperands
FINANCIAL MARKETS;23;EconomicOperands
HIGH-RISK TRADING;0;EconomicOperands
HOLDING COMPANIES;27;EconomicOperands
INSURANCE COMPANY;22;EconomicOperands
INTERNAL TREASURY;2;EconomicOperands
NETTING AGREEMENT;0;EconomicOperands
OFF-BALANCE SHEET;3;EconomicOperands
RECEIVE DIVIDENDS;0;EconomicOperands
REPORTED PUBLICLY;6;EconomicOperands
RETAINED EARNINGS;0;EconomicOperands
STATE MEMBER BANK;3;EconomicOperands
HART-SCOTT-RODINO;1;LegalReferences
PARAGRAPH 9 OR 13;0;LegalReferences
REASONABLE NOTICE;1;LegalReferences
SUBSECTION D OR E;1;LegalReferences
IN THE EVENT THAT;8;LogicalConnectors
ACTING IN CONCERT;1;RegulatoryOperators
NOVEMBER 23 2009;0;Attributes
ACT TRANSACTIONS;0;EconomicOperands
ATTORNEY GENERAL;43;EconomicOperands
BECOME EFFECTIVE;31;EconomicOperands
COMMERCIAL FIRMS;0;EconomicOperands
CREDIT CARD BANK;0;EconomicOperands
EXISTING REPORTS;5;EconomicOperands
FINANCIAL ASSETS;5;EconomicOperands
FINANCIAL SYSTEM;61;EconomicOperands
LETTER OF CREDIT;1;EconomicOperands
PERIOD BEGINNING;87;EconomicOperands
RESPONSIBILITIES;51;EconomicOperands
THEREOF HAS BEEN;1;FunctionWords
CLAUSES I AND II;10;LegalReferences
FOR THE PURPOSES;27;LogicalConnectors
DECEMBER 1 2009;0;Attributes
APPROPRIATENESS;4;EconomicOperands
COMMERCIAL FIRM;0;EconomicOperands
COMPETITIVENESS;4;EconomicOperands
CONSIDER WAIVED;0;EconomicOperands
COUNTERCYCLICAL;0;EconomicOperands
CREDIT EXPOSURE;21;EconomicOperands
CROSS-MARKETING;0;EconomicOperands
DIFFERENTIATION;4;EconomicOperands
DIVERSIFICATION;1;EconomicOperands
FEDERAL RESERVE;168;EconomicOperands
FINANCIAL FIRMS;4;EconomicOperands
HOLDING COMPANY;4;EconomicOperands
INDUSTRIAL BANK;0;EconomicOperands
INTERPRETATIONS;9;EconomicOperands
MANAGING MEMBER;0;EconomicOperands
NONWITHDRAWABLE;0;EconomicOperands
PLACEMENT AGENT;1;EconomicOperands
PRICE MOVEMENTS;0;EconomicOperands
PRIME BROKERAGE;0;EconomicOperands
PUBLICLY TRADED;6;EconomicOperands
REPRESENTATIVES;117;EconomicOperands
RESPONSIBLE FOR;42;EconomicOperands
RISK MANAGEMENT;45;EconomicOperands
RISK-MITIGATING;0;EconomicOperands
SECURITIZATIONS;0;EconomicOperands
TRADING ACCOUNT;0;EconomicOperands
VENTURE CAPITAL;0;EconomicOperands
WRITTEN REQUEST;9;EconomicOperands
ASSOCIATED WITH;113;FunctionWords
ATTRIBUTABLE TO;4;FunctionWords
WITH REGARDS TO;0;FunctionWords
12 USC 1831UB4B;0;LegalReferences
SECTION 10A1DII;0;LegalReferences
SECTION 5155G1A;0;LegalReferences
THIS SUBSECTION;397;LegalReferences
NOTWITHSTANDING;175;LogicalConnectors
WITH RESPECT TO;640;LogicalConnectors
RECOMMENDATIONS;137;RegulatoryOperators
ACCOUNTABILITY;38;EconomicOperands
ADMINISTRATION;35;EconomicOperands
BANKING ENTITY;0;EconomicOperands
CAPITAL LEVELS;0;EconomicOperands
COMMODITY POOL;16;EconomicOperands
COUNTERPARTIES;38;EconomicOperands
EFFECTIVE DATE;85;EconomicOperands
EXCHANGE RATIO;0;EconomicOperands
FEDERAL AGENCY;56;EconomicOperands
FURNISH COPIES;0;EconomicOperands
GROSS REVENUES;2;EconomicOperands
IMPLEMENTATION;47;EconomicOperands
INTERPRETATION;21;EconomicOperands
PARTICIPATIONS;1;EconomicOperands
PRIVATE EQUITY;0;EconomicOperands
RECOMMENDATION;59;EconomicOperands
REORGANIZATION;12;EconomicOperands
SECURITIZATION;6;EconomicOperands
SMALL BUSINESS;23;EconomicOperands
SPECIFICATIONS;4;EconomicOperands
12 USC 1467AE2;0;LegalReferences
12 USC 1467AM3;0;LegalReferences
SECTION 5200B3;0;LegalReferences
STUDY REQUIRED;55;LegalReferences
SUBPARAGRAPH A;390;LegalReferences
SUBPARAGRAPH B;166;LegalReferences
SUBPARAGRAPH C;65;LegalReferences
SUBPARAGRAPH D;36;LegalReferences
SUBPARAGRAPH F;6;LegalReferences
SUBSECTION C9C;0;LegalReferences
THIS PARAGRAPH;184;LegalReferences
AS A RESULT OF;25;LogicalConnectors
CONDITIONED ON;0;LogicalConnectors
IN ADDITION TO;33;LogicalConnectors
IN THE CASE OF;118;LogicalConnectors
NOT LATER THAN;278;LogicalConnectors
WITH REGARD TO;27;LogicalConnectors
PRIOR APPROVAL;10;RegulatoryOperators
APPROPRIATELY;8;Attributes
ACTIVELY SEEK;0;EconomicOperands
BALANCE SHEET;11;EconomicOperands
CERTIFICATION;73;EconomicOperands
COMMISSIONERS;3;EconomicOperands
COMPARABILITY;10;EconomicOperands
COMPREHENSIVE;22;EconomicOperands
CONCENTRATION;12;EconomicOperands
CONSIDERATION;70;EconomicOperands
CONSOLIDATION;7;EconomicOperands
DETERMINATION;272;EconomicOperands
DIFFERENTIATE;7;EconomicOperands
DISADVANTAGES;0;EconomicOperands
FOREIGN-BASED;7;EconomicOperands
GRANDFATHERED;0;EconomicOperands
ILLIQUID FUND;0;EconomicOperands
INAPPROPRIATE;3;EconomicOperands
INVESTIGATIVE;22;EconomicOperands
MODIFICATIONS;11;EconomicOperands
NATIONAL BANK;49;EconomicOperands
OF SECURITIES;57;EconomicOperands
RECORDKEEPING;26;EconomicOperands
REGULATION OF;67;EconomicOperands
REHABILITATED;0;EconomicOperands
RELATIONSHIPS;5;EconomicOperands
SELF-INTEREST;0;EconomicOperands
TAX-QUALIFIED;1;EconomicOperands
THIRD PARTIES;11;EconomicOperands
TRANSFER DATE;63;EconomicOperands
UNITED STATES;387;EconomicOperands
VOTING SHARES;1;EconomicOperands
APPLICABLE TO;91;FunctionWords
SUBSTANTIALLY;29;FunctionWords
SECTION 10C9A;0;LegalReferences
SECTION 10C9C;0;LegalReferences
SECTION 10C9D;0;LegalReferences
SECTION 18D4A;0;LegalReferences
SECTION 44B4B;0;LegalReferences
SECTION 5200B;0;LegalReferences
SECTION 908A1;0;LegalReferences
SUBCLAUSE AII;0;LegalReferences
SUBCLAUSE III;5;LegalReferences
SUBSECTION A1;49;LegalReferences
SUBSECTION A2;25;LegalReferences
SUBSECTION B2;19;LegalReferences
SUBSECTION C8;0;LegalReferences
SUBSECTION D1;8;LegalReferences
SUBSECTION D3;0;LegalReferences
SUBSECTION D4;1;LegalReferences
SUBSECTION H2;4;LegalReferences
SUBSECTION H4;0;LegalReferences
SUBSECTION K6;0;LegalReferences
IN EVERY CASE;0;LogicalConnectors
PROVIDED THAT;19;LogicalConnectors
TO THE EXTENT;154;LogicalConnectors
TOGETHER WITH;26;LogicalConnectors
REDESIGNATING;93;Other
SUBPARAGRAPHS;5;Other
COMPLIES WITH;12;RegulatoryOperators
ESTABLISHMENT;61;RegulatoryOperators
INSUFFICIENT;10;Attributes
UNACCEPTABLE;5;Attributes
ACQUISITIONS;5;EconomicOperands
ASSOCIATIONS;31;EconomicOperands
AVAILABILITY;51;EconomicOperands
COMMENSURATE;1;EconomicOperands
CONCENTRATED;1;EconomicOperands
CONSOLIDATED;20;EconomicOperands
CONSULTATION;158;EconomicOperands
CONSUMMATION;18;EconomicOperands
COORDINATION;55;EconomicOperands
COUNTERPARTY;93;EconomicOperands
EXAMINATIONS;66;EconomicOperands
FOREIGN BANK;34;EconomicOperands
IMPROVEMENTS;14;EconomicOperands
INSTITUTIONS;56;EconomicOperands
INSURED BANK;6;EconomicOperands
INTERMEDIATE;6;EconomicOperands
JURISDICTION;153;EconomicOperands
MORAL HAZARD;4;EconomicOperands
NOTIFICATION;34;EconomicOperands
ORDER ISSUED;14;EconomicOperands
QUANTITATIVE;14;EconomicOperands
REGISTRATION;113;EconomicOperands
REQUIREMENTS;477;EconomicOperands
SHAREHOLDERS;29;EconomicOperands
SUBSIDIARIES;40;EconomicOperands
TRANSACTIONS;194;EconomicOperands
UNAFFILIATED;7;EconomicOperands
UNDERWRITING;21;EconomicOperands
BY REASON OF;12;FunctionWords
BY VIRTUE OF;11;FunctionWords
HAS SPECIFIC;0;FunctionWords
ON BEHALF OF;68;FunctionWords
12 USC 1817J;0;LegalReferences
2 MORATORIUM;0;LegalReferences
A MORATORIUM;0;LegalReferences
B EXCEPTIONS;2;LegalReferences
PARAGRAPH 11;7;LegalReferences
PARAGRAPH 1A;34;LegalReferences
PARAGRAPH 1B;19;LegalReferences
PARAGRAPH 1C;6;LegalReferences
PARAGRAPH 2A;21;LegalReferences
PARAGRAPH 3B;9;LegalReferences
SECTION 10B2;0;LegalReferences
SECTION 10C2;0;LegalReferences
SECTION 10E2;0;LegalReferences
SECTION 10G1;0;LegalReferences
SECTION 10M3;0;LegalReferences
SECTION 18C5;0;LegalReferences
SECTION 19B7;0;LegalReferences
SECTION 203M;0;LegalReferences
SECTION 22H9;0;LegalReferences
SECTION 2A5E;0;LegalReferences
SECTION 2A5F;0;LegalReferences
SECTION 2C2B;4;LegalReferences
SECTION 2C2D;7;LegalReferences
SECTION 2C2F;0;LegalReferences
SECTION 2C2H;0;LegalReferences
SECTION 3D1A;0;LegalReferences
SECTION 4J2A;0;LegalReferences
SECTION 4K6B;1;LegalReferences
SECTION 5136;4;LegalReferences
SECTION 5154;0;LegalReferences
SECTION 5B1B;0;LegalReferences
SECTION 7AC8;1;LegalReferences
SECTION 804C;0;LegalReferences
SECTIONS 5C1;0;LegalReferences
SUBCLAUSE II;15;LegalReferences
SUBSECTION A;270;LegalReferences
SUBSECTION B;165;LegalReferences
SUBSECTION C;63;LegalReferences
SUBSECTION D;41;LegalReferences
SUBSECTION E;36;LegalReferences
SUBSECTION F;23;LegalReferences
SUBSECTION I;10;LegalReferences
SUBSECTION J;8;LegalReferences
SUBSECTION O;5;LegalReferences
THIS SECTION;694;LegalReferences
EARLIER THAN;8;LogicalConnectors
RESPECTIVELY;73;LogicalConnectors
SPECIFICALLY;36;LogicalConnectors
ANTI-EVASION;0;Other
REDESIGNATED;61;Other
SUBPARAGRAPH;86;Other
ESTABLISHING;55;RegulatoryOperators
IMPLEMENTING;32;RegulatoryOperators
PROHIBITIONS;7;RegulatoryOperators
RESTRICTIONS;18;RegulatoryOperators
10000000000;17;Attributes
APPROPRIATE;525;Attributes
IMMEDIATELY;35;Attributes
PERMISSIBLE;8;Attributes
SIGNIFICANT;74;Attributes
ACCOMMODATE;0;EconomicOperands
ACQUISITION;19;EconomicOperands
ALTERNATING;0;EconomicOperands
APPLICATION;93;EconomicOperands
ASSOCIATION;64;EconomicOperands
AUTHORITIES;100;EconomicOperands
CAPITALIZED;0;EconomicOperands
CARRIED OUT;9;EconomicOperands
CARRIES OUT;3;EconomicOperands
CHAIRPERSON;58;EconomicOperands
COMMITMENTS;1;EconomicOperands
COMMODITIES;24;EconomicOperands
CONSISTENCY;11;EconomicOperands
CONSOLIDATE;2;EconomicOperands
CONTRACTION;0;EconomicOperands
CONTRACTUAL;12;EconomicOperands
CONTROLLING;11;EconomicOperands
CONVENIENCE;2;EconomicOperands
CONVERSIONS;1;EconomicOperands
COORDINATED;9;EconomicOperands
CORPORATION;766;EconomicOperands
CREDIT CARD;6;EconomicOperands
DECLARATION;3;EconomicOperands
DEFINITIONS;107;EconomicOperands
DERIVATIVES;26;EconomicOperands
DETERMINING;62;EconomicOperands
DETRIMENTAL;1;EconomicOperands
DIFFERENCES;14;EconomicOperands
DISPOSITION;18;EconomicOperands
DIVESTITURE;5;EconomicOperands
DUPLICATION;1;EconomicOperands
ELIMINATING;3;EconomicOperands
ELIMINATION;4;EconomicOperands
ENFORCEMENT;270;EconomicOperands
EXAMINATION;115;EconomicOperands
EXPLANATION;36;EconomicOperands
FULFILLMENT;7;EconomicOperands
FURTHERANCE;16;EconomicOperands
GOVERNMENTS;6;EconomicOperands
HEDGE FUNDS;2;EconomicOperands
INDEPENDENT;67;EconomicOperands
INFORMATION;710;EconomicOperands
INSPECTIONS;18;EconomicOperands
INSTITUTION;39;EconomicOperands
INSTRUMENTS;35;EconomicOperands
INVESTMENTS;30;EconomicOperands
LIABILITIES;50;EconomicOperands
OBLIGATIONS;139;EconomicOperands
OPERATIONAL;17;EconomicOperands
OPPORTUNITY;54;EconomicOperands
OUTSTANDING;31;EconomicOperands
PARTNERSHIP;17;EconomicOperands
PERFORMANCE;43;EconomicOperands
PRINCIPALLY;3;EconomicOperands
PROCEEDINGS;60;EconomicOperands
PROMOTIONAL;1;EconomicOperands
RECOMMENDED;11;EconomicOperands
REGULATIONS;403;EconomicOperands
REORGANIZED;0;EconomicOperands
REQUIREMENT;122;EconomicOperands
RESPONSIBLE;7;EconomicOperands
SHAREHOLDER;24;EconomicOperands
SPONSORSHIP;0;EconomicOperands
SUPERVISION;89;EconomicOperands
SUPERVISORY;64;EconomicOperands
SWAP DEALER;163;EconomicOperands
TERMINATION;36;EconomicOperands
TERRITORIES;2;EconomicOperands
TRANSACTION;384;EconomicOperands
UNDERWRITER;16;EconomicOperands
UNREGULATED;0;EconomicOperands
PURSUANT TO;405;FunctionWords
REFERRED TO;116;FunctionWords
RELATING TO;250;FunctionWords
CONFORMANCE;0;LegalReferences
PARAGRAPH 1;395;LegalReferences
PARAGRAPH 2;201;LegalReferences
PARAGRAPH 3;87;LegalReferences
PARAGRAPH 4;74;LegalReferences
PARAGRAPH 5;27;LegalReferences
PARAGRAPH 7;15;LegalReferences
SECTION 102;7;LegalReferences
SECTION 10A;4;LegalReferences
SECTION 10B;4;LegalReferences
SECTION 10O;0;LegalReferences
SECTION 11A;1;LegalReferences
SECTION 13C;0;LegalReferences
SECTION 18C;2;LegalReferences
SECTION 18G;0;LegalReferences
SECTION 19I;0;LegalReferences
SECTION 1B7;1;LegalReferences
SECTION 22D;0;LegalReferences
SECTION 22H;0;LegalReferences
SECTION 23A;0;LegalReferences
SECTION 23B;0;LegalReferences
SECTION 25A;3;LegalReferences
SECTION 2C2;11;LegalReferences
SECTION 2O4;0;LegalReferences
SECTION 2O8;0;LegalReferences
SECTION 311;2;LegalReferences
SECTION 4L1;0;LegalReferences
SECTION 5C2;0;LegalReferences
SECTION 5C5;0;LegalReferences
SECTION 5U3;0;LegalReferences
SECTIONS 4L;0;LegalReferences
SUBCLAUSE I;31;LegalReferences
SUBSECTIONS;32;LegalReferences
ACCORDINGLY;12;LogicalConnectors
IN ORDER TO;74;LogicalConnectors
RELEVANT TO;17;LogicalConnectors
EFFECTIVELY;11;Other
PROSPECTIVE;14;Other
SHORT TITLE;14;Other
ESTABLISHED;278;RegulatoryOperators
LIMITATIONS;71;RegulatoryOperators
PROHIBITION;58;RegulatoryOperators
RESTRICTION;4;RegulatoryOperators
TAKE EFFECT;41;RegulatoryOperators
10 PERCENT;11;Attributes
15 PERCENT;1;Attributes
25 PERCENT;2;Attributes
ACCEPTABLE;14;Attributes
ADEQUATELY;5;Attributes
CONSISTENT;103;Attributes
INDIRECTLY;50;Attributes
MAY 1 2010;0;Attributes
REASONABLE;138;Attributes
REASONABLY;53;Attributes
SUFFICIENT;32;Attributes
ACCEPTANCE;13;EconomicOperands
ACCOUNTING;87;EconomicOperands
ACTIVITIES;253;EconomicOperands
ADVANTAGES;1;EconomicOperands
AFFILIATED;16;EconomicOperands
AFFILIATES;33;EconomicOperands
AGGREGATED;4;EconomicOperands
ASSESSMENT;57;EconomicOperands
ASSISTANCE;105;EconomicOperands
ASSOCIATED;44;EconomicOperands
BASED UPON;19;EconomicOperands
BUSINESSES;9;EconomicOperands
COMMENCING;4;EconomicOperands
COMMERCIAL;48;EconomicOperands
COMMISSION;1570;EconomicOperands
COMMITMENT;2;EconomicOperands
COMPARABLE;57;EconomicOperands
COMPLETION;16;EconomicOperands
COMPLIANCE;272;EconomicOperands
CONCLUDING;1;EconomicOperands
CONDITIONS;123;EconomicOperands
CONDUCT OF;28;EconomicOperands
CONDUCTING;43;EconomicOperands
CONSTITUTE;15;EconomicOperands
CONTROLLED;29;EconomicOperands
CONVERSION;10;EconomicOperands
COORDINATE;50;EconomicOperands
CURRENCIES;9;EconomicOperands
DEFINITION;94;EconomicOperands
DERIVATIVE;15;EconomicOperands
DEVELOPING;15;EconomicOperands
EFFICIENCY;10;EconomicOperands
EXERCISING;16;EconomicOperands
EXTENSIONS;6;EconomicOperands
EXTERNALLY;2;EconomicOperands
FACILITIES;39;EconomicOperands
GEOGRAPHIC;6;EconomicOperands
GOVERNMENT;122;EconomicOperands
HEDGE FUND;0;EconomicOperands
HOME STATE;14;EconomicOperands
HOUSEHOLDS;3;EconomicOperands
IMMATERIAL;0;EconomicOperands
IMPORTANCE;12;EconomicOperands
INCIDENTAL;25;EconomicOperands
INDIVIDUAL;121;EconomicOperands
INTERSTATE;24;EconomicOperands
INVESTMENT;113;EconomicOperands
MAINTAINED;32;EconomicOperands
MANAGEMENT;120;EconomicOperands
MANAGERIAL;7;EconomicOperands
MITIGATION;6;EconomicOperands
MONITORING;28;EconomicOperands
OBJECTIVES;33;EconomicOperands
OBLIGATION;97;EconomicOperands
OCCURRENCE;20;EconomicOperands
OPERATIONS;54;EconomicOperands
ORGANIZING;0;EconomicOperands
PRIVILEGES;24;EconomicOperands
PROHIBITED;19;EconomicOperands
PROMULGATE;34;EconomicOperands
PROTECTING;7;EconomicOperands
PROVISIONS;253;EconomicOperands
REDEMPTION;6;EconomicOperands
REGISTERED;351;EconomicOperands
REGULATION;296;EconomicOperands
REGULATORS;39;EconomicOperands
REGULATORY;165;EconomicOperands
REPUTATION;0;EconomicOperands
RESOLUTION;94;EconomicOperands
RESPECTIVE;12;EconomicOperands
RESPONDING;11;EconomicOperands
RISK-BASED;14;EconomicOperands
SECURITIES;442;EconomicOperands
SECURITIZE;0;EconomicOperands
SHORT-TERM;3;EconomicOperands
STATE BANK;10;EconomicOperands
STRATEGIES;6;EconomicOperands
STRENGTHEN;1;EconomicOperands
SUBSIDIARY;113;EconomicOperands
SUPERVISED;53;EconomicOperands
SUPERVISOR;5;EconomicOperands
TERMINATES;0;EconomicOperands
TRANSITION;27;EconomicOperands
TRUST BANK;0;EconomicOperands
UNDERTAKEN;12;EconomicOperands
APPLICABLE;213;FunctionWords
AS FOLLOWS;42;FunctionWords
IDENTIFIED;69;FunctionWords
IN GENERAL;621;FunctionWords
PARTICULAR;33;FunctionWords
12 USC 84B;0;LegalReferences
1467AA1DII;0;LegalReferences
CLAUSE III;32;LegalReferences
SECTION 11;6;LegalReferences
SECTION 13;15;LegalReferences
SECTION 15;10;LegalReferences
SECTION 17;5;LegalReferences
SECTION 18;6;LegalReferences
SECTION 25;9;LegalReferences
SECTION 27;2;LegalReferences
SECTION 2P;0;LegalReferences
SECTION 3C;17;LegalReferences
SECTION 3Q;16;LegalReferences
SECTION 47;0;LegalReferences
SECTION 4C;15;LegalReferences
SECTION 4K;12;LegalReferences
SECTION 5B;10;LegalReferences
SECTION 5D;3;LegalReferences
SECTION 5I;0;LegalReferences
SECTION 7J;0;LegalReferences
SECTION 8A;8;LegalReferences
SUBTITLE B;40;LegalReferences
THIS TITLE;592;LegalReferences
CONCERNING;58;LogicalConnectors
EARLIER OF;7;LogicalConnectors
EQUIVALENT;22;LogicalConnectors
EXCEPTIONS;34;LogicalConnectors
IN NO CASE;4;LogicalConnectors
LATER THAN;19;LogicalConnectors
REPRESENTS;8;LogicalConnectors
SUBJECT TO;493;LogicalConnectors
ADDITIONAL;111;MathematicalOperators
MINIMIZING;2;MathematicalOperators
AMENDMENTS;136;Other
DE MINIMIS;5;Other
MORATORIUM;0;Other
PARAGRAPHS;33;Other
REFERENCED;5;Other
RULEMAKING;102;Other
LIMITATION;87;RegulatoryOperators
AUTHORIZED;166;RegulatoryOperators
DETERMINED;137;RegulatoryOperators
DETERMINES;204;RegulatoryOperators
DISAPPROVE;4;RegulatoryOperators
EXEMPTIONS;34;RegulatoryOperators
PRESCRIBED;216;RegulatoryOperators
SUBJECTING;1;RegulatoryOperators
12 MONTHS;23;Attributes
18 MONTHS;20;Attributes
EQUITABLE;24;Attributes
NECESSARY;295;Attributes
PRIMARILY;14;Attributes
ACQUIRING;4;EconomicOperands
ADJUSTING;14;EconomicOperands
AFFILIATE;95;EconomicOperands
AGGREGATE;49;EconomicOperands
AGREEMENT;262;EconomicOperands
APPLICANT;30;EconomicOperands
ASSESSING;19;EconomicOperands
ASSOCIATE;0;EconomicOperands
ATTESTING;0;EconomicOperands
AUTHORITY;533;EconomicOperands
AVAILABLE;244;EconomicOperands
BONA FIDE;25;EconomicOperands
BORROWING;17;EconomicOperands
BRANCHING;1;EconomicOperands
CARRY OUT;106;EconomicOperands
CERTIFIES;4;EconomicOperands
CHARTERED;15;EconomicOperands
COMMODITY;98;EconomicOperands
COMMUNITY;16;EconomicOperands
COMPANIES;198;EconomicOperands
CONDITION;38;EconomicOperands
CONDUCTED;82;EconomicOperands
CONSUMERS;168;EconomicOperands
CONTRACTS;135;EconomicOperands
CORPORATE;18;EconomicOperands
CUSTOMERS;31;EconomicOperands
DEPOSITOR;8;EconomicOperands
DIRECTORS;118;EconomicOperands
DISCLOSES;4;EconomicOperands
DIVIDENDS;10;EconomicOperands
DOCUMENTS;45;EconomicOperands
DOMICILED;7;EconomicOperands
ELIMINATE;6;EconomicOperands
EMPLOYEES;189;EconomicOperands
ENHANCING;1;EconomicOperands
EXCLUSION;27;EconomicOperands
EXPANSION;4;EconomicOperands
EXPOSURES;14;EconomicOperands
EXTENSION;62;EconomicOperands
FIDUCIARY;18;EconomicOperands
FINANCIAL;523;EconomicOperands
FOREGOING;4;EconomicOperands
FORMATION;5;EconomicOperands
FRAMEWORK;4;EconomicOperands
FREQUENCY;10;EconomicOperands
FUNCTIONS;111;EconomicOperands
FURNISHED;14;EconomicOperands
GUARANTEE;54;EconomicOperands
HIGH-RISK;1;EconomicOperands
IMPLEMENT;52;EconomicOperands
INSURANCE;230;EconomicOperands
INTERESTS;54;EconomicOperands
INVESTORS;129;EconomicOperands
INVOLVING;46;EconomicOperands
LIABILITY;42;EconomicOperands
LIQUIDITY;29;EconomicOperands
LOCATIONS;2;EconomicOperands
MARKETING;11;EconomicOperands
OPERATING;34;EconomicOperands
OPERATION;44;EconomicOperands
ORGANIZED;21;EconomicOperands
ORGANIZES;1;EconomicOperands
OVERSIGHT;74;EconomicOperands
OWNERSHIP;21;EconomicOperands
PERMANENT;10;EconomicOperands
PLACEMENT;6;EconomicOperands
PORTFOLIO;25;EconomicOperands
POSITIONS;67;EconomicOperands
PRACTICES;86;EconomicOperands
PRESENTED;7;EconomicOperands
PRINCIPAL;106;EconomicOperands
PROPOSING;5;EconomicOperands
PROVIDING;137;EconomicOperands
PROVISION;369;EconomicOperands
PURCHASER;11;EconomicOperands
PURCHASES;13;EconomicOperands
QUALIFIED;25;EconomicOperands
RECOMMEND;19;EconomicOperands
REFERRALS;4;EconomicOperands
REGISTERS;0;EconomicOperands
REGULATOR;32;EconomicOperands
REPAYABLE;0;EconomicOperands
REPORTING;147;EconomicOperands
REPRESENT;7;EconomicOperands
RESULTING;21;EconomicOperands
RETAINING;3;EconomicOperands
RETENTION;47;EconomicOperands
SELECTING;3;EconomicOperands
SOUNDNESS;22;EconomicOperands
SPONSORED;3;EconomicOperands
STABILITY;26;EconomicOperands
STANDARDS;294;EconomicOperands
STATEMENT;77;EconomicOperands
SUBMITTED;79;EconomicOperands
SUBSIDIES;1;EconomicOperands
SUBSTANCE;2;EconomicOperands
SYNTHETIC;0;EconomicOperands
TAXPAYERS;18;EconomicOperands
TERMINATE;33;EconomicOperands
TREATMENT;64;EconomicOperands
VALUATION;20;EconomicOperands
VARIATION;14;EconomicOperands
VIOLATION;190;EconomicOperands
BE SERVED;21;FunctionWords
DIFFERENT;28;FunctionWords
FOLLOWING;673;FunctionWords
PRECEDING;72;FunctionWords
12 USC 24;2;LegalReferences
2 CONTENT;11;LegalReferences
CLAUSE II;51;LegalReferences
PARAGRAPH;35;LegalReferences
SECTION 2;16;LegalReferences
SECTION 3;43;LegalReferences
SECTION 4;31;LegalReferences
SECTION 5;18;LegalReferences
SECTION 8;31;LegalReferences
TITLE III;3;LegalReferences
EXCEPT AS;147;LogicalConnectors
INCLUDING;733;LogicalConnectors
LESS THAN;59;LogicalConnectors
MORE THAN;77;LogicalConnectors
OTHERWISE;250;LogicalConnectors
REGARDING;243;LogicalConnectors
DECREASES;0;MathematicalOperators
DEDUCTION;2;MathematicalOperators
INCREASES;12;MathematicalOperators
AMENDMENT;76;Other
CONSTRUED;119;Other
DEFERENCE;16;Other
DESCRIBED;623;Other
EFFECTIVE;78;Other
ENACTMENT;281;Other
EXPRESSLY;8;Other
INSERTING;1026;Other
SEMICOLON;25;Other
APPROVALS;0;RegulatoryOperators
DETERMINE;166;RegulatoryOperators
ENFORCING;10;RegulatoryOperators
ESTABLISH;242;RegulatoryOperators
EXCEPTION;62;RegulatoryOperators
EXEMPTION;85;RegulatoryOperators
PERMITTED;49;RegulatoryOperators
PRESCRIBE;200;RegulatoryOperators
REGULATED;63;RegulatoryOperators
SATISFIED;5;RegulatoryOperators
SET FORTH;52;RegulatoryOperators
SPECIFIED;50;RegulatoryOperators
SUPERVISE;5;RegulatoryOperators
180 DAYS;38;Attributes
2 MONTHS;1;Attributes
270 DAYS;8;Attributes
6 MONTHS;24;Attributes
9 MONTHS;5;Attributes
ANNUALLY;37;Attributes
DIRECTLY;108;Attributes
ONE YEAR;1;Attributes
POSSIBLE;35;Attributes
PROMPTLY;20;Attributes
RELEVANT;59;Attributes
TWO-YEAR;0;Attributes
ACCOUNTS;56;EconomicOperands
ACHIEVES;1;EconomicOperands
ACQUIRED;16;EconomicOperands
ACTIVITY;80;EconomicOperands
ADEQUACY;12;EconomicOperands
ADJUSTED;27;EconomicOperands
ADOPTING;11;EconomicOperands
ADVANCES;8;EconomicOperands
ADVISORY;45;EconomicOperands
AFFECTED;18;EconomicOperands
AGENCIES;194;EconomicOperands
APPLYING;8;EconomicOperands
APPROVED;35;EconomicOperands
ASSURING;6;EconomicOperands
BELIEVES;5;EconomicOperands
BENEFITS;79;EconomicOperands
BUILDING;6;EconomicOperands
BUSINESS;180;EconomicOperands
CAPACITY;59;EconomicOperands
CARRYING;47;EconomicOperands
CATEGORY;53;EconomicOperands
COMMENCE;10;EconomicOperands
COMPANYS;7;EconomicOperands
COMPLETE;37;EconomicOperands
COMPLIED;2;EconomicOperands
CONCERNS;19;EconomicOperands
CONDUCTS;8;EconomicOperands
CONGRESS;166;EconomicOperands
CONSIDER;76;EconomicOperands
CONTINUE;45;EconomicOperands
CONTRACT;360;EconomicOperands
CONTROLS;41;EconomicOperands
CRITERIA;45;EconomicOperands
DECLARED;2;EconomicOperands
DELIVERY;73;EconomicOperands
DEPOSITS;40;EconomicOperands
DESIGNED;38;EconomicOperands
DILUTION;0;EconomicOperands
DIRECTOR;510;EconomicOperands
DISCOUNT;23;EconomicOperands
DISTRESS;14;EconomicOperands
DIVIDEND;1;EconomicOperands
ECONOMIC;42;EconomicOperands
ELECTIVE;0;EconomicOperands
ELIGIBLE;32;EconomicOperands
EMPLOYEE;177;EconomicOperands
ENGAGING;15;EconomicOperands
ENTITIES;156;EconomicOperands
ENTITLED;31;EconomicOperands
EVASIONS;7;EconomicOperands
EXERCISE;101;EconomicOperands
EXISTING;65;EconomicOperands
EXPECTED;20;EconomicOperands
EXPENSES;50;EconomicOperands
EXPOSURE;13;EconomicOperands
EXTENDED;25;EconomicOperands
FINDINGS;49;EconomicOperands
GUARANTY;8;EconomicOperands
GUIDANCE;20;EconomicOperands
HISTORIC;0;EconomicOperands
HOLDINGS;0;EconomicOperands
IDENTIFY;59;EconomicOperands
ILLIQUID;0;EconomicOperands
IMPOSING;10;EconomicOperands
INCLUDED;25;EconomicOperands
INCLUDES;73;EconomicOperands
INDIRECT;12;EconomicOperands
INHERENT;0;EconomicOperands
INSIDERS;0;EconomicOperands
INTEREST;222;EconomicOperands
INTERNAL;46;EconomicOperands
INVESTED;12;EconomicOperands
INVESTOR;53;EconomicOperands
INVOLVES;11;EconomicOperands
ISSUANCE;49;EconomicOperands
JUDGMENT;30;EconomicOperands
LEVERAGE;22;EconomicOperands
MAJORITY;20;EconomicOperands
MARKETED;1;EconomicOperands
MATERIAL;88;EconomicOperands
MID-TIER;0;EconomicOperands
MINORITY;25;EconomicOperands
NONBANKS;0;EconomicOperands
NOTIFIES;9;EconomicOperands
OBTAINED;44;EconomicOperands
OFFERING;52;EconomicOperands
OFFICERS;23;EconomicOperands
PREPARED;17;EconomicOperands
PRESENTS;8;EconomicOperands
PROPERTY;232;EconomicOperands
PROPOSED;108;EconomicOperands
PROVIDES;81;EconomicOperands
PURCHASE;93;EconomicOperands
PURPOSES;410;EconomicOperands
RECEIVED;107;EconomicOperands
RECEIVES;43;EconomicOperands
REGISTER;54;EconomicOperands
RELIANCE;11;EconomicOperands
RESERVED;3;EconomicOperands
RESIDENT;1;EconomicOperands
RULES OF;77;EconomicOperands
SECURITY;217;EconomicOperands
SERVICES;242;EconomicOperands
SPONSORS;0;EconomicOperands
STRATEGY;13;EconomicOperands
TANGIBLE;15;EconomicOperands
TRANSFER;205;EconomicOperands
TRANSMIT;17;EconomicOperands
TROUBLED;0;EconomicOperands
TRUSTEES;1;EconomicOperands
VIOLATED;14;EconomicOperands
VIOLATES;10;EconomicOperands
WITHDRAW;0;EconomicOperands
CONTENTS;20;FunctionWords
DOES NOT;161;FunctionWords
SPECIFIC;56;FunctionWords
3 REPORT;10;LegalReferences
CLAUSE I;135;LegalReferences
CLAUSE V;11;LegalReferences
THIS ACT;340;LegalReferences
TITLE 13;0;LegalReferences
TITLE VI;0;LegalReferences
WHENEVER;18;LogicalConnectors
AT LEAST;42;LogicalConnectors
GREATEST;4;LogicalConnectors
PROVIDED;414;LogicalConnectors
SO AS TO;13;LogicalConnectors
DEDUCTED;2;MathematicalOperators
INCREASE;46;MathematicalOperators
NEGATIVE;12;MathematicalOperators
BASED ON;90;Other
CONTRARY;9;Other
MEANINGS;17;Other
SECTIONS;33;Other
SENTENCE;88;Other
STRIKING;963;Other
APPROVAL;67;RegulatoryOperators
ENSURING;11;RegulatoryOperators
EVALUATE;21;RegulatoryOperators
EXCEPTED;16;RegulatoryOperators
LIMITING;33;RegulatoryOperators
PRESUMED;2;RegulatoryOperators
REGULATE;5;RegulatoryOperators
REPEALED;11;RegulatoryOperators
REQUIRED;517;RegulatoryOperators
RESTRICT;12;RegulatoryOperators
2 YEARS;25;Attributes
30 DAYS;50;Attributes
45 DAYS;4;Attributes
5 YEARS;32;Attributes
90 DAYS;47;Attributes
INVALID;0;Attributes
PERCENT;21;Attributes
SHORTER;7;Attributes
ABILITY;82;EconomicOperands
ACCOUNT;191;EconomicOperands
ACQUIRE;14;EconomicOperands
ACTIONS;129;EconomicOperands
ADDRESS;41;EconomicOperands
ADVANCE;31;EconomicOperands
ADVISED;9;EconomicOperands
AGENCYS;7;EconomicOperands
AMOUNTS;126;EconomicOperands
ARISING;59;EconomicOperands
ATTRACT;0;EconomicOperands
AUDITOR;2;EconomicOperands
BACK-UP;4;EconomicOperands
BANKING;32;EconomicOperands
BECOMES;13;EconomicOperands
BELIEVE;24;EconomicOperands
BENEFIT;52;EconomicOperands
BROKERS;95;EconomicOperands
CAPITAL;95;EconomicOperands
CHANGES;45;EconomicOperands
CHARGES;40;EconomicOperands
CLIENTS;12;EconomicOperands
CLOSING;22;EconomicOperands
COLLECT;21;EconomicOperands
COMMENT;28;EconomicOperands
COMPANY;273;EconomicOperands
CONDUCT;205;EconomicOperands
CONSENT;46;EconomicOperands
CONSULT;67;EconomicOperands
CONTROL;71;EconomicOperands
CONVERT;3;EconomicOperands
COUNCIL;368;EconomicOperands
DEALERS;104;EconomicOperands
DEFAULT;69;EconomicOperands
DEFINED;314;EconomicOperands
DEMANDS;1;EconomicOperands
DISPOSE;5;EconomicOperands
ECONOMY;10;EconomicOperands
ENGAGED;86;EconomicOperands
ENGAGES;18;EconomicOperands
ENHANCE;16;EconomicOperands
ENSURES;2;EconomicOperands
ENTERED;61;EconomicOperands
EVASION;18;EconomicOperands
EXAMINE;26;EconomicOperands
EXTENDS;5;EconomicOperands
FACTORS;57;EconomicOperands
FEDERAL;520;EconomicOperands
FINDING;15;EconomicOperands
FOREIGN;181;EconomicOperands
FULFILL;8;EconomicOperands
FUNDING;52;EconomicOperands
HEARING;91;EconomicOperands
HEDGING;12;EconomicOperands
IMPOSED;74;EconomicOperands
INCLUDE;250;EconomicOperands
INDICES;5;EconomicOperands
INITIAL;40;EconomicOperands
INSIDER;4;EconomicOperands
INSURED;75;EconomicOperands
INVESTS;2;EconomicOperands
INVOLVE;3;EconomicOperands
ISSUING;21;EconomicOperands
LENDING;47;EconomicOperands
LOCATED;38;EconomicOperands
MANAGED;6;EconomicOperands
MANAGER;4;EconomicOperands
MARGINS;8;EconomicOperands
MEASURE;17;EconomicOperands
MEMBERS;114;EconomicOperands
MERGERS;1;EconomicOperands
MONITOR;32;EconomicOperands
NATURAL;24;EconomicOperands
NONBANK;58;EconomicOperands
OFFERED;30;EconomicOperands
OFFICER;132;EconomicOperands
ONGOING;18;EconomicOperands
PARTNER;9;EconomicOperands
PAYMENT;183;EconomicOperands
PERFORM;56;EconomicOperands
PERIODS;22;EconomicOperands
PERSONS;195;EconomicOperands
PLEDGED;8;EconomicOperands
PORTION;29;EconomicOperands
PREPARE;29;EconomicOperands
PROGRAM;151;EconomicOperands
PROMOTE;39;EconomicOperands
PROTECT;39;EconomicOperands
PROVIDE;324;EconomicOperands
QUALIFY;8;EconomicOperands
RECEIPT;71;EconomicOperands
RECEIVE;60;EconomicOperands
RECORDS;132;EconomicOperands
REDUCED;12;EconomicOperands
REFLECT;24;EconomicOperands
REPORTS;219;EconomicOperands
REQUEST;180;EconomicOperands
RESULTS;59;EconomicOperands
RETAINS;6;EconomicOperands
SECURED;59;EconomicOperands
SELLING;11;EconomicOperands
SERVICE;108;EconomicOperands
SERVING;35;EconomicOperands
SPECIAL;48;EconomicOperands
SPECIFY;12;EconomicOperands
SPONSOR;6;EconomicOperands
SUBJECT;45;EconomicOperands
SURPLUS;7;EconomicOperands
SYSTEMS;61;EconomicOperands
TRADING;116;EconomicOperands
TREATED;43;EconomicOperands
TRUSTEE;20;EconomicOperands
UNSOUND;3;EconomicOperands
WARRANT;4;EconomicOperands
WELFARE;0;EconomicOperands
WRITING;64;EconomicOperands
WRITTEN;114;EconomicOperands
AGAINST;154;FunctionWords
ANOTHER;62;FunctionWords
BETWEEN;108;FunctionWords
CERTAIN;101;FunctionWords
DE NOVO;2;FunctionWords
FOLLOWS;43;FunctionWords
GENERAL;134;FunctionWords
OUTSIDE;22;FunctionWords
PENDING;18;FunctionWords
PRESENT;33;FunctionWords
RELATED;129;FunctionWords
SAVINGS;33;FunctionWords
THEREOF;104;FunctionWords
THROUGH;235;FunctionWords
WITHOUT;108;FunctionWords
1467AB2;0;LegalReferences
1467AC2;0;LegalReferences
SECTION;40;LegalReferences
TITLE I;13;LegalReferences
JOINTLY;92;LogicalConnectors
NOTHING;95;LogicalConnectors
EVEN IF;6;LogicalConnectors
FURTHER;45;LogicalConnectors
GRANTED;42;LogicalConnectors
GREATER;17;LogicalConnectors
ONLY IF;21;LogicalConnectors
SIMILAR;109;LogicalConnectors
SO THAT;10;LogicalConnectors
SUCH AS;29;LogicalConnectors
THAT IS;511;LogicalConnectors
WHETHER;279;LogicalConnectors
APPEARS;138;Other
CONTENT;21;Other
MEANING;67;Other
STATUTE;36;Other
LIMITED;29;RegulatoryOperators
AMENDED;601;RegulatoryOperators
APPROVE;16;RegulatoryOperators
CONFORM;16;RegulatoryOperators
ENFORCE;122;RegulatoryOperators
PREVENT;66;RegulatoryOperators
REQUIRE;211;RegulatoryOperators
30-DAY;13;Attributes
60-DAY;6;Attributes
LIKELY;27;Attributes
ACCEPT;30;EconomicOperands
ACCESS;100;EconomicOperands
ACTION;373;EconomicOperands
ACTUAL;21;EconomicOperands
AFFECT;79;EconomicOperands
AGENCY;441;EconomicOperands
AGENTS;15;EconomicOperands
AMOUNT;331;EconomicOperands
ANNUAL;125;EconomicOperands
ASSETS;210;EconomicOperands
ASSUME;7;EconomicOperands
AVOIDS;1;EconomicOperands
BACKUP;17;EconomicOperands
BECAME;6;EconomicOperands
BECOME;43;EconomicOperands
BOARDS;13;EconomicOperands
BRANCH;29;EconomicOperands
CAUSED;5;EconomicOperands
CAUSES;2;EconomicOperands
CHANGE;94;EconomicOperands
CHARGE;36;EconomicOperands
CONFER;0;EconomicOperands
CREATE;16;EconomicOperands
CREDIT;268;EconomicOperands
DEFINE;29;EconomicOperands
DEGREE;14;EconomicOperands
DEMAND;44;EconomicOperands
DILUTE;0;EconomicOperands
DIRECT;49;EconomicOperands
DIVEST;6;EconomicOperands
DUTIES;118;EconomicOperands
EFFECT;153;EconomicOperands
ELECTS;7;EconomicOperands
ENDING;16;EconomicOperands
ENGAGE;34;EconomicOperands
ENTITY;205;EconomicOperands
EQUITY;53;EconomicOperands
EXPIRE;6;EconomicOperands
EXTEND;33;EconomicOperands
EXTENT;100;EconomicOperands
FORMAL;3;EconomicOperands
FUTURE;75;EconomicOperands
HOLDER;21;EconomicOperands
IMPACT;63;EconomicOperands
INCOME;53;EconomicOperands
INFORM;9;EconomicOperands
INSURE;3;EconomicOperands
INTENT;14;EconomicOperands
INVEST;6;EconomicOperands
ISSUED;167;EconomicOperands
ISSUER;177;EconomicOperands
ISSUES;59;EconomicOperands
LOSSES;41;EconomicOperands
MARKET;225;EconomicOperands
MEMBER;160;EconomicOperands
MERGER;9;EconomicOperands
MUTUAL;8;EconomicOperands
NATURE;69;EconomicOperands
NOTICE;256;EconomicOperands
NOTIFY;42;EconomicOperands
NUMBER;90;EconomicOperands
OBJECT;4;EconomicOperands
OBTAIN;53;EconomicOperands
OCCURS;11;EconomicOperands
OFFERS;18;EconomicOperands
OFFICE;312;EconomicOperands
OPTION;87;EconomicOperands
ORDERS;97;EconomicOperands
OTHERS;11;EconomicOperands
PARENT;18;EconomicOperands
PERIOD;296;EconomicOperands
PERSON;902;EconomicOperands
PLACED;13;EconomicOperands
PROFIT;5;EconomicOperands
PUBLIC;303;EconomicOperands
RAISED;7;EconomicOperands
RECORD;44;EconomicOperands
REDUCE;25;EconomicOperands
REMAIN;39;EconomicOperands
REPEAL;8;EconomicOperands
REPORT;555;EconomicOperands
RESELL;0;EconomicOperands
RESULT;44;EconomicOperands
RETAIN;20;EconomicOperands
REVIEW;202;EconomicOperands
RIGHTS;116;EconomicOperands
SAFETY;38;EconomicOperands
SELECT;11;EconomicOperands
SENATE;148;EconomicOperands
SERVES;6;EconomicOperands
SHARES;14;EconomicOperands
SOURCE;30;EconomicOperands
STATES;30;EconomicOperands
SUBMIT;177;EconomicOperands
SYSTEM;166;EconomicOperands
TAKING;50;EconomicOperands
THREAT;18;EconomicOperands
TIER 1;6;EconomicOperands
UNSAFE;2;EconomicOperands
UPDATE;11;EconomicOperands
WAIVED;9;EconomicOperands
ABSENT;2;FunctionWords
BEHALF;2;FunctionWords
COMMON;10;FunctionWords
DURING;142;FunctionWords
GIVING;8;FunctionWords
HAVING;53;FunctionWords
MAKING;101;FunctionWords
1467AB;0;LegalReferences
1467AO;0;LegalReferences
CLAUSE;48;LegalReferences
BEFORE;327;LogicalConnectors
EITHER;51;LogicalConnectors
EXCEPT;156;LogicalConnectors
IN ALL;3;LogicalConnectors
LONGER;10;LogicalConnectors
SOLELY;56;LogicalConnectors
UNLESS;181;LogicalConnectors
WITHIN;197;LogicalConnectors
EXCEED;64;MathematicalOperators
ADDING;240;MathematicalOperators
FILING;58;Other
MANNER;168;Other
MATTER;53;Other
SUNSET;3;Other
LIMITS;71;RegulatoryOperators
COMPLY;69;RegulatoryOperators
DEEMED;93;RegulatoryOperators
ENSURE;128;RegulatoryOperators
EXEMPT;74;RegulatoryOperators
IMPOSE;61;RegulatoryOperators
PERMIT;39;RegulatoryOperators
WAIVER;25;RegulatoryOperators
FIRST;89;Attributes
UNDUE;2;Attributes
ABUSE;11;EconomicOperands
ADOPT;76;EconomicOperands
ASSET;55;EconomicOperands
AVOID;23;EconomicOperands
BANKS;56;EconomicOperands
BEGIN;8;EconomicOperands
BOARD;398;EconomicOperands
BRING;20;EconomicOperands
CAUSE;57;EconomicOperands
CEASE;4;EconomicOperands
CHECK;12;EconomicOperands
CLASS;101;EconomicOperands
COSTS;65;EconomicOperands
ENTER;46;EconomicOperands
EVENT;35;EconomicOperands
FAILS;14;EconomicOperands
FILES;14;EconomicOperands
FINAL;136;EconomicOperands
FINDS;37;EconomicOperands
FOCUS;6;EconomicOperands
FULLY;26;EconomicOperands
FUNDS;173;EconomicOperands
GOODS;26;EconomicOperands
GRANT;46;EconomicOperands
GROUP;89;EconomicOperands
HOLDS;18;EconomicOperands
ISSUE;152;EconomicOperands
JOINT;31;EconomicOperands
LEASE;34;EconomicOperands
LOANS;106;EconomicOperands
LOCAL;38;EconomicOperands
MEANS;394;EconomicOperands
MEETS;44;EconomicOperands
MERGE;3;EconomicOperands
NEEDS;21;EconomicOperands
ORDER;237;EconomicOperands
OWNED;34;EconomicOperands
PLACE;197;EconomicOperands
POSED;8;EconomicOperands
PRIOR;85;EconomicOperands
RATES;33;EconomicOperands
REPAY;19;EconomicOperands
RIGHT;76;EconomicOperands
RISKS;99;EconomicOperands
RULES;498;EconomicOperands
SALES;29;EconomicOperands
SCOPE;52;EconomicOperands
SERVE;61;EconomicOperands
SHARE;25;EconomicOperands
SOUND;13;EconomicOperands
STATE;560;EconomicOperands
STOCK;24;EconomicOperands
STUDY;239;EconomicOperands
SWAPS;214;EconomicOperands
TIMES;24;EconomicOperands
TRUST;54;EconomicOperands
TYPES;40;EconomicOperands
VALUE;115;EconomicOperands
YEARS;42;EconomicOperands
AMONG;54;FunctionWords
BORNE;2;FunctionWords
COULD;47;FunctionWords
GIVEN;23;FunctionWords
GIVES;3;FunctionWords
MAKES;42;FunctionWords
MIGHT;10;FunctionWords
TAKES;21;FunctionWords
THEIR;113;FunctionWords
THOSE;85;FunctionWords
UNDER;2683;FunctionWords
WHICH;939;FunctionWords
WHOLE;20;FunctionWords
WOULD;164;FunctionWords
1467A;1;LegalReferences
OTHER;1444;LogicalConnectors
AFTER;853;LogicalConnectors
WHILE;29;LogicalConnectors
TOTAL;92;MathematicalOperators
ADDED;67;MathematicalOperators
APPLY;212;Other
BASED;18;Other
BASIS;124;Other
CITED;14;Other
COMMA;6;Other
TAKEN;78;Other
TERMS;236;Other
LIMIT;83;RegulatoryOperators
SHALL;3460;RegulatoryOperators
WAIVE;10;RegulatoryOperators
WELL;2;Attributes
BANK;146;EconomicOperands
COPY;41;EconomicOperands
COST;54;EconomicOperands
DATE;655;EconomicOperands
DEBT;92;EconomicOperands
DUTY;52;EconomicOperands
FIND;2;EconomicOperands
FIRM;56;EconomicOperands
FORM;122;EconomicOperands
FULL;28;EconomicOperands
FUND;234;EconomicOperands
HELD;83;EconomicOperands
HOME;92;EconomicOperands
KEEP;8;EconomicOperands
KEPT;6;EconomicOperands
LAWS;83;EconomicOperands
LOAN;287;EconomicOperands
LOSS;54;EconomicOperands
MAIN;1;EconomicOperands
MEET;66;EconomicOperands
NAME;18;EconomicOperands
NOTE;14;EconomicOperands
OATH;7;EconomicOperands
OWNS;7;EconomicOperands
PLAN;152;EconomicOperands
POSE;23;EconomicOperands
RELY;9;EconomicOperands
RISK;116;EconomicOperands
ROLE;8;EconomicOperands
RULE;413;EconomicOperands
SAFE;21;EconomicOperands
SALE;174;EconomicOperands
SEEK;19;EconomicOperands
SELL;20;EconomicOperands
SIZE;48;EconomicOperands
SOLD;19;EconomicOperands
SWAP;293;EconomicOperands
TIME;237;EconomicOperands
TYPE;68;EconomicOperands
UPON;222;EconomicOperands
USED;152;EconomicOperands
VOTE;55;EconomicOperands
YEAR;216;EconomicOperands
BEEN;187;FunctionWords
FROM;688;FunctionWords
GIVE;19;FunctionWords
HAVE;430;FunctionWords
INTO;238;FunctionWords
MADE;354;FunctionWords
MAKE;201;FunctionWords
NEAR;1;FunctionWords
PART;73;FunctionWords
SAME;184;FunctionWords
SUCH;2769;FunctionWords
TAKE;119;FunctionWords
THAN;245;FunctionWords
THAT;2559;FunctionWords
THIS;143;FunctionWords
WERE;78;FunctionWords
WILL;130;FunctionWords
WITH;1204;FunctionWords
1462;1;LegalReferences
6G1A;0;LegalReferences
VIII;25;LegalReferences
EACH;677;LogicalConnectors
WHEN;79;LogicalConnectors
ALSO;46;LogicalConnectors
MORE;155;LogicalConnectors
ONLY;105;LogicalConnectors
LESS;19;MathematicalOperators
MEAN;9;Other
READ;29;Other
RISE;9;Other
SETS;13;Other
TERM;721;Other
DEEM;10;RegulatoryOperators
2/3;21;Attributes
DUE;27;Attributes
FEE;69;EconomicOperands
IFI;20;EconomicOperands
LAW;424;EconomicOperands
MIX;5;EconomicOperands
NEW;162;EconomicOperands
OUT;66;EconomicOperands
PAY;113;EconomicOperands
SEC;466;EconomicOperands
TAX;33;EconomicOperands
USE;221;EconomicOperands
ARE;709;FunctionWords
FOR;3012;FunctionWords
HAD;33;FunctionWords
HAS;462;FunctionWords
ITS;330;FunctionWords
MAY;1369;FunctionWords
ONE;58;FunctionWords
THE;24302;FunctionWords
WAS;175;FunctionWords
WHO;287;FunctionWords
10A;1;LegalReferences
13A;2;LegalReferences
214;1;LegalReferences
601;1;LegalReferences
602;0;LegalReferences
603;0;LegalReferences
604;0;LegalReferences
605;0;LegalReferences
607;0;LegalReferences
609;0;LegalReferences
611;2;LegalReferences
619;0;LegalReferences
621;1;LegalReferences
623;0;LegalReferences
624;0;LegalReferences
626;0;LegalReferences
78C;10;LegalReferences
ACT;169;LegalReferences
III;439;LegalReferences
SEQ;3;LegalReferences
VII;42;LegalReferences
ALL;453;LogicalConnectors
ANY;3862;LogicalConnectors
AND;8875;LogicalConnectors
BUT;106;LogicalConnectors
NON;40;LogicalConnectors
NOT;1077;LogicalConnectors
END;418;Other
10;47;Attributes
12;64;Attributes
15;73;Attributes
20;21;Attributes
25;19;Attributes
35;17;Attributes
62;9;Attributes
EC;136;EconomicOperands
IT;168;EconomicOperands
US;113;EconomicOperands
VI;63;EconomicOperands
AN;1561;FunctionWords
AT;719;FunctionWords
BE;2079;FunctionWords
BY;4715;FunctionWords
DO;41;FunctionWords
IN;5599;FunctionWords
IS;1908;FunctionWords
OF;13894;FunctionWords
ON;1630;FunctionWords
TO;6383;FunctionWords
11;71;LegalReferences
13;25;LegalReferences
14;64;LegalReferences
16;26;LegalReferences
17;24;LegalReferences
18;19;LegalReferences
1B;10;LegalReferences
27;13;LegalReferences
38;5;LegalReferences
4A;8;LegalReferences
AA;68;LegalReferences
B9;1;LegalReferences
BB;50;LegalReferences
C1;2;LegalReferences
CC;37;LegalReferences
D1;2;LegalReferences
F1;4;LegalReferences
G1;2;LegalReferences
II;1039;LegalReferences
IV;221;LegalReferences
NO;306;LogicalConnectors
AS;2509;LogicalConnectors
IF;549;LogicalConnectors
OR;8448;LogicalConnectors
SO;83;LogicalConnectors
1;1253;Attributes
2;1061;Attributes
3;629;Attributes
4;408;Attributes
5;312;Attributes
6;218;Attributes
7;273;Attributes
8;162;Attributes
A;7757;FunctionWords
I;1185;FunctionWords
B;1621;LegalReferences
C;1072;LegalReferences
D;719;LegalReferences
E;677;LegalReferences
F;253;LegalReferences
H;175;LegalReferences
J;56;LegalReferences
M;78;LegalReferences
R;167;LegalReferences
T;135;LegalReferences
U;88;LegalReferences
V;150;LegalReferences
Y;30;LegalReferences
Z;15;LegalReferences
