HOUSING ENTERPRISES FINANCIAL SAFETY AND SOUNDNESS ACT OF 1992 12 USC 4501 ET SEQ;0;LegalReferences
THRIFT DEPOSITOR PROTECTION OVERSIGHT BOARD OF THE RESOLUTION TRUST CORPORATION;0;EconomicOperands
THE DEPOSITORY INSTITUTION MANAGEMENT INTERLOCKS ACT 12 USC 3201 ET SEQ;0;LegalReferences
THE ENHANCING FINANCIAL INSTITUTION SAFETY AND SOUNDNESS ACT OF 2010;1;LegalReferences
FINANCIAL INSTITUTIONS REFORM RECOVERY AND ENFORCEMENT ACT OF 1989;7;LegalReferences
HOUSING ENTERPRISES FINANCIAL SAFETY AND SOUNDNESS ACT OF 1992;2;LegalReferences
THE NEIGHBORHOOD REINVESTMENT CORPORATION ACT 42 USC 8105C3;0;LegalReferences
DODD-FRANK WALL STREET REFORM AND CONSUMER PROTECTION ACT;24;LegalReferences
THE COMMUNITY REINVESTMENT ACT OF 1977 12 USC 2901 ET SEQ;0;LegalReferences
THE BANK HOLDING COMPANY ACT OF 1956 12 USC 1841 ET SEQ;8;LegalReferences
THE FLOOD DISASTER PROTECTION ACT OF 1973 42 USC 4003A5;0;LegalReferences
ADMINISTRATIVE SERVICES ACT OF 1949 41 USC 251 ET SEQ;0;LegalReferences
THE SECURITIES EXCHANGE ACT OF 1934 15 USC 78A ET SEQ;27;LegalReferences
THE FEDERAL DEPOSIT INSURANCE ACT 12 USC 1811 ET SEQ;4;LegalReferences
THE BANK PROTECTION ACT OF 1968 12 USC 1881 ET SEQ;0;LegalReferences
THE FINANCIAL INSTITUTIONS SUPERVISORY ACT OF 1966;0;LegalReferences
THE BANK SERVICE COMPANY ACT 12 USC 1861 ET SEQ;1;LegalReferences
THE FEDERAL CREDIT UNION ACT 12 USC 1751 ET SEQ;3;LegalReferences
THE FEDERAL DEPOSIT INSURANCE ACT 12 USC 1813B2;0;LegalReferences
THE FEDERAL DEPOSIT INSURANCE ACT 12 USC 1813B3;0;LegalReferences
THE FEDERAL DEPOSIT INSURANCE ACT 12 USC 1813Q1;1;LegalReferences
THE FEDERAL DEPOSIT INSURANCE ACT 12 USC 1817B1;0;LegalReferences
THE FEDERAL DEPOSIT INSURANCE ACT 12 USC 1817B2;0;LegalReferences
THE FEDERAL DEPOSIT INSURANCE ACT 12 USC 1821A1;0;LegalReferences
COMMITTEE ON BANKING HOUSING AND URBAN AFFAIRS;93;EconomicOperands
FEDERAL SAVINGS AND LOAN INSURANCE CORPORATION;0;EconomicOperands
THE FEDERAL DEPOSIT INSURANCE ACT 12 USC 1812;0;LegalReferences
THE FEDERAL DEPOSIT INSURANCE ACT 12 USC 1813;20;LegalReferences
COMMITTEE ON FINANCIAL SERVICES OF THE HOUSE;81;EconomicOperands
HOUSING AND URBAN-RURAL RECOVERY ACT OF 1983;0;LegalReferences
THE BANK ENTERPRISE ACT OF 1991 12 USC 1834A;0;LegalReferences
THE HOME OWNERS LOAN ACT 12 USC 1461 ET SEQ;3;LegalReferences
THE FEDERAL CREDIT UNION ACT 12 USC 1787K1;0;LegalReferences
THE FEDERAL CREDIT UNION ACT 12 USC 1787K5;0;LegalReferences
OFFICE OF THE COMPTROLLER OF THE CURRENCY;26;EconomicOperands
CHAPTER 89A OF TITLE 5 UNITED STATES CODE;1;LegalReferences
NEIGHBORHOOD REINVESTMENT CORPORATION ACT;0;LegalReferences
THE FEDERAL RESERVE ACT 12 USC 221 ET SEQ;0;LegalReferences
CHAPTER 71 OF TITLE 5 UNITED STATES CODE;3;LegalReferences
NONINTEREST-BEARING TRANSACTION ACCOUNT;0;EconomicOperands
DEFICIT CONTROL ACT OF 1985 2 USC 906H;0;LegalReferences
FEDERAL DEPOSIT INSURANCE CORPORATION;69;EconomicOperands
FLOOD DISASTER PROTECTION ACT OF 1973;0;LegalReferences
REVISED STATUTES OF THE UNITED STATES;10;LegalReferences
THE HOUSING ACT OF 1948 12 USC 1701CC;0;LegalReferences
THE INTERNATIONAL BANKING ACT OF 1978;2;LegalReferences
CONSUMER FINANCIAL PROTECTION BUREAU;2;EconomicOperands
NATIONAL CREDIT UNION ADMINISTRATION;43;EconomicOperands
THE HOME OWNERS LOAN ACT 12 USC 1468;1;LegalReferences
APPROPRIATE FEDERAL BANKING AGENCY;104;EconomicOperands
SECURITIES AND EXCHANGE COMMISSION;160;EconomicOperands
COMMUNITY REINVESTMENT ACT OF 1977;0;LegalReferences
THE FEDERAL RESERVE ACT 12 USC 248;5;LegalReferences
COMMUNITY DEVELOPMENT ACT OF 1992;0;LegalReferences
THE FEDERAL DEPOSIT INSURANCE ACT;48;LegalReferences
SAVINGS AND LOAN HOLDING COMPANY;35;EconomicOperands
SECURITIES EXCHANGE ACT OF 1934;15;EconomicOperands
EMERGENCY HOMEOWNERS RELIEF ACT;0;LegalReferences
PUBLIC LAW 101647 104 STAT 4890;0;LegalReferences
PUBLIC LAW 102550 106 STAT 3798;0;LegalReferences
INSURED DEPOSITORY INSTITUTION;163;EconomicOperands
THE FEDERAL HOME LOAN BANK ACT;0;LegalReferences
FEDERAL DEPOSIT INSURANCE ACT;5;LegalReferences
PUBLIC LAW 10173 103 STAT 440;0;LegalReferences
THE CRIME CONTROL ACT OF 1990;0;LegalReferences
OFFICE OF THRIFT SUPERVISION;38;EconomicOperands
THE BANK HOLDING COMPANY ACT;3;LegalReferences
COMPTROLLER OF THE CURRENCY;53;EconomicOperands
FEDERAL SAVINGS ASSOCIATION;28;EconomicOperands
HISTORICALLY BLACK COLLEGES;0;EconomicOperands
BANK ENTERPRISE ACT OF 1991;0;LegalReferences
BANK PROTECTION ACT OF 1968;0;LegalReferences
CODE OF FEDERAL REGULATIONS;12;LegalReferences
DEFICIT CONTROL ACT OF 1985;0;LegalReferences
HOLDING COMPANY ACT OF 1956;1;LegalReferences
SECTION 206G7 12 USC 1786G7;0;LegalReferences
DEPARTMENT OF THE TREASURY;17;EconomicOperands
SECTION 1103A 12 USC 3332A;0;LegalReferences
SECTION 1315B 12 USC 4515B;0;LegalReferences
SECTION 1317C 12 USC 4517C;0;LegalReferences
SECRETARY OF THE TREASURY;39;EconomicOperands
STATE SAVINGS ASSOCIATION;17;EconomicOperands
CRIME CONTROL ACT OF 1990;0;LegalReferences
MANAGEMENT INTERLOCKS ACT;0;LegalReferences
SECTION 11A2 12 USC 248A2;0;LegalReferences
SECTION 1206 12 USC 1833B;0;LegalReferences
SECTION 1216 12 USC 1833E;0;LegalReferences
SECTION 1B4 12 USC 1861B4;0;LegalReferences
SECTION 210A 12 USC 3208A;0;LegalReferences
SECTION 23B1 15 USC 78WB1;0;LegalReferences
SECTION 2J3 12 USC 1841J3;0;LegalReferences
SECTION 33E 12 USC 1831JE;0;LegalReferences
SECTION 7C2 12 USC 1867C2;0;LegalReferences
SUBPARAGRAPHS A THROUGH C;2;LegalReferences
SUBPARAGRAPHS A THROUGH G;1;LegalReferences
SUBPARAGRAPHS A THROUGH J;0;LegalReferences
SUBPARAGRAPHS B THROUGH D;0;LegalReferences
SUBPARAGRAPHS B THROUGH E;2;LegalReferences
SUBPARAGRAPHS C D E AND F;0;LegalReferences
SUBPARAGRAPHS C THROUGH F;0;LegalReferences
SUBPARAGRAPHS C THROUGH G;0;LegalReferences
SUBPARAGRAPHS D E F AND H;0;LegalReferences
SUBPARAGRAPHS D THROUGH F;1;LegalReferences
SUBPARAGRAPHS D THROUGH G;0;LegalReferences
SUBPARAGRAPHS D THROUGH H;0;LegalReferences
SUBPARAGRAPHS E THROUGH H;0;LegalReferences
CAREER RESERVED POSITION;1;EconomicOperands
DESIGNATED TRANSFER DATE;97;EconomicOperands
EXISTING RETIREMENT PLAN;12;EconomicOperands
FEDERAL BANKING AGENCIES;62;EconomicOperands
FEDERAL CREDIT UNION ACT;1;EconomicOperands
SENIOR EXECUTIVE SERVICE;5;EconomicOperands
SECTION 19E 12 USC 1829E;0;LegalReferences
SECTION 8336D2 OR 8414B1;1;LegalReferences
SECTIONS 301 THROUGH 326;0;LegalReferences
THE HOME OWNERS LOAN ACT;11;LegalReferences
THE NATIONAL HOUSING ACT;4;LegalReferences
DEPOSITORY INSTITUTIONS;22;EconomicOperands
MINORITY-OWNED BUSINESS;2;EconomicOperands
SECTION 10 12 USC 1467A;1;LegalReferences
SECTION 12 12 USC 1468A;0;LegalReferences
SECTION 12I 15 USC 78LI;0;LegalReferences
SECTION 13 12 USC 1468A;0;LegalReferences
SECTION 19B 12 USC 461B;0;LegalReferences
SECTION 205 12 USC 1785;0;LegalReferences
SECTION 207 12 USC 3206;0;LegalReferences
SECTION 209 12 USC 3207;0;LegalReferences
SECTION 28 12 USC 1831E;0;LegalReferences
SECTION 5F 12 USC 1844F;0;LegalReferences
SECTION 803 12 USC 2902;0;LegalReferences
SECTION 806 12 USC 2905;0;LegalReferences
SUBPARAGRAPHS A B AND D;1;LegalReferences
SUBSECTIONS M N O AND P;0;LegalReferences
THE FEDERAL RESERVE ACT;27;LegalReferences
BANK HOLDING COMPANIES;51;EconomicOperands
DEPOSITORY INSTITUTION;76;EconomicOperands
FEDERAL BANKING AGENCY;18;EconomicOperands
FINANCIAL INSTITUTIONS;89;EconomicOperands
CHAPTER 89B OF TITLE 5;1;LegalReferences
PARAGRAPHS 1 THROUGH 4;7;LegalReferences
PARAGRAPHS 2 THROUGH 7;1;LegalReferences
PARAGRAPHS 4 THROUGH 9;0;LegalReferences
SECTION 10 12 USC 1820;0;LegalReferences
SECTION 11 12 USC 1468;0;LegalReferences
SECTION 11 12 USC 1821;0;LegalReferences
SECTION 18 12 USC 1828;0;LegalReferences
SECTION 3 12 USC 1462A;0;LegalReferences
SECTION 8 12 USC 1466A;0;LegalReferences
TO THE MAXIMUM EXTENT;7;Attributes
FEDERAL RESERVE BOARD;0;EconomicOperands
FINANCING CORPORATION;0;EconomicOperands
CHAPTER 87 OF TITLE 5;2;LegalReferences
CHAPTER 90 OF TITLE 5;1;LegalReferences
CLAUSES I THROUGH III;7;LegalReferences
CLAUSES I THROUGH VII;0;LegalReferences
CLAUSES II III AND IV;0;LegalReferences
SECTION 1 12 USC 1461;0;LegalReferences
SECTION 2 12 USC 1462;0;LegalReferences
SECTION 2 12 USC 1881;0;LegalReferences
SECTION 3 12 USC 1813;0;LegalReferences
SECTION 3 12 USC 1882;0;LegalReferences
SECTION 4 12 USC 1463;0;LegalReferences
SECTION 4 12 USC 1843;0;LegalReferences
SECTION 5 12 USC 1464;0;LegalReferences
SECTION 5 12 USC 1884;0;LegalReferences
SECTION 7 12 USC 1817;0;LegalReferences
SECTION 8 12 USC 1818;0;LegalReferences
SECTION 9 12 USC 1467;0;LegalReferences
SUBPARAGRAPHS A AND B;26;LegalReferences
SUBPARAGRAPHS B AND C;7;LegalReferences
SUBPARAGRAPHS C AND D;1;LegalReferences
SUBPARAGRAPHS C AND G;0;LegalReferences
SUBPARAGRAPHS D AND E;0;LegalReferences
SUBPARAGRAPHS G AND H;0;LegalReferences
AGENCY ADMINISTRATOR;0;EconomicOperands
BANK HOLDING COMPANY;117;EconomicOperands
DISTRICT OF COLUMBIA;13;EconomicOperands
FINDINGS CONCLUSIONS;5;EconomicOperands
INSURED CREDIT UNION;31;EconomicOperands
TRANSFERRED EMPLOYEE;14;EconomicOperands
WOMEN-OWNED BUSINESS;2;EconomicOperands
CLAUSES I THROUGH IV;2;LegalReferences
CLAUSES III IV AND V;0;LegalReferences
HOME OWNERS LOAN ACT;3;LegalReferences
NATIONAL HOUSING ACT;0;LegalReferences
RULE OF CONSTRUCTION;61;Other
BUSINESS ACTIVITIES;2;EconomicOperands
CONSUMER PROTECTION;17;EconomicOperands
DEPARTMENT OF LABOR;2;EconomicOperands
SAVINGS ASSOCIATION;40;EconomicOperands
FEDERAL RESERVE ACT;6;LegalReferences
HOUSING ACT OF 1948;0;LegalReferences
PART 875 OF TITLE 5;1;LegalReferences
SERVICE COMPANY ACT;0;LegalReferences
SUBSECTIONS A AND B;23;LegalReferences
SUBSECTIONS E AND F;3;LegalReferences
UNDESIGNATED MATTER;6;Other
BOARD OF GOVERNORS;466;EconomicOperands
FINANCIAL LITERACY;22;EconomicOperands
FINANCIAL SERVICES;16;EconomicOperands
MAGAZINES ORIENTED;0;EconomicOperands
POLICY-DETERMINING;3;EconomicOperands
REVENUES GENERATED;2;EconomicOperands
SUPERVISORY AGENCY;48;EconomicOperands
TOTAL CONSOLIDATED;27;EconomicOperands
IN CONNECTION WITH;175;FunctionWords
CLAUSES II AND III;2;LegalReferences
PARAGRAPHS 1 AND 2;26;LegalReferences
PARAGRAPHS 1 AND 3;3;LegalReferences
PARAGRAPHS 2 AND 3;10;LegalReferences
PARAGRAPHS 3 AND 4;1;LegalReferences
PARAGRAPHS 4 AND 5;0;LegalReferences
PARAGRAPHS 5 AND 6;4;LegalReferences
UNITED STATES CODE;148;LegalReferences
AS THE CASE MAY BE;6;LogicalConnectors
FOR THE PURPOSE OF;77;LogicalConnectors
IN ACCORDANCE WITH;241;LogicalConnectors
SEPTEMBER 30 2020;0;Attributes
AFFECTED EMPLOYEE;2;EconomicOperands
DEPOSIT INSURANCE;26;EconomicOperands
EXECUTIVE OFFICER;9;EconomicOperands
HOLDING COMPANIES;43;EconomicOperands
POLICY-ADVOCATING;3;EconomicOperands
STATE MEMBER BANK;1;EconomicOperands
IN THE CONTEXT OF;4;FunctionWords
TABLE OF CONTENTS;3;FunctionWords
12 USC 1467A NOTE;0;LegalReferences
ATTORNEY GENERAL;44;EconomicOperands
BECOME EFFECTIVE;29;EconomicOperands
PERIOD BEGINNING;83;EconomicOperands
REGULATION AFTER;0;EconomicOperands
RESPONSIBILITIES;43;EconomicOperands
SERVICE PROVIDER;61;EconomicOperands
12 USC 1437 NOTE;0;LegalReferences
12 USC 1463 NOTE;0;LegalReferences
12 USC 1464 NOTE;0;LegalReferences
12 USC 1811 NOTE;1;LegalReferences
12 USC 1812 NOTE;0;LegalReferences
12 USC 1818 NOTE;0;LegalReferences
PUBLIC LAW 93100;0;LegalReferences
REVISED STATUTES;1;LegalReferences
ASSESSMENT BASE;1;EconomicOperands
FEDERAL RESERVE;156;EconomicOperands
INSTRUMENTALITY;22;EconomicOperands
INTERPRETATIONS;10;EconomicOperands
INVESTMENT BANK;4;EconomicOperands
REGULATIONS FOR;2;EconomicOperands
REPRESENTATIVES;114;EconomicOperands
RESPONSIBLE FOR;40;EconomicOperands
STATE-CHARTERED;9;EconomicOperands
WOMENS BUSINESS;0;EconomicOperands
ASSOCIATED WITH;114;FunctionWords
12 USC 1441AR4A;0;LegalReferences
12 USC 1441AR4B;0;LegalReferences
28 USC 509 NOTE;0;LegalReferences
SECTION 8706B1A;1;LegalReferences
THIS SUBSECTION;406;LegalReferences
NOTWITHSTANDING;171;LogicalConnectors
WITH RESPECT TO;657;LogicalConnectors
SUBSTITUTED FOR;6;Other
RECOMMENDATIONS;142;RegulatoryOperators
JANUARY 1 2008;0;Attributes
JANUARY 1 2013;2;Attributes
OCTOBER 3 2008;0;Attributes
WHERE FEASIBLE;4;Attributes
ADMINISTRATION;35;EconomicOperands
ADMINISTRATIVE;77;EconomicOperands
ADVERTISEMENTS;3;EconomicOperands
BANKING SYSTEM;6;EconomicOperands
CARE INSURANCE;6;EconomicOperands
COMMUNICATIONS;6;EconomicOperands
CORRESPONDENCE;4;EconomicOperands
EFFECTIVE DATE;95;EconomicOperands
FAIR TREATMENT;0;EconomicOperands
FEDERAL AGENCY;55;EconomicOperands
IDENTIFICATION;27;EconomicOperands
IMPLEMENTATION;41;EconomicOperands
INSURED BRANCH;1;EconomicOperands
MINORITY-OWNED;7;EconomicOperands
RECOMMENDATION;64;EconomicOperands
REORGANIZATION;10;EconomicOperands
SUBCONTRACTORS;0;EconomicOperands
TALENTED YOUNG;0;EconomicOperands
SECTION 21AR4A;0;LegalReferences
SECTION 21AR4B;0;LegalReferences
SECTION 2539C2;0;LegalReferences
SECTION 2554B2;0;LegalReferences
SECTION 312B1A;0;LegalReferences
SECTION 312B2B;0;LegalReferences
SECTION 312B2C;0;LegalReferences
SECTION 7B3EII;0;LegalReferences
SECTIONS 8706B;1;LegalReferences
SUBPARAGRAPH A;366;LegalReferences
SUBPARAGRAPH B;147;LegalReferences
SUBPARAGRAPH C;56;LegalReferences
SUBPARAGRAPH D;35;LegalReferences
SUBPARAGRAPH E;7;LegalReferences
SUBPARAGRAPH F;4;LegalReferences
SUBPARAGRAPH G;6;LegalReferences
SUBPARAGRAPH H;4;LegalReferences
SUBSECTION B1C;1;LegalReferences
SUBSECTION C1A;4;LegalReferences
THIS PARAGRAPH;193;LegalReferences
IN ADDITION TO;34;LogicalConnectors
IN THE CASE OF;116;LogicalConnectors
NOT LATER THAN;281;LogicalConnectors
CLAUSE HEADING;1;Other
DETERMINATIONS;37;Other
PRIOR APPROVAL;10;RegulatoryOperators
ADMINISTERING;13;EconomicOperands
APPORTIONMENT;7;EconomicOperands
BANKERS BANKS;0;EconomicOperands
CERTIFICATION;73;EconomicOperands
CONSIDERATION;67;EconomicOperands
CONTRIBUTIONS;6;EconomicOperands
CREDIT UNIONS;10;EconomicOperands
DEMONSTRATING;0;EconomicOperands
DETERMINATION;268;EconomicOperands
DISADVANTAGED;0;EconomicOperands
INCORPORATION;2;EconomicOperands
INVOLUNTARILY;4;EconomicOperands
LAST SENTENCE;3;EconomicOperands
NATIONAL BANK;60;EconomicOperands
OPPORTUNITIES;9;EconomicOperands
ORGANIZATIONS;35;EconomicOperands
PARTICIPATION;33;EconomicOperands
POLICY-MAKING;3;EconomicOperands
REGULATION OF;65;EconomicOperands
REIMBURSEMENT;14;EconomicOperands
RESERVE RATIO;0;EconomicOperands
SUBCONTRACTOR;0;EconomicOperands
THIRD PARTIES;10;EconomicOperands
TRANSFER DATE;22;EconomicOperands
UNITED STATES;406;EconomicOperands
APPLICABILITY;28;FunctionWords
APPLICABLE TO;95;FunctionWords
12 USC 1701P1;0;LegalReferences
LOAN BANK ACT;0;LegalReferences
PARAGRAPH 12A;1;LegalReferences
PARAGRAPH 12B;1;LegalReferences
PARAGRAPH 17A;1;LegalReferences
PARAGRAPH 18B;0;LegalReferences
PARAGRAPH 2AI;2;LegalReferences
SECTION 106B1;0;LegalReferences
SECTION 11A1E;0;LegalReferences
SECTION 1204C;1;LegalReferences
SECTION 1205B;0;LegalReferences
SECTION 13K1A;0;LegalReferences
SECTION 207K1;0;LegalReferences
SECTION 207K5;0;LegalReferences
SECTION 212C2;2;LegalReferences
SECTION 232A3;0;LegalReferences
SECTION 606C3;0;LegalReferences
SECTION 981A1;0;LegalReferences
SECTION 982A3;0;LegalReferences
SECTIONS 312B;0;LegalReferences
SUBSECTION A1;47;LegalReferences
SUBSECTION A2;25;LegalReferences
SUBSECTION A6;2;LegalReferences
SUBSECTION A8;3;LegalReferences
SUBSECTION B2;32;LegalReferences
SUBSECTION B3;7;LegalReferences
SUBSECTION B4;6;LegalReferences
SUBSECTION B9;0;LegalReferences
SUBSECTION C1;7;LegalReferences
SUBSECTION C2;7;LegalReferences
SUBSECTION D2;3;LegalReferences
SUBSECTION D5;2;LegalReferences
SUBSECTION E2;6;LegalReferences
SUBSECTION E5;0;LegalReferences
SUBSECTION E7;0;LegalReferences
SUBSECTION F2;3;LegalReferences
SUBSECTION G1;4;LegalReferences
SUBSECTION G5;0;LegalReferences
SUBSECTION H2;4;LegalReferences
SUBSECTION I1;0;LegalReferences
SUBSECTION I2;0;LegalReferences
SUBSECTION K5;0;LegalReferences
SUBSECTION L5;0;LegalReferences
SUBSECTION R3;0;LegalReferences
SUBSECTION W1;0;LegalReferences
SUBSECTION W3;0;LegalReferences
THIS SUBTITLE;117;LegalReferences
REGARDLESS OF;21;LogicalConnectors
TO THE EXTENT;157;LogicalConnectors
TOGETHER WITH;27;LogicalConnectors
REDESIGNATING;78;Other
ESTABLISHMENT;63;RegulatoryOperators
SUFFICIENTLY;7;Attributes
UNACCEPTABLE;9;Attributes
ADMINISTERED;13;EconomicOperands
APPROPRIATED;30;EconomicOperands
ARRANGEMENTS;25;EconomicOperands
BANKERS BANK;0;EconomicOperands
COMMENCEMENT;10;EconomicOperands
COMPENSATION;147;EconomicOperands
CONFIDENTIAL;39;EconomicOperands
CONSOLIDATED;22;EconomicOperands
CONSULTATION;148;EconomicOperands
CONTINUATION;11;EconomicOperands
CONTRIBUTION;17;EconomicOperands
COORDINATING;2;EconomicOperands
DEPARTMENTAL;0;EconomicOperands
DISADVANTAGE;2;EconomicOperands
DISTINCTIONS;0;EconomicOperands
DISTRIBUTION;14;EconomicOperands
EXAMINATIONS;78;EconomicOperands
FOREIGN BANK;34;EconomicOperands
FUNCTIONS OF;50;EconomicOperands
HIGH SCHOOLS;0;EconomicOperands
INSTITUTIONS;68;EconomicOperands
INSURABILITY;2;EconomicOperands
INSURED BANK;5;EconomicOperands
JURISDICTION;151;EconomicOperands
PRESERVATION;14;EconomicOperands
REASSIGNMENT;1;EconomicOperands
REQUIREMENTS;487;EconomicOperands
SHAREHOLDERS;29;EconomicOperands
TRANSACTIONS;207;EconomicOperands
TRANSFERABLE;0;EconomicOperands
UNDERWRITERS;4;EconomicOperands
UNDERWRITING;23;EconomicOperands
UNIVERSITIES;0;EconomicOperands
TRANSITIONAL;1;FunctionWords
12 USC 17578;0;LegalReferences
PARAGRAPH 12;6;LegalReferences
PARAGRAPH 16;0;LegalReferences
PARAGRAPH 18;1;LegalReferences
PARAGRAPH 1A;35;LegalReferences
PARAGRAPH 1C;6;LegalReferences
PARAGRAPH 2A;19;LegalReferences
PARAGRAPH 2B;19;LegalReferences
PARAGRAPH 3A;12;LegalReferences
PARAGRAPH 3B;9;LegalReferences
PARAGRAPH 4A;4;LegalReferences
PARAGRAPH 4B;9;LegalReferences
PARAGRAPH 5A;1;LegalReferences
SECTION 1006;0;LegalReferences
SECTION 1014;0;LegalReferences
SECTION 1032;2;LegalReferences
SECTION 1062;4;LegalReferences
SECTION 1064;0;LegalReferences
SECTION 11A1;0;LegalReferences
SECTION 202F;0;LegalReferences
SECTION 232A;0;LegalReferences
SECTION 256H;0;LegalReferences
SECTION 312B;0;LegalReferences
SECTION 3132;1;LegalReferences
SECTION 321A;1;LegalReferences
SECTION 3502;0;LegalReferences
SECTION 3503;2;LegalReferences
SECTION 364A;0;LegalReferences
SECTION 3A34;0;LegalReferences
SECTION 502C;0;LegalReferences
SECTION 5136;4;LegalReferences
SECTION 5234;0;LegalReferences
SECTION 5240;0;LegalReferences
SECTION 714A;0;LegalReferences
SECTION 744Q;0;LegalReferences
SECTION 7A2B;0;LegalReferences
SECTION 7B1E;0;LegalReferences
SECTION 7B2C;0;LegalReferences
SECTION 7B3B;0;LegalReferences
SECTION 8714;1;LegalReferences
SECTION 8901;0;LegalReferences
SECTION 8909;1;LegalReferences
SUBCLAUSE II;13;LegalReferences
SUBSECTION A;265;LegalReferences
SUBSECTION B;167;LegalReferences
SUBSECTION C;58;LegalReferences
SUBSECTION D;39;LegalReferences
SUBSECTION E;34;LegalReferences
SUBSECTION F;21;LegalReferences
SUBSECTION G;15;LegalReferences
SUBSECTION H;14;LegalReferences
SUBSECTION I;9;LegalReferences
SUBSECTION J;7;LegalReferences
SUBSECTION K;7;LegalReferences
SUBSECTION L;3;LegalReferences
SUBSECTION M;3;LegalReferences
SUBSECTION N;0;LegalReferences
SUBSECTION O;4;LegalReferences
SUBSECTION P;1;LegalReferences
SUBSECTION Q;1;LegalReferences
SUBSECTION R;2;LegalReferences
SUBSECTION S;2;LegalReferences
SUBSECTION T;1;LegalReferences
SUBSECTION U;1;LegalReferences
SUBSECTION V;1;LegalReferences
SUBSECTION Z;0;LegalReferences
THIS SECTION;742;LegalReferences
IN THE PLACE;2;LogicalConnectors
RESPECTIVELY;57;LogicalConnectors
SPECIFICALLY;36;LogicalConnectors
DIFFERENTIAL;3;MathematicalOperators
PROMULGATION;2;Other
REDESIGNATED;60;Other
SUBPARAGRAPH;84;Other
UNDESIGNATED;13;Other
ESTABLISHING;57;RegulatoryOperators
IMPLEMENTING;35;RegulatoryOperators
10000000000;17;Attributes
135 PERCENT;0;Attributes
50000000000;17;Attributes
APPROPRIATE;526;Attributes
DECEMBER 31;8;Attributes
ENFORCEABLE;35;Attributes
IMMEDIATELY;32;Attributes
ACCOUNTANTS;4;EconomicOperands
ACQUISITION;33;EconomicOperands
AFFIRMATIVE;5;EconomicOperands
APPLICATION;108;EconomicOperands
APPOINTMENT;91;EconomicOperands
ARRANGEMENT;21;EconomicOperands
ASSESSMENTS;47;EconomicOperands
ASSIGNMENTS;5;EconomicOperands
ASSOCIATION;66;EconomicOperands
AUTHORITIES;98;EconomicOperands
CALCULATION;9;EconomicOperands
CARRIES OUT;3;EconomicOperands
CHAIRPERSON;42;EconomicOperands
COMMUNITIES;13;EconomicOperands
COMPETITION;9;EconomicOperands
COMPETITIVE;24;EconomicOperands
COMPTROLLER;8;EconomicOperands
CONSERVATOR;5;EconomicOperands
CONSULTANTS;11;EconomicOperands
CONTRACTING;3;EconomicOperands
CONTRACTORS;3;EconomicOperands
CORPORATION;615;EconomicOperands
DECLARATION;4;EconomicOperands
DEFINITIONS;114;EconomicOperands
DESCRIPTION;64;EconomicOperands
DESIGNATION;40;EconomicOperands
DISPOSITION;22;EconomicOperands
ELIGIBILITY;11;EconomicOperands
ELIMINATION;4;EconomicOperands
ENFORCEMENT;285;EconomicOperands
EXAMINATION;129;EconomicOperands
EXPLANATION;36;EconomicOperands
FUNCTION OF;15;EconomicOperands
INFORMATION;727;EconomicOperands
INSTITUTION;64;EconomicOperands
INSTRUMENTS;39;EconomicOperands
INTERNSHIPS;0;EconomicOperands
INVESTMENTS;42;EconomicOperands
LEGISLATIVE;20;EconomicOperands
OBLIGATIONS;145;EconomicOperands
OPPORTUNITY;52;EconomicOperands
PARTICIPATE;20;EconomicOperands
PERFORMANCE;41;EconomicOperands
POPULATIONS;1;EconomicOperands
PRACTICABLE;32;EconomicOperands
PREFERENCES;2;EconomicOperands
PROCEEDINGS;59;EconomicOperands
PROCUREMENT;1;EconomicOperands
PROCYCLICAL;0;EconomicOperands
PUBLICATION;45;EconomicOperands
REGULATIONS;403;EconomicOperands
REQUIREMENT;125;EconomicOperands
RESOLUTIONS;7;EconomicOperands
SUPERVISION;87;EconomicOperands
SUPERVISORY;74;EconomicOperands
TERMINATION;36;EconomicOperands
TRANSACTION;422;EconomicOperands
TRANSFERRED;141;EconomicOperands
TRANSITIONS;1;EconomicOperands
UTILIZATION;4;EconomicOperands
WITHDRAWALS;0;EconomicOperands
PURSUANT TO;421;FunctionWords
REFERRED TO;117;FunctionWords
RELATING TO;240;FunctionWords
12 USC 2709;1;LegalReferences
PARAGRAPH 1;381;LegalReferences
PARAGRAPH 2;180;LegalReferences
PARAGRAPH 3;79;LegalReferences
PARAGRAPH 4;66;LegalReferences
PARAGRAPH 5;20;LegalReferences
PARAGRAPH 6;16;LegalReferences
PARAGRAPH 7;11;LegalReferences
PARAGRAPH 8;13;LegalReferences
PARAGRAPH 9;6;LegalReferences
SECTION 107;1;LegalReferences
SECTION 10E;0;LegalReferences
SECTION 110;1;LegalReferences
SECTION 113;15;LegalReferences
SECTION 15C;0;LegalReferences
SECTION 18C;2;LegalReferences
SECTION 1B5;0;LegalReferences
SECTION 203;8;LegalReferences
SECTION 21A;3;LegalReferences
SECTION 302;0;LegalReferences
SECTION 305;0;LegalReferences
SECTION 308;3;LegalReferences
SECTION 311;2;LegalReferences
SECTION 312;4;LegalReferences
SECTION 313;3;LegalReferences
SECTION 322;0;LegalReferences
SECTION 323;0;LegalReferences
SECTION 324;0;LegalReferences
SECTION 325;0;LegalReferences
SECTION 327;0;LegalReferences
SECTION 329;0;LegalReferences
SECTION 3A5;1;LegalReferences
SECTION 3B2;0;LegalReferences
SECTION 3B3;0;LegalReferences
SECTION 3Q1;0;LegalReferences
SECTION 3Q2;0;LegalReferences
SECTION 3Y3;0;LegalReferences
SECTION 402;2;LegalReferences
SECTION 469;0;LegalReferences
SECTION 543;0;LegalReferences
SECTION 657;0;LegalReferences
SECTION 7B1;0;LegalReferences
SECTION 7B2;0;LegalReferences
SECTION 7C1;0;LegalReferences
SUBCLAUSE I;32;LegalReferences
SUBSECTIONS;35;LegalReferences
OF ANY KIND;5;LogicalConnectors
RELATIVE TO;8;LogicalConnectors
PROSPECTIVE;14;Other
SHORT TITLE;14;Other
ABOLISHMENT;0;RegulatoryOperators
ESTABLISHED;269;RegulatoryOperators
IMPLEMENTED;5;RegulatoryOperators
LIMITATIONS;84;RegulatoryOperators
TAKE EFFECT;52;RegulatoryOperators
CONSISTENT;118;Attributes
REASONABLE;138;Attributes
ACTIVITIES;303;EconomicOperands
ADMINISTER;22;EconomicOperands
AFFILIATES;43;EconomicOperands
AGREEMENTS;66;EconomicOperands
ALLOCATING;3;EconomicOperands
ASSESSMENT;53;EconomicOperands
ASSIGNMENT;17;EconomicOperands
ASSISTANCE;106;EconomicOperands
ASSOCIATED;44;EconomicOperands
BANK BOARD;0;EconomicOperands
BUSINESSES;10;EconomicOperands
CHALLENGES;1;EconomicOperands
COMMERCIAL;48;EconomicOperands
COMMISSION;1572;EconomicOperands
COMPARABLE;54;EconomicOperands
COMPLIANCE;286;EconomicOperands
CONDUCTING;43;EconomicOperands
CONSIDERED;69;EconomicOperands
CONTAINING;22;EconomicOperands
CONTRACTOR;5;EconomicOperands
COORDINATE;51;EconomicOperands
CORRECTIVE;3;EconomicOperands
DEFINITION;96;EconomicOperands
DEPARTMENT;52;EconomicOperands
DEPOSITORS;2;EconomicOperands
DEPOSITORY;1;EconomicOperands
DESCRIBING;23;EconomicOperands
DEVELOPING;15;EconomicOperands
DIFFERENCE;7;EconomicOperands
DISABILITY;3;EconomicOperands
DISCRETION;75;EconomicOperands
ELECTRONIC;41;EconomicOperands
EMPLOYMENT;39;EconomicOperands
ENROLLMENT;6;EconomicOperands
EVALUATION;29;EconomicOperands
EXTENSIONS;8;EconomicOperands
FACILITATE;45;EconomicOperands
GEOGRAPHIC;6;EconomicOperands
GOOD FAITH;18;EconomicOperands
GOVERNMENT;123;EconomicOperands
GUIDELINES;45;EconomicOperands
INDIVIDUAL;123;EconomicOperands
INNER-CITY;0;EconomicOperands
INSPECTORS;8;EconomicOperands
INSTRUMENT;26;EconomicOperands
INVESTMENT;137;EconomicOperands
LEASEHOLDS;0;EconomicOperands
MAINTAINED;33;EconomicOperands
MANAGEMENT;111;EconomicOperands
MANAGERIAL;7;EconomicOperands
MEMBERSHIP;23;EconomicOperands
MINORITIES;5;EconomicOperands
NEGOTIABLE;1;EconomicOperands
NEGOTIATED;10;EconomicOperands
NEWSPAPERS;0;EconomicOperands
NONINSURED;1;EconomicOperands
OBLIGATION;99;EconomicOperands
OPERATIONS;57;EconomicOperands
PARTNERING;0;EconomicOperands
PERCENTAGE;59;EconomicOperands
PERFORMING;48;EconomicOperands
PROCEDURES;203;EconomicOperands
PROCEEDING;106;EconomicOperands
PROTECTION;150;EconomicOperands
PROVISIONS;252;EconomicOperands
REASSIGNED;1;EconomicOperands
RECRUITING;0;EconomicOperands
REFERENCES;9;EconomicOperands
REGULATION;299;EconomicOperands
REGULATORY;188;EconomicOperands
RESOLUTION;76;EconomicOperands
RETIREMENT;20;EconomicOperands
SAFEGUARDS;12;EconomicOperands
SPONSORING;0;EconomicOperands
STATE BANK;28;EconomicOperands
STREAMLINE;1;EconomicOperands
SUBMISSION;55;EconomicOperands
SUBPOENAED;0;EconomicOperands
SUBSIDIARY;158;EconomicOperands
SUPERVISED;68;EconomicOperands
TERMINATED;15;EconomicOperands
TRANSITION;28;EconomicOperands
VIOLATIONS;58;EconomicOperands
WINDING UP;2;EconomicOperands
WITHDRAWAL;7;EconomicOperands
APPLICABLE;207;FunctionWords
AS FOLLOWS;44;FunctionWords
IDENTIFIED;66;FunctionWords
IN GENERAL;636;FunctionWords
THEREAFTER;36;FunctionWords
CLAUSE III;19;LegalReferences
CLAUSE VII;6;LegalReferences
SECTION 10;5;LegalReferences
SECTION 11;5;LegalReferences
SECTION 18;7;LegalReferences
SECTION 33;2;LegalReferences
SECTION 3C;17;LegalReferences
SECTION 3Q;16;LegalReferences
SECTION 5D;3;LegalReferences
SECTION 5Q;0;LegalReferences
SECTION 7E;0;LegalReferences
SUBSECTION;47;LegalReferences
SUBTITLE A;13;LegalReferences
SUBTITLE B;42;LegalReferences
SUBTITLE E;13;LegalReferences
THIS TITLE;567;LegalReferences
AS LONG AS;3;LogicalConnectors
BECAUSE OF;13;LogicalConnectors
EQUIVALENT;22;LogicalConnectors
EXCEPTIONS;35;LogicalConnectors
LATER THAN;19;LogicalConnectors
RELATES TO;9;LogicalConnectors
SUBJECT TO;516;LogicalConnectors
ADDITIONAL;119;MathematicalOperators
AMENDMENTS;133;Other
CONFORMING;31;Other
PARAGRAPHS;27;Other
RULEMAKING;111;Other
LIMITATION;89;RegulatoryOperators
AUTHORIZED;169;RegulatoryOperators
DESIGNATED;124;RegulatoryOperators
DETERMINED;144;RegulatoryOperators
DETERMINES;195;RegulatoryOperators
PRESCRIBED;218;RegulatoryOperators
18 MONTHS;22;Attributes
30 MONTHS;5;Attributes
EQUITABLE;23;Attributes
NECESSARY;283;Attributes
REGULARLY;8;Attributes
AFFILIATE;130;EconomicOperands
AFFORDING;3;EconomicOperands
AGREEMENT;261;EconomicOperands
ANNUITANT;1;EconomicOperands
APPLICANT;33;EconomicOperands
APPOINTED;101;EconomicOperands
ASSESSING;20;EconomicOperands
ATTORNEYS;11;EconomicOperands
AUTHORITY;528;EconomicOperands
AVAILABLE;243;EconomicOperands
BRANCHING;1;EconomicOperands
CARRY OUT;104;EconomicOperands
CHARACTER;9;EconomicOperands
CHARTERED;22;EconomicOperands
COLLECTED;57;EconomicOperands
COMMENCED;18;EconomicOperands
COMPANIES;209;EconomicOperands
COMPETENT;17;EconomicOperands
COMPONENT;3;EconomicOperands
COMPUTERS;0;EconomicOperands
COMPUTING;4;EconomicOperands
CONDITION;38;EconomicOperands
CONFLICTS;9;EconomicOperands
CONSIDERS;14;EconomicOperands
CONTINUED;7;EconomicOperands
CONTRACTS;128;EconomicOperands
CUSTODIAL;1;EconomicOperands
CUSTOMERS;35;EconomicOperands
DECLINING;1;EconomicOperands
DEPOSITED;33;EconomicOperands
DEPOSITOR;1;EconomicOperands
DESIGNATE;18;EconomicOperands
DESTROYED;0;EconomicOperands
DEVELOPED;14;EconomicOperands
DIRECTION;10;EconomicOperands
DIRECTORS;108;EconomicOperands
DIVERSITY;5;EconomicOperands
DIVIDENDS;21;EconomicOperands
DOCUMENTS;46;EconomicOperands
EFFICIENT;15;EconomicOperands
EMERGENCY;40;EconomicOperands
EMPLOYEES;161;EconomicOperands
EMPLOYERS;0;EconomicOperands
EMPLOYING;1;EconomicOperands
EQUIPMENT;2;EconomicOperands
ESTIMATED;5;EconomicOperands
ESTIMATES;3;EconomicOperands
EXAMINERS;10;EconomicOperands
EXECUTIVE;22;EconomicOperands
EXPERTISE;17;EconomicOperands
EXTENSION;64;EconomicOperands
FINANCIAL;539;EconomicOperands
FULL-TIME;4;EconomicOperands
FUNCTIONS;91;EconomicOperands
FURNITURE;0;EconomicOperands
GOVERNORS;3;EconomicOperands
GUARANTEE;57;EconomicOperands
IMPLEMENT;52;EconomicOperands
INSURANCE;208;EconomicOperands
INTENTION;1;EconomicOperands
INTERPRET;7;EconomicOperands
INTERVENE;5;EconomicOperands
MAINTAINS;13;EconomicOperands
MATERIALS;26;EconomicOperands
MEMORANDA;3;EconomicOperands
MENTORING;0;EconomicOperands
MORTGAGEE;1;EconomicOperands
NONMEMBER;0;EconomicOperands
OFFICIALS;6;EconomicOperands
OPERATING;34;EconomicOperands
OPERATION;40;EconomicOperands
OVERSIGHT;75;EconomicOperands
PERMANENT;6;EconomicOperands
PERSONNEL;36;EconomicOperands
POSITIONS;67;EconomicOperands
PRACTICES;87;EconomicOperands
PRINCIPAL;106;EconomicOperands
PROCEDURE;37;EconomicOperands
PROMOTION;5;EconomicOperands
PROPOSALS;5;EconomicOperands
PROTECTED;8;EconomicOperands
PROVIDERS;6;EconomicOperands
PROVIDING;137;EconomicOperands
PROVISION;371;EconomicOperands
PUBLISHED;30;EconomicOperands
QUALIFIED;25;EconomicOperands
RECEIVING;26;EconomicOperands
REFERENCE;13;EconomicOperands
REIMBURSE;10;EconomicOperands
RESULTING;25;EconomicOperands
SCHEDULED;10;EconomicOperands
SECRETARY;317;EconomicOperands
SEPARATED;4;EconomicOperands
SOUNDNESS;40;EconomicOperands
STANDARDS;297;EconomicOperands
STATEMENT;76;EconomicOperands
STRUCTURE;29;EconomicOperands
SUBPENAED;0;EconomicOperands
SUBPOENAS;8;EconomicOperands
SUCCESSES;0;EconomicOperands
SUCCESSOR;42;EconomicOperands
TECHNICAL;20;EconomicOperands
TELEPHONE;23;EconomicOperands
TEMPORARY;24;EconomicOperands
TERMINATE;31;EconomicOperands
TRANSFERS;30;EconomicOperands
TRANSMITS;5;EconomicOperands
TREATMENT;70;EconomicOperands
WORKFORCE;8;EconomicOperands
FOLLOWING;686;FunctionWords
PRECEDING;69;FunctionWords
TYPICALLY;3;FunctionWords
12 USC 24;2;LegalReferences
CLAUSE II;40;LegalReferences
CLAUSE IV;4;LegalReferences
CLAUSE VI;4;LegalReferences
PARAGRAPH;37;LegalReferences
SECTION 2;21;LegalReferences
SECTION 3;44;LegalReferences
SECTION 8;33;LegalReferences
TITLE III;2;LegalReferences
TITLE VII;2;LegalReferences
EXCEPT AS;138;LogicalConnectors
INCLUDING;740;LogicalConnectors
INCLUSION;5;LogicalConnectors
LESS THAN;57;LogicalConnectors
OTHERWISE;263;LogicalConnectors
REGARDING;248;LogicalConnectors
INCREASED;12;MathematicalOperators
INCREASES;14;MathematicalOperators
AMENDMENT;84;Other
CONSTRUED;122;Other
DESCRIBED;662;Other
DESCRIBES;5;Other
DETAILING;5;Other
EFFECTIVE;71;Other
ENACTMENT;280;Other
INSERTING;794;Other
SEMICOLON;20;Other
SENTENCES;2;Other
SUPERSEDE;4;Other
DETERMINE;173;RegulatoryOperators
ESTABLISH;242;RegulatoryOperators
PERMITTED;62;RegulatoryOperators
PRESCRIBE;197;RegulatoryOperators
REGULATED;64;RegulatoryOperators
REQUESTED;35;RegulatoryOperators
SET FORTH;51;RegulatoryOperators
SPECIFIED;48;RegulatoryOperators
120 DAYS;5;Attributes
180 DAYS;38;Attributes
270 DAYS;8;Attributes
30-MONTH;0;Attributes
365 DAYS;0;Attributes
6 MONTHS;23;Attributes
FEASIBLE;2;Attributes
POSSIBLE;34;Attributes
UNFAIRLY;2;Attributes
ACCOUNTS;53;EconomicOperands
ACHIEVED;2;EconomicOperands
ACQUIRED;16;EconomicOperands
ADJUSTED;28;EconomicOperands
ADVISORY;46;EconomicOperands
AFFECTED;19;EconomicOperands
AGENCIES;199;EconomicOperands
ASSESSED;13;EconomicOperands
ASSURING;8;EconomicOperands
BALANCED;2;EconomicOperands
BELONGED;1;EconomicOperands
BENEFITS;64;EconomicOperands
BRANCHES;22;EconomicOperands
BUSINESS;179;EconomicOperands
CARRYING;46;EconomicOperands
CHAIRMAN;54;EconomicOperands
COLLEGES;0;EconomicOperands
COMMENCE;10;EconomicOperands
COMMENTS;11;EconomicOperands
COMPLETE;37;EconomicOperands
CONGRESS;164;EconomicOperands
CONTINUE;40;EconomicOperands
CONTRACT;358;EconomicOperands
COVERAGE;41;EconomicOperands
CREDITED;27;EconomicOperands
CURRENCY;32;EconomicOperands
DECISION;61;EconomicOperands
DEPOSITS;28;EconomicOperands
DESIGNED;42;EconomicOperands
DESIGNEE;14;EconomicOperands
DIRECTOR;312;EconomicOperands
DISTRICT;57;EconomicOperands
DIVISION;38;EconomicOperands
ECONOMIC;47;EconomicOperands
ELIGIBLE;32;EconomicOperands
EMPLOYED;29;EconomicOperands
EMPLOYEE;149;EconomicOperands
EMPLOYER;21;EconomicOperands
ENFORCED;17;EconomicOperands
ENHANCED;22;EconomicOperands
ENROLLED;9;EconomicOperands
ENTITIES;164;EconomicOperands
ENTITLED;31;EconomicOperands
EXAMINER;3;EconomicOperands
EXERCISE;101;EconomicOperands
EXISTING;63;EconomicOperands
EXPENSES;45;EconomicOperands
EXTENDED;25;EconomicOperands
FINDINGS;49;EconomicOperands
FIXTURES;0;EconomicOperands
FUNCTION;25;EconomicOperands
HISPANIC;0;EconomicOperands
IDENTIFY;57;EconomicOperands
INCLUDES;74;EconomicOperands
INCURRED;27;EconomicOperands
INDUSTRY;24;EconomicOperands
ING BANK;0;EconomicOperands
INITIATE;29;EconomicOperands
INTENDED;16;EconomicOperands
INTEREST;245;EconomicOperands
ISSUANCE;48;EconomicOperands
JUDGMENT;29;EconomicOperands
LOCALITY;4;EconomicOperands
LOCATION;5;EconomicOperands
MAINTAIN;101;EconomicOperands
MAJORITY;21;EconomicOperands
MEASURES;32;EconomicOperands
MINORITY;16;EconomicOperands
MORTGAGE;197;EconomicOperands
OBTAINED;44;EconomicOperands
OFFICERS;24;EconomicOperands
OPERATED;9;EconomicOperands
OUTREACH;4;EconomicOperands
PAYMENTS;99;EconomicOperands
PERSONAL;26;EconomicOperands
POLICIES;78;EconomicOperands
POSITION;87;EconomicOperands
PRESERVE;3;EconomicOperands
PRIORITY;26;EconomicOperands
PROGRAMS;56;EconomicOperands
PROPERTY;207;EconomicOperands
PROPOSED;107;EconomicOperands
PURPOSES;427;EconomicOperands
REASSIGN;1;EconomicOperands
RECEIVED;107;EconomicOperands
RECEIVER;279;EconomicOperands
RECEIVES;46;EconomicOperands
RECOVERY;16;EconomicOperands
REFERRAL;8;EconomicOperands
REGIONAL;8;EconomicOperands
REGISTER;52;EconomicOperands
REMEDIES;33;EconomicOperands
RESERVED;2;EconomicOperands
SECURITY;219;EconomicOperands
SEPARATE;35;EconomicOperands
SERVICES;240;EconomicOperands
STANDARD;63;EconomicOperands
SUBPENAS;0;EconomicOperands
SUBPOENA;24;EconomicOperands
TANGIBLE;15;EconomicOperands
TRANSFER;172;EconomicOperands
VACATION;3;EconomicOperands
VALIDITY;12;EconomicOperands
DOES NOT;179;FunctionWords
MODIFIED;10;FunctionWords
SPECIFIC;59;FunctionWords
1 NOTICE;5;LegalReferences
CLAUSE I;127;LegalReferences
CLAUSE V;4;LegalReferences
SUBTITLE;9;LegalReferences
THIS ACT;336;LegalReferences
TITLE 18;16;LegalReferences
TITLE 31;18;LegalReferences
TITLE 44;5;LegalReferences
EQUAL TO;44;LogicalConnectors
PREVIOUS;17;LogicalConnectors
PROVIDED;418;LogicalConnectors
INCREASE;43;MathematicalOperators
AMENDING;17;Other
BASED ON;93;Other
MEANINGS;18;Other
SECTIONS;33;Other
SENTENCE;68;Other
STATUTES;5;Other
STRIKING;661;Other
APPROVAL;70;RegulatoryOperators
ASSIGNED;5;RegulatoryOperators
CONFORMS;0;RegulatoryOperators
EXCEPTED;13;RegulatoryOperators
REPEALED;8;RegulatoryOperators
REQUIRED;537;RegulatoryOperators
REQUIRES;25;RegulatoryOperators
5 YEARS;32;Attributes
60 DAYS;35;Attributes
90 DAYS;44;Attributes
ABSENCE;9;EconomicOperands
ACCOUNT;190;EconomicOperands
ACCRUED;5;EconomicOperands
ACQUIRE;21;EconomicOperands
ACTIONS;125;EconomicOperands
ADDRESS;45;EconomicOperands
ADVANCE;32;EconomicOperands
AFFAIRS;21;EconomicOperands
AGENCYS;4;EconomicOperands
ALTERED;0;EconomicOperands
AMOUNTS;124;EconomicOperands
APPLIED;38;EconomicOperands
APPOINT;20;EconomicOperands
ARISING;61;EconomicOperands
ASPECTS;2;EconomicOperands
BANKING;43;EconomicOperands
BECOMES;13;EconomicOperands
BENEFIT;52;EconomicOperands
BROKERS;95;EconomicOperands
CHARGED;25;EconomicOperands
CHARGES;38;EconomicOperands
CLAUSES;3;EconomicOperands
COLLECT;20;EconomicOperands
COMMENT;27;EconomicOperands
COMPANY;320;EconomicOperands
CONDUCT;207;EconomicOperands
CONSENT;46;EconomicOperands
CONSULT;70;EconomicOperands
CONTROL;86;EconomicOperands
CUSTODY;34;EconomicOperands
DEALERS;104;EconomicOperands
DECLINE;5;EconomicOperands
DEFINED;315;EconomicOperands
DELETED;0;EconomicOperands
DEPOSIT;26;EconomicOperands
DERIVED;14;EconomicOperands
DEVELOP;25;EconomicOperands
DISPOSE;5;EconomicOperands
ENHANCE;17;EconomicOperands
EVASION;18;EconomicOperands
EXECUTE;11;EconomicOperands
EXISTED;9;EconomicOperands
FACTORS;57;EconomicOperands
FEDERAL;504;EconomicOperands
FILLING;1;EconomicOperands
FINANCE;75;EconomicOperands
FOCUSED;0;EconomicOperands
FUNDING;49;EconomicOperands
HOLDING;9;EconomicOperands
HOUSING;103;EconomicOperands
INCLUDE;253;EconomicOperands
INSURED;50;EconomicOperands
INTERIM;21;EconomicOperands
LEASING;4;EconomicOperands
LENDING;58;EconomicOperands
LICENSE;13;EconomicOperands
LOCATED;44;EconomicOperands
NONBANK;64;EconomicOperands
OFFICER;131;EconomicOperands
OFFICES;11;EconomicOperands
OPERATE;18;EconomicOperands
ORDERLY;61;EconomicOperands
PAYABLE;20;EconomicOperands
PAYMENT;182;EconomicOperands
PERFORM;52;EconomicOperands
PERIODS;17;EconomicOperands
PERSONS;196;EconomicOperands
PLACING;7;EconomicOperands
PROCESS;83;EconomicOperands
PROGRAM;139;EconomicOperands
PROTECT;44;EconomicOperands
PROVIDE;333;EconomicOperands
PUBLISH;28;EconomicOperands
RECEIPT;74;EconomicOperands
RECEIVE;61;EconomicOperands
RECORDS;133;EconomicOperands
REDUCED;11;EconomicOperands
REFLECT;26;EconomicOperands
REFORMS;7;EconomicOperands
REGULAR;18;EconomicOperands
RELATES;3;EconomicOperands
REMAINS;7;EconomicOperands
REPORTS;229;EconomicOperands
REQUEST;183;EconomicOperands
RESERVE;16;EconomicOperands
SERVICE;98;EconomicOperands
SERVING;35;EconomicOperands
SETTING;23;EconomicOperands
SOLICIT;5;EconomicOperands
SPECIAL;46;EconomicOperands
SUBPENA;0;EconomicOperands
SUCCEED;10;EconomicOperands
SUPPORT;57;EconomicOperands
SUSPEND;15;EconomicOperands
TREATED;47;EconomicOperands
VACANCY;4;EconomicOperands
WIND UP;1;EconomicOperands
WRITTEN;116;EconomicOperands
AGAINST;152;FunctionWords
ANOTHER;64;FunctionWords
BETWEEN;117;FunctionWords
CERTAIN;107;FunctionWords
FOLLOWS;40;FunctionWords
GENERAL;134;FunctionWords
MATTERS;33;FunctionWords
OUTSIDE;22;FunctionWords
PENDING;18;FunctionWords
RELATED;131;FunctionWords
SAVINGS;30;FunctionWords
THEREOF;110;FunctionWords
THERETO;48;FunctionWords
THROUGH;232;FunctionWords
WITHOUT;105;FunctionWords
SECTION;39;LegalReferences
TITLE 5;82;LegalReferences
TITLE X;5;LegalReferences
JOINTLY;86;LogicalConnectors
NEITHER;6;LogicalConnectors
NOTHING;96;LogicalConnectors
SIMILAR;109;LogicalConnectors
SUCH AS;30;LogicalConnectors
THAT IS;538;LogicalConnectors
WHETHER;279;LogicalConnectors
AVERAGE;9;MathematicalOperators
MAXIMUM;39;MathematicalOperators
MINIMUM;85;MathematicalOperators
ADOPTED;39;Other
APPEARS;82;Other
CHAPTER;15;Other
CONTENT;21;Other
CONTEXT;7;Other
HEADING;16;Other
MEANING;69;Other
LIMITED;29;RegulatoryOperators
MANDATE;1;RegulatoryOperators
ALLOWED;26;RegulatoryOperators
AMENDED;599;RegulatoryOperators
PREVENT;67;RegulatoryOperators
REQUIRE;216;RegulatoryOperators
100000;5;Attributes
1-YEAR;21;Attributes
250000;6;Attributes
2-YEAR;17;Attributes
90-DAY;17;Attributes
FOURTH;4;Attributes
PROMPT;10;Attributes
TIMELY;55;Attributes
ACCEPT;30;EconomicOperands
ACCESS;100;EconomicOperands
ACCRUE;3;EconomicOperands
ACTING;59;EconomicOperands
ACTION;367;EconomicOperands
ACTIVE;3;EconomicOperands
ADVISE;10;EconomicOperands
AFFECT;76;EconomicOperands
AGENCY;393;EconomicOperands
AMOUNT;318;EconomicOperands
ANNUAL;123;EconomicOperands
ASSESS;18;EconomicOperands
ASSETS;217;EconomicOperands
BECAME;5;EconomicOperands
BRANCH;27;EconomicOperands
BUDGET;36;EconomicOperands
BUREAU;784;EconomicOperands
CHARGE;34;EconomicOperands
CREDIT;271;EconomicOperands
DEFINE;29;EconomicOperands
DENTAL;4;EconomicOperands
DEPUTY;6;EconomicOperands
DESIGN;3;EconomicOperands
DETAIL;10;EconomicOperands
DUTIES;107;EconomicOperands
EFFECT;148;EconomicOperands
EFFORT;2;EconomicOperands
ENDING;15;EconomicOperands
ENROLL;1;EconomicOperands
ENTITY;205;EconomicOperands
EQUITY;61;EconomicOperands
ETHNIC;2;EconomicOperands
EXTEND;35;EconomicOperands
FACTOR;10;EconomicOperands
FAILED;12;EconomicOperands
GENDER;3;EconomicOperands
HEALTH;33;EconomicOperands
HIRING;6;EconomicOperands
HOLDER;20;EconomicOperands
IMPACT;64;EconomicOperands
INSURE;3;EconomicOperands
ISSUED;176;EconomicOperands
LEVELS;16;EconomicOperands
MANAGE;8;EconomicOperands
MEMBER;165;EconomicOperands
METHOD;12;EconomicOperands
MONIES;9;EconomicOperands
MOTION;17;EconomicOperands
NATURE;77;EconomicOperands
NOTICE;264;EconomicOperands
NOTIFY;44;EconomicOperands
NUMBER;90;EconomicOperands
OFFICE;292;EconomicOperands
OFFSET;22;EconomicOperands
ORDERS;92;EconomicOperands
OTHERS;10;EconomicOperands
PAPERS;13;EconomicOperands
PERIOD;294;EconomicOperands
PERSON;919;EconomicOperands
PLACED;11;EconomicOperands
POLICY;59;EconomicOperands
POSING;1;EconomicOperands
POWERS;73;EconomicOperands
PUBLIC;312;EconomicOperands
RACIAL;1;EconomicOperands
REDUCE;29;EconomicOperands
REGARD;27;EconomicOperands
REMAIN;40;EconomicOperands
REPEAL;5;EconomicOperands
REPORT;557;EconomicOperands
RETAIN;22;EconomicOperands
REVIEW;203;EconomicOperands
RIGHTS;110;EconomicOperands
SAFETY;57;EconomicOperands
SEASON;2;EconomicOperands
SENATE;145;EconomicOperands
SENIOR;43;EconomicOperands
STATES;33;EconomicOperands
STATUS;61;EconomicOperands
SUBMIT;175;EconomicOperands
SUMMER;0;EconomicOperands
SYSTEM;153;EconomicOperands
TENURE;3;EconomicOperands
THRIFT;6;EconomicOperands
TIMING;16;EconomicOperands
VESTED;9;EconomicOperands
VISION;4;EconomicOperands
DURING;134;FunctionWords
HAVING;54;FunctionWords
MAKING;103;FunctionWords
TOWARD;5;FunctionWords
BEFORE;290;LogicalConnectors
DUE TO;8;LogicalConnectors
EXCEPT;158;LogicalConnectors
HIGHER;17;LogicalConnectors
IN ALL;2;LogicalConnectors
SECOND;28;LogicalConnectors
SOLELY;66;LogicalConnectors
UNLESS;182;LogicalConnectors
WITHIN;199;LogicalConnectors
ADDING;252;MathematicalOperators
INSERT;3;Other
MANNER;178;Other
MATTER;54;Other
STRIKE;0;Other
DEEMED;93;RegulatoryOperators
ENSURE;123;RegulatoryOperators
IMPOSE;61;RegulatoryOperators
PERMIT;43;RegulatoryOperators
FIRST;80;Attributes
THIRD;39;Attributes
ABATE;7;EconomicOperands
ADOPT;78;EconomicOperands
AMEND;15;EconomicOperands
ASSET;56;EconomicOperands
BANKS;54;EconomicOperands
BASIC;9;EconomicOperands
BOARD;470;EconomicOperands
BOOKS;29;EconomicOperands
CAUSE;56;EconomicOperands
CHART;13;EconomicOperands
CHIEF;50;EconomicOperands
CIVIL;86;EconomicOperands
CLAIM;117;EconomicOperands
COURT;198;EconomicOperands
DELAY;10;EconomicOperands
ELECT;18;EconomicOperands
ENTER;47;EconomicOperands
EQUAL;16;EconomicOperands
EVENT;38;EconomicOperands
FACED;1;EconomicOperands
FAIRS;0;EconomicOperands
FILES;13;EconomicOperands
FINAL;140;EconomicOperands
FIRMS;16;EconomicOperands
FSLIC;0;EconomicOperands
FULLY;25;EconomicOperands
FUNDS;169;EconomicOperands
GIRLS;0;EconomicOperands
GROUP;86;EconomicOperands
HOLDS;19;EconomicOperands
ISSUE;158;EconomicOperands
ITEMS;27;EconomicOperands
JOINT;30;EconomicOperands
LEASE;33;EconomicOperands
LEAVE;5;EconomicOperands
LEGAL;83;EconomicOperands
LEVEL;36;EconomicOperands
LOANS;110;EconomicOperands
MEANS;404;EconomicOperands
MEDIA;6;EconomicOperands
PAPER;4;EconomicOperands
PARTY;109;EconomicOperands
PLACE;139;EconomicOperands
PLANS;39;EconomicOperands
PRIOR;85;EconomicOperands
REACH;2;EconomicOperands
RIGHT;76;EconomicOperands
RISKS;111;EconomicOperands
RULES;514;EconomicOperands
SCOPE;52;EconomicOperands
SERVE;64;EconomicOperands
SHARE;26;EconomicOperands
SOUND;14;EconomicOperands
STAFF;31;EconomicOperands
STATE;601;EconomicOperands
STEPS;27;EconomicOperands
STUDY;254;EconomicOperands
SUITS;6;EconomicOperands
TRUST;41;EconomicOperands
TYPES;44;EconomicOperands
URBAN;1;EconomicOperands
USING;29;EconomicOperands
WOMEN;3;EconomicOperands
ABOVE;7;FunctionWords
ASIDE;28;FunctionWords
BEING;49;FunctionWords
EVERY;29;FunctionWords
GIVEN;22;FunctionWords
GIVES;4;FunctionWords
MAJOR;21;FunctionWords
TAKES;18;FunctionWords
THEIR;112;FunctionWords
THERE;89;FunctionWords
THOSE;85;FunctionWords
UNDER;2695;FunctionWords
WHICH;939;FunctionWords
WOULD;190;FunctionWords
8714A;1;LegalReferences
8714B;1;LegalReferences
8714C;1;LegalReferences
TITLE;23;LegalReferences
OTHER;1487;LogicalConnectors
UNTIL;46;LogicalConnectors
AFTER;851;LogicalConnectors
RATIO;9;LogicalConnectors
SINCE;3;LogicalConnectors
WHILE;29;LogicalConnectors
MINUS;1;MathematicalOperators
TOTAL;96;MathematicalOperators
ADDED;67;MathematicalOperators
APPLY;222;Other
BASIS;124;Other
CITED;14;Other
COMMA;3;Other
KNOWN;30;Other
TAKEN;76;Other
TERMS;245;Other
LIMIT;93;RegulatoryOperators
DEEMS;37;RegulatoryOperators
SHALL;3463;RegulatoryOperators
1970;0;Attributes
2010;7;Attributes
AREA;24;EconomicOperands
BANK;147;EconomicOperands
CARE;19;EconomicOperands
CASE;19;EconomicOperands
COPY;42;EconomicOperands
COST;47;EconomicOperands
DATE;666;EconomicOperands
DEBT;93;EconomicOperands
DUAL;6;EconomicOperands
DUTY;52;EconomicOperands
FACE;3;EconomicOperands
FAIR;38;EconomicOperands
FEES;105;EconomicOperands
FORM;126;EconomicOperands
FULL;29;EconomicOperands
FUND;251;EconomicOperands
HEAD;20;EconomicOperands
HELD;84;EconomicOperands
HOLD;16;EconomicOperands
HOME;87;EconomicOperands
LAWS;85;EconomicOperands
LIFE;22;EconomicOperands
LIST;25;EconomicOperands
LOAN;277;EconomicOperands
LONG;5;EconomicOperands
MASS;1;EconomicOperands
MEET;67;EconomicOperands
NAME;20;EconomicOperands
OPEN;48;EconomicOperands
PAID;59;EconomicOperands
PLAN;130;EconomicOperands
RATE;92;EconomicOperands
REAL;72;EconomicOperands
RULE;425;EconomicOperands
SAFE;22;EconomicOperands
SALE;184;EconomicOperands
SEEK;22;EconomicOperands
SELL;22;EconomicOperands
SIZE;48;EconomicOperands
TEND;4;EconomicOperands
TIME;242;EconomicOperands
TYPE;68;EconomicOperands
UPON;230;EconomicOperands
USED;152;EconomicOperands
WORK;30;EconomicOperands
YEAR;217;EconomicOperands
BEEN;184;FunctionWords
FROM;707;FunctionWords
GIVE;19;FunctionWords
HAVE;434;FunctionWords
INTO;245;FunctionWords
MADE;367;FunctionWords
MAKE;204;FunctionWords
PART;76;FunctionWords
SAME;200;FunctionWords
SUCH;2816;FunctionWords
TAKE;113;FunctionWords
THAN;243;FunctionWords
THAT;2583;FunctionWords
THIS;138;FunctionWords
WERE;86;FunctionWords
WHAT;22;FunctionWords
WILL;125;FunctionWords
WITH;1246;FunctionWords
1820;0;LegalReferences
1823;0;LegalReferences
1933;0;LegalReferences
5240;0;LegalReferences
78CA;0;LegalReferences
VIII;25;LegalReferences
BOTH;54;LogicalConnectors
EACH;614;LogicalConnectors
WHEN;77;LogicalConnectors
MORE;163;LogicalConnectors
ONLY;104;LogicalConnectors
SOLE;32;LogicalConnectors
READ;31;Other
TERM;680;Other
DEEM;10;RegulatoryOperators
1ST;3;Attributes
2ND;3;Attributes
DAY;63;EconomicOperands
EAD;9;EconomicOperands
FEE;68;EconomicOperands
FIX;11;EconomicOperands
JOB;3;EconomicOperands
LAW;426;EconomicOperands
NET;21;EconomicOperands
NEW;158;EconomicOperands
OTS;1;EconomicOperands
OUT;65;EconomicOperands
PAY;91;EconomicOperands
SEC;447;EconomicOperands
SUM;3;EconomicOperands
USE;228;EconomicOperands
ARE;714;FunctionWords
ETC;1;FunctionWords
FOR;3043;FunctionWords
HAD;34;FunctionWords
HAS;472;FunctionWords
HER;10;FunctionWords
HIS;15;FunctionWords
ITS;338;FunctionWords
MAY;1405;FunctionWords
MET;4;FunctionWords
OWN;38;FunctionWords
PER;24;FunctionWords
SHE;3;FunctionWords
THE;24141;FunctionWords
WAS;167;FunctionWords
WHO;284;FunctionWords
301;1;LegalReferences
311;0;LegalReferences
312;0;LegalReferences
313;1;LegalReferences
314;1;LegalReferences
315;0;LegalReferences
321;0;LegalReferences
322;0;LegalReferences
323;0;LegalReferences
324;0;LegalReferences
325;0;LegalReferences
341;1;LegalReferences
342;0;LegalReferences
343;1;LegalReferences
371;0;LegalReferences
375;0;LegalReferences
78O;0;LegalReferences
ACT;170;LegalReferences
III;419;LegalReferences
SEQ;2;LegalReferences
VII;43;LegalReferences
XII;4;LegalReferences
ALL;438;LogicalConnectors
ANY;3884;LogicalConnectors
AND;8532;LogicalConnectors
BUT;104;LogicalConnectors
NOR;15;LogicalConnectors
NOT;1098;LogicalConnectors
WHY;12;LogicalConnectors
YET;7;LogicalConnectors
END;439;Other
RTC;0;Other
SET;63;Other
10;48;Attributes
12;63;Attributes
15;72;Attributes
30;12;Attributes
31;13;Attributes
35;8;Attributes
62;11;Attributes
EC;130;EconomicOperands
IT;171;EconomicOperands
TR;11;EconomicOperands
US;107;EconomicOperands
VI;64;EconomicOperands
AN;1642;FunctionWords
AT;725;FunctionWords
BE;2089;FunctionWords
BY;4432;FunctionWords
DO;40;FunctionWords
IN;5344;FunctionWords
IS;1931;FunctionWords
OF;13981;FunctionWords
ON;1642;FunctionWords
TO;6472;FunctionWords
11;62;LegalReferences
14;63;LegalReferences
17;24;LegalReferences
19;7;LegalReferences
1A;28;LegalReferences
21;10;LegalReferences
27;12;LegalReferences
32;5;LegalReferences
36;1;LegalReferences
38;5;LegalReferences
3B;2;LegalReferences
42;20;LegalReferences
48;6;LegalReferences
4A;7;LegalReferences
AA;49;LegalReferences
B2;7;LegalReferences
B3;1;LegalReferences
B9;1;LegalReferences
BB;32;LegalReferences
CC;28;LegalReferences
G1;1;LegalReferences
II;993;LegalReferences
IV;205;LegalReferences
NO;316;LogicalConnectors
AS;2501;LogicalConnectors
IF;578;LogicalConnectors
OR;8623;LogicalConnectors
SO;81;LogicalConnectors
1;1239;Attributes
2;1040;Attributes
3;602;Attributes
4;401;Attributes
5;300;Attributes
6;224;Attributes
7;259;Attributes
8;152;Attributes
9;203;Attributes
A;7932;FunctionWords
I;1126;FunctionWords
B;1604;LegalReferences
C;1063;LegalReferences
D;701;LegalReferences
E;660;LegalReferences
F;252;LegalReferences
H;177;LegalReferences
J;54;LegalReferences
K;44;LegalReferences
L;88;LegalReferences
M;77;LegalReferences
N;96;LegalReferences
O;48;LegalReferences
P;85;LegalReferences
Q;26;LegalReferences
R;165;LegalReferences
T;131;LegalReferences
U;91;LegalReferences
V;146;LegalReferences
X;47;LegalReferences
Y;30;LegalReferences
Z;15;LegalReferences
