SUBCHAPTER II OF CHAPTER 53 OF TITLE 31 UNITED STATES CODE SECTION 21 OF THE FEDERAL DEPOSIT INSURANCE ACT 12 USC 1829B;0
SECTION 603 OF THE NATIONAL MANUFACTURED HOUSING CONSTRUCTION AND SAFETY STANDARDS ACT OF 1974 42 USC 5402;0
SECTION 1004A4 OF THE FEDERAL FINANCIAL INSTITUTIONS EXAMINATION COUNCIL ACT OF 1978 12 USC 3303A4;0
BARNETT BANK OF MARION COUNTY N A V NELSON FLORIDA INSURANCE COMMISSIONER ET AL 517 US 25 1996;0
BARNETT BANK OF MARION COUNTY NA V NELSON FLORIDA INSURANCE COMMISSIONER ET AL 517 US 25 1996;0
SECTION 1062 OF THE ELECTRONIC SIGNATURES IN GLOBAL AND NATIONAL COMMERCE ACT 15 USC 70062;0
SECTION 4D OF THE TELEMARKETING AND CONSUMER FRAUD AND ABUSE PREVENTION ACT 15 USC 6103D;0
SECTION 5C OF THE TELEMARKETING AND CONSUMER FRAUD AND ABUSE PREVENTION ACT 15 USC 6104C;0
CHAPTER ONE OF TITLE LXII OF THE REVISED STATUTES OF THE UNITED STATES 12 USC 21 ET SEQ;0
SECTION 3 OF THE TELEMARKETING AND CONSUMER FRAUD AND ABUSE PREVENTION ACT 15 USC 6102;0
SECTION 6 OF THE TELEMARKETING AND CONSUMER FRAUD AND ABUSE PREVENTION ACT 15 USC 6105;0
SECTION 1132 OF THE HOUSING AND ECONOMIC RECOVERY ACT OF 2008 12 USC 1701X NOTE;0
SECTION 4402 OF THE FARM SECURITY AND RURAL INVESTMENT ACT OF 2002 7 USC 3007;0
THE ALTERNATIVE MORTGAGE TRANSACTION PARITY ACT OF 1982 12 USC 3801 ET SEQ;0
OCCUPATIONAL SAFETY AND HEALTH ADMINISTRATION OF THE DEPARTMENT OF LABOR;0
PARAGRAPH 12 OF SECTION 107 OF THE FEDERAL CREDIT UNION ACT 12 USC 1757;0
ALTERNATIVE MORTGAGE TRANSACTION PARITY ACT OF L982 12 USC 3801 ET SEQ;0
PERSON THAT PERFORMS INCOME TAX PREPARATION ACTIVITIES FOR CONSUMERS;0
THE REAL ESTATE SETTLEMENT PROCEDURES ACT OF 1974 12 USC 2601 ET SEQ;0
FAIR AND ACCURATE CREDIT TRANSACTIONS ACT OF 2003 PUBLIC LAW 108159;0
SECTION 5197 OF THE REVISED STATUTES OF THE UNITED STATES 12 USC 85;0
SECTION 626 OF THE OMNIBUS APPROPRIATIONS ACT 2009 15 USC 1638 NOTE;0
FINANCIAL INSTITUTIONS REFORM RECOVERY AND ENFORCEMENT ACT OF 1989;10
SECTION 3709 OF THE REVISED STATUTES OF THE UNITED STATES 41 USC 5;0
SECTIONS 5713 AND 575103 D OF TITLE 49 CODE OF FEDERAL REGULATIONS;0
SECTION 603D1 OF THE EXPEDITED FUNDS AVAILABILITY ACT 12 USC 4002;0
101 AND 102 OF THE HIGHER EDUCATION ACT OF 1965 20 USC 1001 1002;0
CONSUMER PRICE INDEX FOR URBAN WAGE EARNERS AND CLERICAL WORKERS;0
SECTION 7H10 OF THE FOOD AND NUTRITION ACT OF 2008 7 USC 2016H10;0
THE INTERSTATE LAND SALES FULL DISCLOSURE ACT 15 USC 1701 ET SEQ;0
SECTION 10 OF THE HOMEOWNERS PROTECTION ACT OF 1998 12 USC 4909;0
SECTION 217 OF THE INVESTMENT ADVISERS ACT OF 1940 15 USC 80B17;0
SECTION 32A OF THE SECURITIES EXCHANGE ACT OF 1934 15 USC 78FFA;0
SECTION 603 OF THE EXPEDITED FUNDS AVAILABILITY ACT 12 USC 4002;0
SECTION 604 OF THE EXPEDITED FUNDS AVAILABILITY ACT 12 USC 4003;0
SECTION 605 OF THE EXPEDITED FUNDS AVAILABILITY ACT 12 USC 4004;0
SECTION 609 OF THE EXPEDITED FUNDS AVAILABILITY ACT 12 USC 4008;0
RICHARD B RUSSELL NATIONAL SCHOOL LUNCH ACT 42 USC 1751 ET SEQ;0
SECTION 49 OF THE INVESTMENT COMPANY ACT OF 1940 15 USC 80A48;0
SECTION 701B OF THE EQUAL CREDIT OPPORTUNITY ACT 15 USC 1691B;0
SECTIONS 919A2D AND 919A3 OF THE ELECTRONIC FUND TRANSFER ACT;0
PERSON REGULATED BY THE COMMODITY FUTURES TRADING COMMISSION;0
SECTION 38 OF THE FEDERAL DEPOSIT INSURANCE ACT 12 USC 1831O;0
SECTION 3F OF THE FEDERAL DEPOSIT INSURANCE ACT 12 USC 1813F;0
SECTION 3S OF THE FEDERAL DEPOSIT INSURANCE ACT 12 USC 1813S;0
SECTIONS 5136CI OF THE REVISED STATUTES OF THE UNITED STATES;0
SECTION 18F OF THE FEDERAL TRADE COMMISSION ACT 15 USC 57AF;0
SECTION 325 OF THE TRUST INDENTURE ACT OF 1939 15 USC 77YYY;0
SECTION 414 OF THE INTERNAL REVENUE CODE OF 1986 26 USC 414;0
SECTION 603P OF THE FAIR CREDIT REPORTING ACT 15 USC 1681AP;1
THE HOME MORTGAGE DISCLOSURE ACT OF 1975 12 USC 2801 ET SEQ;0
SECTION 5136C OF THE REVISED STATUTES OF THE UNITED STATES;0
SECTION 624 OF THE FAIR CREDIT REPORTING ACT 15 USC 1681S3;0
SECTION 212 OF THE FEDERAL CREDIT UNION ACT 112 USC 1790A;0
TELEMARKETING AND CONSUMER FRAUD AND ABUSE PREVENTION ACT;0
THE FAIR DEBT COLLECTION PRACTICES ACT 15 USC 1692 ET SEQ;0
THE HOME OWNERS PROTECTION ACT OF 1998 12 USC 4901 ET SEQ;0
THE INTERSTATE LAND SALES FULL DISCLOSURE ACT 15 USC 1701;0
CHAPTER 2 OF TITLE I OF PUBLIC LAW 91508 12 USC 19511959;0
SECTIONS 5 AND 18A1B OF THE FEDERAL TRADE COMMISSION ACT;0
THE CONSUMER PROTECTION FINANCIAL PROTECTION ACT OF 2010;0
TITLE V OF THE GRAMM-LEACH-BLILEY ACT 15 USC 6801 ET SEQ;0
THRIFT PLAN FOR EMPLOYEES OF THE FEDERAL RESERVE SYSTEM;0
THE ALTERNATIVE MORTGAGE TRANSACTION PARITY ACT OF 1982;0
TITLE LXII OF THE REVISED STATUTES OF THE UNITED STATES;0
PART F OF TITLE IV OF THE HIGHER EDUCATION ACT OF 1965;0
SAFE MORTGAGE LICENSING ACT OF 2008 12 USC 5101 ET SEQ;0
SECTION 25 OF THE PAPERWORK REDUCTION ACT 44 USC 35025;0
THE FEDERALLY RECOGNIZED INDIAN TRIBE LIST ACT OF 1994;0
NATIONALLY RECOGNIZED STATISTICAL RATING ORGANIZATION;137
SECTION 1043 OF THE TRUTH IN LENDING ACT 15 USC 16033;0
SECTION 1811 OF THE TRUTH IN LENDING ACT 15 USC 16671;0
CUOMO V CLEARING HOUSE ASSN L L C 129 S CT 2710 2009;0
THE FEDERAL DEPOSIT INSURANCE ACT 12 USC 1811 ET SEQ;5
FEDERAL AVIATION ACT OF 1958 49 USC APP 1301 ET SEQ;0
SECTION 24 OF THE SECURITIES ACT OF 1933 15 USC 77X;0
THE CONSUMER LEASING ACT OF 1976 15 USC 1667 ET SEQ;0
THE ELECTRONIC FUND TRANSFER ACT 15 USC 1693 ET SEQ;0
THE EMPLOYEE RETIREMENT INCOME SECURITY ACT OF 1974;3
THE EQUAL CREDIT OPPORTUNITY ACT 15 USC 1691 ET SEQ;0
OFFICE OF FINANCIAL PROTECTION FOR OLDER AMERICANS;0
PERSON REGULATED BY THE FARM CREDIT ADMINISTRATION;0
SECTION 111 OF THE FEDERAL RESERVE ACT 12 USC 2481;0
SECTION 552B OR 552A OF TITLE 5 UNITED STATES CODE;0
NATIONWIDE MORTGAGE LICENSING SYSTEM AND REGISTRY;3
MORTGAGE LICENSING ACT OF 2008 12 USC 5101 ET SEQ;0
MORTGAGE LICENSING ACT OF 2008 12 USC 5102 ET SEQ;0
THE FEDERAL TRADE COMMISSION ACT 15 USC 41 ET SEQ;0
THE INTERNATIONAL BANKING ACT OF 1978 12 USC 3101;1
THE REAL ESTATE SETTLEMENT PROCEDURES ACT OF 1974;5
COMMITTEE ON COMMERCE SCIENCE AND TRANSPORTATION;0
RESOURCE CENTER ON WOMEN AND RETIREMENT PLANNING;0
FINANCIAL PRIVACY ACT OF 1978 12 USC 3401 ET SEQ;0
PACKERS AND STOCKYARDS ACT 1921 7 USC 181 ET SEQ;0
THE EXPEDITED FUNDS AVAILABILITY ACT 12 USC 4006;0
THE FAIR CREDIT REPORTING ACT 15 USC 1681 ET SEQ;0
NATIONAL ASSOCIATION OF INSURANCE COMMISSIONERS;11
PERSON REGULATED BY A STATE INSURANCE REGULATOR;0
THE BANK SERVICE COMPANY ACT 12 USC 1861 ET SEQ;1
THE FEDERAL CREDIT UNION ACT 12 USC 1751 ET SEQ;2
COMMITTEE ON BANKING HOUSING AND URBAN AFFAIRS;82
FARM SECURITY AND RURAL INVESTMENT ACT OF 2002;0
THE FAIR CREDIT BILLING ACT 15 USC 1666 ET SEQ;0
THE FARM CREDIT ACT OF 1971 12 USC 2001 ET SEQ;3
THE CONSUMER FINANCIAL PROTECTION ACT OF 2010;5
THE FEDERAL DEPOSIT INSURANCE ACT 12 USC 1813;13
THE FEDERAL DEPOSIT INSURANCE ACT 12 USC 1818;9
THE HIGHER EDUCATION ACT OF 1965 20 USC 1018F;0
THE INTERSTATE LAND SALES FULL DISCLOSURE ACT;0
COMMITTEE ON FINANCIAL SERVICES OF THE HOUSE;76
COMMONWEALTH OF THE NORTHERN MARIANA ISLANDS;1
DEPARTMENT OF HOUSING AND URBAN DEVELOPMENT;19
DESIGNATED AUTOMATED TELLER MACHINE NETWORK;0
FEDERAL RESERVE SYSTEM TRANSFERRED EMPLOYEE;0
FINANCIAL LITERACY AND EDUCATION COMMISSION;1
STRATEGY FOR ASSURING FINANCIAL EMPOWERMENT;0
SECTION 89013 OF TITLE 5 UNITED STATES CODE;0
THE CHILD NUTRITION ACT OF 1966 42 USC 1780;0
THE HOME OWNERS LOAN ACT 12 USC 1461 ET SEQ;2
NATIONAL CREDIT UNION ADMINISTRATION BOARD;9
SECRETARY OF HOUSING AND URBAN DEVELOPMENT;28
CHAPTER 213 OF TITLE 18 UNITED STATES CODE;0
SECTION 552A OF TITLE 5 UNITED STATES CODE;2
OFFICE OF THE COMPTROLLER OF THE CURRENCY;92
CHAPTER 89A OF TITLE 5 UNITED STATES CODE;1
INSPECTOR GENERAL ACT OF 1978 5 USC APP 3;0
THE REAL ESTATE SETTLEMENT PROCEDURES ACT;0
COMPTROLLER GENERAL OF THE UNITED STATES;57
CHAPTER 33 OF TITLE 5 UNITED STATES CODE;0
CHAPTER 71 OF TITLE 5 UNITED STATES CODE;4
CHAPTER 83 OF TITLE 5 UNITED STATES CODE;0
CHAPTER 84 OF TITLE 5 UNITED STATES CODE;0
CHAPTER 89 OF TITLE 5 UNITED STATES CODE;0
FAIR CREDIT BILLING ACT 15 USC 16661666J;0
NATIONAL COMMERCE ACT 15 USC 7001 ET SEQ;0
SECTION 5G OF THE COMMODITY EXCHANGE ACT;0
THE FEDERAL CREDIT UNION ACT 12 USC 1752;3
THE HOME MORTGAGE DISCLOSURE ACT OF 1975;0
BUREAU OF CONSUMER FINANCIAL PROTECTION;14
CONSUMER FINANCIAL PROTECTION FUNCTIONS;0
EDUCATION IMPROVEMENT ACT 20 USC 9702C1;0
FEDERAL TRADE COMMISSION ACT 15 USC 45A;0
SECTION 103 OF THE TRUTH IN LENDING ACT;0
TRUTH IN LENDING ACT 15 USC 1601 ET SEQ;0
TRUTH IN SAVINGS ACT 12 USC 4301 ET SEQ;0
DEPOSITORY INSTITUTION HOLDING COMPANY;24
FEDERAL HOME LOAN MORTGAGE CORPORATION;6
FEDERAL RESERVE SYSTEM RETIREMENT PLAN;0
FAIR CREDIT REPORTING ACT 15 USC 1681M;0
THE FAIR DEBT COLLECTION PRACTICES ACT;0
TREASURY REGULATIONS SECTION 11031K1G3;0
TREASURY REGULATIONS SECTION 11031K1G4;0
CONSUMER FINANCIAL PRODUCT OR SERVICE;0
FEDERAL DEPOSIT INSURANCE CORPORATION;80
FEDERAL NATIONAL MORTGAGE ASSOCIATION;6
BANK SERVICE COMPANY ACT 12 USC 1867C;0
REVISED STATUTES OF THE UNITED STATES;13
THE HOMEOWNERS PROTECTION ACT OF 1998;0
THE INTERNATIONAL BANKING ACT OF 1978;3
COMMODITY FUTURES TRADING COMMISSION;141
CONSUMER FINANCIAL PROTECTION BUREAU;5
NATIONAL CREDIT UNION ADMINISTRATION;12
SECTION 1101 OF THAT ACT 12 USC 3401;0
THE BANK HOLDING COMPANY ACT OF 1956;16
THE EXPEDITED FUNDS AVAILABILITY ACT;0
FEDERAL EMPLOYEE RETIREMENT PROGRAM;0
UNITED STATES SENTENCING COMMISSION;0
SAFE MORTGAGE LICENSING ACT OF 2008;0
THE INVESTMENT ADVISERS ACT OF 1940;51
THE SECURITIES EXCHANGE ACT OF 1934;80
APPROPRIATE FEDERAL BANKING AGENCY;152
FEDERAL RESERVE SYSTEM THRIFT PLAN;0
PERSON REGULATED BY THE COMMISSION;0
SECURITIES AND EXCHANGE COMMISSION;153
SUPREME COURT OF THE UNITED STATES;1
THE CONSUMER CREDIT PROTECTION ACT;0
THE FEDERAL RESERVE ACT 12 USC 248;5
THE FEDERAL RESERVE ACT 12 USC 371;7
THE INVESTMENT COMPANY ACT OF 1940;26
PREDISPUTE ARBITRATION AGREEMENTS;2
THE FEDERAL DEPOSIT INSURANCE ACT;40
THE FEDERAL SENTENCING GUIDELINES;0
THE SMALL BUSINESS ACT 15 USC 632;0
PREDISPUTE ARBITRATION AGREEMENT;4
TRANSMITTING OR EXCHANGING FUNDS;0
FEDERAL RULES OF CIVIL PROCEDURE;7
SECTION 214E1 15 USC 1681S3 NOTE;0
THE ELECTRONIC FUND TRANSFER ACT;0
THE EQUAL CREDIT OPPORTUNITY ACT;0
THE FEDERAL AVIATION ACT OF 1958;0
THE FEDERAL TRADE COMMISSION ACT;0
THE HIGHER EDUCATION ACT OF 1965;0
THE HOME MORTGAGE DISCLOSURE ACT;0
TRUTH IN LENDING ACT 15 USC 1650;0
COLLECTIVE BARGAINING AGREEMENT;3
COMMITTEE ON FINANCIAL SERVICES;5
ENVIRONMENTAL PROTECTION AGENCY;1
INSTITUTION OF HIGHER EDUCATION;0
CREDIT TRANSACTIONS ACT OF 2003;0
EXAMINATION COUNCIL ACT OF 1978;0
PACKERS AND STOCKYARDS ACT 1921;0
SECTION 112B 15 USC 1681C1 NOTE;0
SECTION 214B 15 USC 1681S3 NOTE;0
THE CHILD NUTRITION ACT OF 1966;0
TO THE FULLEST EXTENT POSSIBLE;13
CONSUMER PROTECTION REGULATION;0
FEDERAL CONSUMER FINANCIAL LAW;0
INSURED DEPOSITORY INSTITUTION;146
UNITED STATES COURT OF APPEALS;9
FEDERAL RESERVE ACT 12 USC 371;0
FOOD AND NUTRITION ACT OF 2008;0
MORTGAGE LICENSING ACT OF 2008;3
SECTION 10C 12 USC 2609C AND D;0
SECTION 211D 15 USC 1681J NOTE;0
SECTION 605H2A 15 USC 1681CH2A;0
SECTION 615D2B 15 USC 1681MD2B;0
THE OMNIBUS APPROPRIATIONS ACT;0
APPROPRIATE FEDERAL REGULATOR;6
INTERNAL REVENUE CODE OF 1986;8
PLAIN LANGUAGE COMPREHENSIBLE;0
SPECIFIED PLAN OR ARRANGEMENT;0
EQUITY PROTECTION ACT OF 1994;1
FINANCIAL PRIVACY ACT OF 1978;0
THE FAIR CREDIT REPORTING ACT;0
DISTRICT OF COLUMBIA CIRCUIT;8
ELECTRONIC DEBIT TRANSACTION;0
FINANCIAL PRODUCT OR SERVICE;0
OFFICE OF FINANCIAL RESEARCH;22
OFFICE OF THRIFT SUPERVISION;191
REMITTANCE TRANSFER PROVIDER;0
SAVINGS AND LOAN INSTITUTION;0
SECRETARY OF LABOR CONCLUDES;0
SELF-REGULATORY ORGANIZATION;45
STATE CONSUMER FINANCIAL LAW;0
SURFACE TRANSPORTATION BOARD;0
CHAPTER 5 15 USC 1667 ET SEQ;0
SECTION 603K2 15 USC 1681AK2;0
SECTION 615E1 15 USC 1681ME1;0
SECTION 615H6 15 USC 1681MH6;0
SECTION 628A1 15 USC 1681WA1;0
SECTION 628A3 15 USC 1681WA3;0
SECTION 704A4 15 USC 1691CA4;0
THE FEDERAL CREDIT UNION ACT;2
COMMONWEALTH OF PUERTO RICO;3
COMPTROLLER OF THE CURRENCY;130
ELECTRONIC BENEFIT TRANSFER;0
ELECTRONIC CONDUIT SERVICES;0
FEDERAL SAVINGS ASSOCIATION;40
GEOGRAPHICAL BACKGROUND AGE;0
INTERCHANGE TRANSACTION FEE;0
MEMORANDUM OF UNDERSTANDING;8
SECRETARY OF TRANSPORTATION;0
TRANSPARENCY AND DISCLOSURE;0
CODE OF FEDERAL REGULATIONS;12
SECTION 105F1 15 USC 1604F1;0
SECTION 502E5 15 USC 6802E5;0
SECTION 505B1 15 USC 6805B1;0
SECTION 611E2 15 USC 1681IE;0
SECTION 615E1 15 USC 1681ME;0
SECTIONS 615E 15 USC 1681ME;0
THE CREDIT CARD ACT OF 2009;0
THE FAIR CREDIT BILLING ACT;0
THE FARM CREDIT ACT OF 1971;1
THE PAPERWORK REDUCTION ACT;1
BUREAU OF LABOR STATISTICS;1
DEPARTMENT OF THE TREASURY;18
FARM CREDIT ADMINISTRATION;4
UNITED STATES ARMED FORCES;0
SECTION 1112E 12 USC 3412E;0
SECTION 1416A 15 USC 1715A;0
SECTION 604G 15 USC 1681BG;0
SECTION 706E 15 USC 1691EE;0
SECTION 706F 15 USC 1691EF;0
SECTION 706G 15 USC 1691EG;0
SECTION 904C 15 USC 1693BC;0
THE COMMODITY EXCHANGE ACT;61
ACCOMMODATION TITLEHOLDER;0
AUTOMATED TELLER MACHINES;0
FEDERAL REGULATORY AGENCY;8
FINANCIAL HOLDING COMPANY;8
RESIDENTIAL MORTGAGE LOAN;94
SECRETARY OF THE INTERIOR;0
SECRETARY OF THE TREASURY;38
SPECIAL DAMAGES SUSTAINED;1
STATE INSURANCE REGULATOR;11
STATE SAVINGS ASSOCIATION;32
EDUCATION IMPROVEMENT ACT;0
SECTION 105A 15 USC 1604A;0
SECTION 105B 15 USC 1604B;0
SECTION 272B 12 USC 4311B;0
SECTION 501B 15 USC 6801B;0
SECTION 504A 15 USC 6804A;0
SECTION 505A 15 USC 6805A;0
SECTION 623 15 USC 1681S2;0
SECTION 6J3 12 USC 2605J3;0
SECTION 8C5 12 USC 2607C5;0
SECTION 902B 15 USC 1693B;0
SECTION 916D 15 USC 1693M;0
SUBPARAGRAPHS A THROUGH G;1
SUBPARAGRAPHS A THROUGH K;0
SUBPARAGRAPHS B THROUGH E;1
THE INSPECTOR GENERAL ACT;0
AUTOMATED TELLER MACHINE;0
DESIGNATED TRANSFER DATE;4
ENUMERATED CONSUMER LAWS;1
EXISTING RETIREMENT PLAN;4
FEDERAL BANKING AGENCIES;48
FEDERAL CREDIT UNION ACT;1
HOUSE OF REPRESENTATIVES;28
REQUESTS FOR INFORMATION;5
SECRETARY OF AGRICULTURE;2
SECURITIES FRAUD OFFENSE;0
SENIOR EXECUTIVE SERVICE;3
REVENUE PROCEDURE 200037;0
SECTION 1113 12 USC 3413;0
SECTION 1402 15 USC 1701;0
SECTION 1503 12 USC 5102;0
SECTION 1507 12 USC 5106;0
SECTION 1508 12 USC 5107;0
SECTION 1510 12 USC 5109;0
SECTION 1513 12 USC 5112;0
SECTION 1514 12 USC 5113;0
SECTION 270A 12 USC 4309;0
SECTION 272B 12 USC 4311;0
SECTION 306 12 USC 2805B;0
SECTION 507B 15 USC 6807;0
SECTION 603 15 USC 1681A;0
SECTION 621 15 USC 1681S;0
SECTION 702 15 USC 1691A;0
SECTION 703 15 USC 1691B;0
SECTION 704 15 USC 1691C;0
SECTION 803 12 USC 38021;0
SECTION 803 15 USC 1692A;0
SECTION 814 15 USC 1692L;0
SECTION 8336D2 OR 8414B1;1
SECTION 903 15 USC 1693A;0
SECTION 904 15 USC 1693B;0
SECTION 918 15 USC 1693O;0
SUBSECTIONS B THROUGH BB;0
SUBSECTIONS C THROUGH CC;0
THE HOME OWNERS LOAN ACT;11
THE NATIONAL HOUSING ACT;4
DEPOSITORY INSTITUTIONS;19
DEPOSIT-TAKING ACTIVITY;0
FLEXIBLE WORK SCHEDULES;1
GOVERNMENT-ADMINISTERED;0
MINORITY-OWNED BUSINESS;2
TAKE INTO CONSIDERATION;16
UNDERSERVED COMMUNITIES;6
WORKPLACE FLEXIBILITIES;1
PARAGRAPHS 2 THROUGH 12;0
PARAGRAPHS 3 THROUGH 11;0
PARAGRAPHS 4 THROUGH 12;0
SECTION 103 15 USC 1602;0
SECTION 105 15 USC 1604;0
SECTION 108 15 USC 1604;0
SECTION 129 15 USC 1639;0
SECTION 274 12 USC 4313;0
SECTION 303 12 USC 2802;0
SECTION 304 12 USC 2803;0
SECTION 305 12 USC 2804;0
SECTION 307 12 USC 2806;0
SECTION 43 12 USC 1831T;0
SECTION 7B 12 USC 2606B;0
SECTION 804 12 USC 3803;0
SECTION 8D 12 USC 2607D;0
SECTION 8T 12 USC 1818T;0
SUBSECTIONS A THROUGH E;0
SUBSECTIONS A THROUGH H;0
SUBSECTIONS B C M AND O;0
SUBSECTIONS B THROUGH F;0
THE FEDERAL RESERVE ACT;17
THE PRIVACY ACT OF 1974;0
AS SOON AS PRACTICABLE;5
DEPOSITORY INSTITUTION;75
ENCOURAGE COMPLAINANTS;0
FEDERAL BANKING AGENCY;14
FINANCIAL INSTITUTIONS;76
INSTITUTION-AFFILIATED;4
MILITARY INSTALLATIONS;0
PRIVATE EDUCATION LOAN;0
SMALL BUSINESS CONCERN;1
CHAPTER 89B OF TITLE 5;1
GRAMM-LEACH-BLILEY ACT;26
PARAGRAPHS 1 THROUGH 3;2
PARAGRAPHS 1 THROUGH 4;4
PARAGRAPHS 1 THROUGH 5;2
PARAGRAPHS 1 THROUGH 6;0
PARAGRAPHS 1 THROUGH 7;0
PARAGRAPHS 1 THROUGH 8;0
PARAGRAPHS 2 THROUGH 4;1
PARAGRAPHS 2 THROUGH 5;2
PARAGRAPHS 2 THROUGH 7;1
PARAGRAPHS 2 THROUGH 8;0
PARAGRAPHS 3 THROUGH 5;1
PARAGRAPHS 3 THROUGH 6;0
PARAGRAPHS 3 THROUGH 9;0
PARAGRAPHS 5 THROUGH 7;0
SECTION 1025A OR 1026A;0
SECTION 16 12 USC 2614;0
SECTION 18 12 USC 2616;0
SECTION 19 12 USC 2617;0
ANTI-MONEY LAUNDERING;1
BUSINESS OF INSURANCE;11
FINANCIAL INSTITUTION;73
FINANCIAL TRANSACTION;14
FUNCTIONAL SIMILARITY;0
PREDOMINANTLY ENGAGED;14
REEMPLOYED ANNUITANTS;1
WORKFORCE FLEXIBILITY;1
CHAPTER 87 OF TITLE 5;2
CHAPTER 90 OF TITLE 5;1
CLAUSES I THROUGH III;7
SECTION 3 12 USC 2602;0
SECTION 4 12 USC 2603;0
SECTION 5 12 USC 2604;0
SUBPARAGRAPHS A AND B;20
SUBPARAGRAPHS B AND C;8
RULES OF CONSTRUCTION;6
ACCOUNTING STANDARDS;5
ACTIVITIES CONDUCTED;5
BANK HOLDING COMPANY;125
BUREAU INVESTIGATION;0
CHILDCARE ASSISTANCE;1
DESIGNATED RECIPIENT;0
DISTRICT OF COLUMBIA;8
DOCUMENTARY MATERIAL;0
EXCHANGE FACILITATOR;0
FEDERAL CREDIT UNION;0
FINANCIAL INSTRUMENT;4
FINANCIAL STATEMENTS;6
INSURED CREDIT UNION;12
MOTOR VEHICLE DEALER;0
PAYMENT CARD NETWORK;0
PRUDENTIAL REGULATOR;72
THOROUGHNESS EVIDENT;0
TRANSFERRED EMPLOYEE;39
WOMEN-OWNED BUSINESS;6
628A1 15 USC 1681WA1;0
CLAUSES I THROUGH IX;1
CREDIT REPORTING ACT;0
SUBCLAUSES I AND III;1
THE FAIR HOUSING ACT;0
THE FALSE CLAIMS ACT;0
TRADE COMMISSION ACT;0
TRUTH IN LENDING ACT;8
TRUTH IN SAVINGS ACT;0
LESS FREQUENTLY THAN;17
RULE OF CONSTRUCTION;45
CONFERRING AUTHORITY;0
APRIL 30 BIENNIALLY;0
BUREAU INVESTIGATOR;0
CIVIL MONEY PENALTY;6
COMPILATIONS STORED;0
COMPTROLLER GENERAL;80
CONSUMER PROTECTION;6
DIVERSE BACKGROUNDS;1
FINANCIAL CONDITION;14
MATURITIES SUITABLE;3
PAYMENT INSTRUMENTS;0
REMITTANCE TRANSFER;0
SAVINGS ASSOCIATION;59
SMALL BUSINESS LOAN;0
SUCCESSION PLANNING;1
TAX RETURN PREPARER;0
TRANSFEROR AGENCIES;0
IN CONJUNCTION WITH;3
15 USC 1681ME 1681W;0
GLOBAL COMMERCE ACT;0
PARAGRAPHS 7 AND 11;0
PART 875 OF TITLE 5;1
SUBPARAGRAPH A OR B;11
SUBPARAGRAPH B OR C;0
SUBSECTIONS A AND B;21
SUBSECTIONS A AND E;0
SUBSECTIONS B AND C;5
SUBSECTIONS B AND D;2
SUBSECTIONS W AND X;0
SUBSECTIONS X AND Y;0
DIFFERENTIATED FROM;0
ON THE GROUNDS THAT;1
UNDESIGNATED MATTER;7
DISPROPORTIONATELY;2
BENEFITS AND RISKS;1
BOARD OF GOVERNORS;457
CASE-BY-CASE BASIS;1
EXECUTIVE SCHEDULE;4
FARM CREDIT SYSTEM;9
FINANCIAL LITERACY;8
FINANCIAL SERVICES;14
FOREIGN GOVERNMENT;16
INVESTMENT ADVISER;69
INVESTMENT COMPANY;18
PAYMENT INSTRUMENT;0
POLICY-DETERMINING;2
PROPER FUNCTIONING;1
RECREATIONAL BOATS;0
SELF-INCRIMINATION;0
SUPERVISORY AGENCY;49
TELECOMMUNICATIONS;0
IN CONNECTION WITH;148
GRAMM-LEACH-BLILEY;1
PARAGRAPHS 1 AND 2;22
PARAGRAPHS 2 AND 3;8
PARAGRAPHS 3 AND 4;1
SUBPARAGRAPH AXIII;0
UNITED STATES CODE;108
WRIT OF CERTIORARI;1
AS THE CASE MAY BE;13
FOR THE PURPOSE OF;57
IN ACCORDANCE WITH;205
IN CONFORMITY WITH;2
AFFECTED EMPLOYEE;4
AVOID DUPLICATION;4
CONTEMPORANEOUSLY;0
DEPOSIT INSURANCE;31
EXECUTIVE OFFICER;9
FINANCIAL MARKETS;20
FINANCIAL PRODUCT;13
GRADUAL WIND-DOWN;0
JUDICIAL DISTRICT;6
MANUFACTURED HOME;1
NONDISCRIMINATORY;0
PHASED RETIREMENT;1
POLICY-ADVOCATING;2
PROCEEDS CREDITED;3
PUBLIC DISCLOSURE;18
RECOGNIZE WARNING;0
RECOGNIZED INDIAN;0
REPORTED PUBLICLY;5
TRANSFEROR AGENCY;0
UNJUST ENRICHMENT;1
WRITTEN AGREEMENT;7
IN THE CONTEXT OF;4
SUBTITLES F AND H;0
IN THE EVENT THAT;8
INCONSISTENT WITH;9
AFFIRMATIVE VOTE;20
ATTORNEY GENERAL;18
BECOME EFFECTIVE;15
CEASE AND DESIST;2
CEASE-AND-DESIST;5
COURT OF APPEALS;9
COVERED EMPLOYEE;0
DIFFERENTIATIONS;1
DISPUTES ARISING;1
EXISTING REPORTS;5
FINANCIAL SYSTEM;70
FOREIGN EXCHANGE;5
MACHINE READABLE;0
MARINE EQUIPMENT;0
MONEY LAUNDERING;1
NONDISCRETIONARY;0
PAYMENT SERVICES;0
PERIOD BEGINNING;67
REINVESTIGATIONS;0
RESOLVE DISPUTES;1
RESPONSIBILITIES;44
REVERSE MORTGAGE;11
SENIORITY STATUS;2
SERVICE PROVIDER;3
STENOGRAPHICALLY;0
UNENFORCEABILITY;1
WELL-FUNCTIONING;0
15 USC 1601 NOTE;0
918 15 USC 1693O;0
FAIR HOUSING ACT;0
PARAGRAPH 5 OR 6;1
FOR THE PURPOSES;25
IN ANY OTHER WAY;0
IN SUCH A WAY AS;0
PURSUANT THERETO;1
JANUARY 31 2011;0
APPROPRIATENESS;4
ATTORNEY-CLIENT;1
BRINGS TOGETHER;0
CHARACTERISTICS;7
CLASSIFICATIONS;1
COMMUNITY-BASED;1
CONFIDENTIALITY;40
CONSERVATORSHIP;3
DIFFERENTIATION;4
ELECTRONIC MAIL;3
FEDERAL RESERVE;95
INFORMATIONALLY;0
INTERPRETATIONS;9
JUDICIAL REVIEW;9
ONSITE DISPLAYS;0
ORDINARY COURSE;8
POINTS AND FEES;17
REPRESENTATIVES;100
RESPONSIBLE FOR;39
RETIREES LIVING;0
RISKS AND COSTS;1
SECURITIES LAWS;34
STANDARDIZATION;1
STATE-CHARTERED;8
TELEPHONE CALLS;2
TRAVELERS CHECK;0
TUITION PROGRAM;1
WRITTEN REQUEST;8
ASSOCIATED WITH;111
IN FAVOR OF THE;3
15 USC 68026809;0
PUBLIC LAW 1118;0
SECTION 1013A2B;0
SECTION 1027A2A;0
SECTION 1027A2C;0
SECTION 1061B5E;0
SECTION 1064I1C;0
SECTION 2302B11;0
SECTION 7701A36;0
SECTION 8706B1A;1
SECTION 8905B1A;0
THIS SUBSECTION;345
IRRESPECTIVE OF;0
NOTWITHSTANDING;137
PROPORTIONAL TO;0
UNCONDITIONALLY;8
WITH RESPECT TO;485
SUBSTITUTED FOR;3
RECOMMENDATIONS;123
WHERE FEASIBLE;2
ACCOUNTABILITY;36
ADMINISTRATION;30
ADMINISTRATIVE;67
ADVERTISEMENTS;2
AMERICAN SAMOA;3
APPROPRIATIONS;16
AUTHENTICATION;0
BANKING SYSTEM;3
CARE INSURANCE;6
CERTIFICATIONS;7
CERTIFIED MAIL;2
CLASSIFICATION;2
COMMUNICATIONS;4
CONSIDERATIONS;40
CONSTITUTIONAL;2
COST-EFFECTIVE;0
COUNTERVAILING;0
COVERED PERSON;1
DEPOSIT-TAKING;0
DISCRIMINATION;8
DISCRIMINATORY;1
EFFECTIVE DATE;85
ELECTRONICALLY;2
ENFORCEABILITY;0
EXPERT WITNESS;2
FEDERAL AGENCY;29
IDENTIFICATION;26
IMPLEMENTATION;41
INCONVENIENCES;0
INFRASTRUCTURE;0
INTERPRETATION;11
INVESTIGATIONS;16
JURISDICTIONAL;1
MINORITY-OWNED;4
NATIONAL GUARD;0
PARENS PATRIAE;0
PARENTAL LEAVE;1
PART-TIME WORK;1
PRODUCT MARKET;0
RECOMMENDATION;64
REIMBURSEMENTS;12
RELATED PERSON;0
REORGANIZATION;8
REPRESENTATION;11
REPRESENTATIVE;25
RESPONSIBILITY;23
SELF-FINANCING;0
SELF-PROPELLED;0
SERVICE MEMBER;0
SMALL BUSINESS;11
TRANSPORTATION;1
UNAVAILABILITY;1
UNDERSTANDABLE;6
UNINCORPORATED;0
VIRGIN ISLANDS;3
IN ACCORD WITH;0
12 USC 1831TCF;0
15 USC 1602AA4;0
SECTION 1013B3;0
SECTION 1024C1;0
SECTION 1025A1;0
SECTION 1061B1;0
SECTION 1061B2;0
SECTION 1061B3;0
SECTION 1061B4;0
SECTION 1061B5;0
SECTION 1061B6;0
SECTION 1061B7;0
SECTION 1204C3;0
SECTION 1507A1;0
SECTION 3132A7;0
SECTION 3553A2;0
SECTION 609F2A;0
SECTION 7103A8;1
SECTION 915A2A;0
SECTIONS 8706B;1
STUDY REQUIRED;55
SUBPARAGRAPH A;327
SUBPARAGRAPH B;159
SUBPARAGRAPH C;54
SUBPARAGRAPH D;37
SUBPARAGRAPH E;10
SUBPARAGRAPH H;9
SUBPARAGRAPH L;2
SUBSECTION C1A;4
THIS PARAGRAPH;156
AS A RESULT OF;24
DEPENDING UPON;0
IN ADDITION TO;31
IN RELATION TO;4
IN THE CASE OF;105
NOT LATER THAN;244
PROVIDING THAT;0
WITH REGARD TO;27
CLAUSE HEADING;1
DETERMINATIONS;22
COMPLYING WITH;10
APPROPRIATELY;8
APRIL 20 1991;0
SIGNIFICANTLY;7
ACCOMPLISHING;0
ADMINISTERING;11
ADMINISTRATOR;3
ADVERTISEMENT;0
APPORTIONMENT;4
BACCALAUREATE;0
BENEFICIARIES;0
CALENDAR YEAR;7
CERTIFICATION;68
CIRCUMSTANCES;12
CIRCUMVENTION;5
CIVIL SERVICE;3
CLARIFICATION;10
CLEARINGHOUSE;0
COLLABORATION;0
COMMISSIONERS;3
COMMUNICATION;9
COMPARABILITY;10
COMPLEMENTARY;0
COMPREHENSIVE;24
CONSIDERATION;64
CONSPICUOUSLY;0
CONSULTATIONS;0
CONTRIBUTIONS;3
CORRESPONDENT;0
CORRESPONDING;4
CREDIT SCORES;0
CREDIT UNIONS;6
DETERMINATION;241
DIFFERENTIATE;4
DISCRIMINATED;0
DISSEMINATING;0
DISSEMINATION;2
DOCUMENTATION;19
EFFECTIVENESS;45
EXPEDITIOUSLY;3
FOREIGN BANKS;3
FRAUD-RELATED;0
HIGHER-PRICED;0
INAPPROPRIATE;3
INCARCERATION;0
INCONSISTENCY;9
INCORPORATION;2
INTEREST RATE;55
INTERNATIONAL;54
INVESTIGATING;0
INVESTIGATION;30
INVESTIGATIVE;2
INVOLUNTARILY;4
JOINT VENTURE;1
JUSTIFICATION;1
LAST SENTENCE;3
MAJORITY VOTE;2
MEMBER AGENCY;14
MODIFICATIONS;11
MOTOR VEHICLE;0
NATIONAL BANK;22
NONCOMPLIANCE;19
NONDEPOSITORY;0
NON-OPERATING;0
NORMAL COURSE;4
OPPORTUNITIES;7
ORGANIZATIONS;28
PARTICIPATING;13
PARTICIPATION;23
POLICY-MAKING;2
POSTSECONDARY;0
PRACTITIONERS;0
PREPAID CARDS;0
PRIVATIZATION;0
PUBLIC POLICY;1
QUALIFICATION;8
RECORDKEEPING;27
REFURBISHMENT;0
REIMBURSEMENT;14
REINSTATEMENT;2
REVIEWABILITY;0
SOCIOECONOMIC;0
STATISTICIANS;0
SUPREME COURT;4
TAX PREPARERS;0
TAX-QUALIFIED;2
TECHNOLOGICAL;2
TRADITIONALLY;2
TRANSACTIONAL;0
TRANSCRIPTION;0
TRANSMISSIONS;0
TRANSPARENTLY;0
UNDERSTANDING;5
UNENFORCEABLE;3
UNITED STATES;346
VICE CHAIRMAN;8
APPLICABILITY;20
APPLICABLE TO;75
SUBSTANTIALLY;29
PARAGRAPH 15A;0
SECTION 1025A;0
SECTION 1025C;0
SECTION 1026A;0
SECTION 1029A;0
SECTION 103AA;0
SECTION 1042A;0
SECTION 18A1B;0
SECTION 19B1A;0
SECTION 3512C;0
SECTION 3730H;0
SECTION 4302D;0
SECTION 501C3;3
SECTION 505A6;0
SECTION 513C1;0
SECTION 529B1;0
SECTION 605F1;0
SECTION 609D2;0
SECTION 609F1;0
SECTION 623A1;0
SECTION 904A2;0
SECTIONS 1022;0
SECTIONS 1024;0
SECTIONS 1044;0
SECTIONS 105I;0
SECTIONS 1081;0
SECTIONS 401A;0
SECTIONS 615E;0
SUBCHAPTER II;2
SUBSECTION A1;35
SUBSECTION A2;20
SUBSECTION A3;5
SUBSECTION A4;7
SUBSECTION A7;3
SUBSECTION A8;3
SUBSECTION AA;4
SUBSECTION B1;11
SUBSECTION B2;32
SUBSECTION B3;6
SUBSECTION B4;6
SUBSECTION B6;1
SUBSECTION C1;6
SUBSECTION C2;7
SUBSECTION C4;1
SUBSECTION D1;10
SUBSECTION F1;2
SUBSECTION F2;3
SUBSECTION H5;0
SUBSECTION L2;0
THIS SUBTITLE;88
CONDITIONALLY;6
IN WHICH CASE;4
PROVIDED THAT;22
REGARDLESS OF;16
TO THE EXTENT;103
TOGETHER WITH;23
REDESIGNATING;86
SUBSTANTIVELY;0
AUTHORIZATION;26
COMPLIES WITH;14
ESTABLISHMENT;53
CONSISTENTLY;5
PERIODICALLY;16
SEPTEMBER 30;3
UNACCEPTABLE;8
ACCOMPANYING;1
ACCOMPLISHED;0
ADJUDICATION;2
ADMINISTERED;9
AFFIRMATIONS;1
ALTERNATIVES;5
APPLICATIONS;5
APPOINTMENTS;1
APPROPRIATED;24
ARRANGEMENTS;22
ASCERTAINING;0
AVAILABILITY;51
BUSINESS DAY;18
CANCELLATION;4
CENSUS TRACT;2
CHARGE-BACKS;0
COLLECTIVELY;3
COMMENCEMENT;9
COMMISSIONER;9
COMMITTED TO;0
COMMUNICATED;0
COMPENSATING;2
COMPENSATION;135
COMPENSATORY;3
COMPILATIONS;0
CONFIDENTIAL;24
CONSOLIDATED;22
CONSTITUTION;1
CONSULTATION;130
CONTINUATION;6
CONTRIBUTING;3
CONTRIBUTION;8
COORDINATING;1
COORDINATION;42
COST-BENEFIT;0
CREDIT CARDS;0
CREDIT SCORE;0
CREDIT UNION;11
DEFINITENESS;0
DEMONSTRATES;3
DEPOSITORIES;0
DESIGNATIONS;14
DEVELOPMENTS;8
DISADVANTAGE;1
DISCRIMINATE;2
DISGORGEMENT;12
DISPOSITIONS;0
DISTRIBUTION;14
ECONOMICALLY;8
EXAMINATIONS;62
EXPENDITURES;0
EXPLANATIONS;0
FACILITATING;6
FAIR LENDING;1
FOREIGN BANK;28
FUNCTIONS OF;43
GOVERNMENTAL;22
IDENTIFIABLE;3
IMPRISONMENT;0
IMPROVEMENTS;13
INAPPLICABLE;0
INCORPORATED;12
INDEBTEDNESS;6
INEFFICIENCY;0
INSTALLMENTS;2
INSTITUTIONS;63
INSTRUCTIONS;2
INSURABILITY;2
INTERMEDIARY;2
INTERMEDIATE;6
INTRODUCTORY;5
INVESTIGATOR;0
IRREGULARITY;1
JURISDICTION;96
MEASUREMENTS;0
MODIFICATION;35
MODULAR HOME;0
NONFINANCIAL;1
NONFRIVOLOUS;0
NOTIFICATION;31
ORDER ISSUED;8
ORGANIZATION;66
PARTICIPANTS;67
PARTICIPATED;5
PARTICIPATES;6
PREPAID CARD;0
PRESCRIPTION;1
PRESENTATION;0
PRESERVATION;3
PROFESSIONAL;31
PUBLICATIONS;0
REASSIGNMENT;1
RECREATIONAL;0
REGISTRATION;109
RELATIONSHIP;7
RELINQUISHED;0
RENEGOTIATED;0
REPRODUCTION;0
REQUIREMENTS;408
SATISFACTORY;0
SIGNIFICANCE;5
SIMULTANEOUS;3
SOLICITATION;18
STANDARDIZED;5
STENOGRAPHER;0
STORED VALUE;0
SUBSIDIARIES;41
SUBSTANTIATE;0
TRANSACTIONS;173
TRANSFERRING;7
TRANSMISSION;4
TRANSMITTING;1
TRANSPARENCY;19
TRANSPORTING;0
UNAFFILIATED;8
UNDER-BANKED;0
UNDERWRITERS;4
UNDERWRITING;21
UNREASONABLE;3
VERIFICATION;7
BY REASON OF;11
BY VIRTUE OF;9
ON BEHALF OF;61
TRANSITIONAL;1
20 USC 9702D;0
B EXCEPTIONS;1
PARAGRAPH 10;5
PARAGRAPH 11;7
PARAGRAPH 13;14
PARAGRAPH 15;1
PARAGRAPH 17;2
PARAGRAPH 1A;28
PARAGRAPH 1B;19
PARAGRAPH 1C;6
PARAGRAPH 22;5
PARAGRAPH 2A;17
PARAGRAPH 2B;20
PARAGRAPH 3A;10
PARAGRAPH 3B;9
PARAGRAPH 4B;9
SECTION 1002;1
SECTION 1011;1
SECTION 1013;3
SECTION 101C;0
SECTION 1022;0
SECTION 1023;0
SECTION 1025;0
SECTION 1026;0
SECTION 1029;0
SECTION 1031;1
SECTION 104A;2
SECTION 105I;0
SECTION 1061;0
SECTION 1062;2
SECTION 1076;0
SECTION 1083;0
SECTION 108C;0
SECTION 1101;0
SECTION 1254;0
SECTION 1291;0
SECTION 129M;0
SECTION 1348;0
SECTION 1361;0
SECTION 140D;0
SECTION 141F;0
SECTION 1503;0
SECTION 1509;0
SECTION 1517;0
SECTION 158A;0
SECTION 158B;0
SECTION 2105;1
SECTION 2112;1
SECTION 3503;2
SECTION 3513;0
SECTION 435M;0
SECTION 501B;0
SECTION 5136;3
SECTION 513D;0
SECTION 5244;0
SECTION 5313;0
SECTION 6004;0
SECTION 604A;0
SECTION 609D;0
SECTION 615D;0
SECTION 703F;0
SECTION 704A;0
SECTION 716C;0
SECTION 7216;0
SECTION 8714;1
SECTION 8909;1
SECTION 906A;0
SECTIONS 104;0
SECTIONS 303;0
SECTIONS 502;0
SECTIONS 905;0
SECTIONS 916;0
SECTIONS 919;0
SECTIONS 920;0
SECTIONS 921;0
SUBSECTION A;210
SUBSECTION B;141
SUBSECTION C;53
SUBSECTION D;39
SUBSECTION E;34
SUBSECTION F;19
SUBSECTION H;12
SUBSECTION I;10
SUBSECTION J;8
SUBSECTION M;4
SUBSECTION S;3
SUBSECTION V;1
THIS SECTION;622
A VARIETY OF;1
COMPRISED OF;1
CONSTITUTING;1
EARLIER THAN;7
GREATER THAN;14
IN EXCESS OF;13
INCIDENTALLY;0
PARTICULARLY;4
RESPECTIVELY;59
SPECIFICALLY;24
DIFFERENTIAL;5
PROMULGATION;2
REDESIGNATED;56
SUBPARAGRAPH;70
ESTABLISHING;50
IMPLEMENTING;21
PROHIBITIONS;11
RESTRICTIONS;27
10000000000;13
APPROPRIATE;469
DECEMBER 31;7
ENFORCEABLE;25
IMMEDIATELY;31
PERMISSIBLE;13
SEMI-ANNUAL;1
SIGNIFICANT;69
SUBSTANTIAL;25
UNNECESSARY;3
UNWARRANTED;0
ACCOMPANIED;3
ACCOUNTANTS;3
ADJUSTMENTS;18
ADVERTISING;6
AFFILIATION;0
AFFIRMATION;0
AFFIRMATIVE;2
AIR CARRIER;0
ALLEGATIONS;6
ALTERNATIVE;15
ANTICIPATED;0
APPEARANCES;2
APPLICATION;80
APPOINTMENT;88
ARBITRATION;14
ARRANGEMENT;20
ASSESSMENTS;52
ASSIGNED TO;3
ASSIGNMENTS;6
ASSOCIATION;66
AUTHORITIES;56
BANKING LAW;0
CALCULATION;9
CARRIES OUT;3
CENTRALIZED;1
CERTIFICATE;7
CHAIRPERSON;56
CIRCULATION;2
CITIZENSHIP;0
COMBINATION;8
COMMISSIONS;23
COMMUNITIES;10
COMPENSATED;4
COMPETITION;8
COMPETITIVE;16
COMPILATION;1
COMPLAINANT;0
COMPOSITION;5
COMPTROLLER;46
CONFLICTING;3
CONNECTIONS;0
CONSERVATOR;7
CONSISTENCY;4
CONSOLIDATE;2
CONSPICUOUS;2
CONSTITUTES;15
CONSTRAINTS;0
CONTRACTING;4
CONTRACTUAL;13
CONTROLLING;15
CONTROVERSY;2
COOPERATIVE;4
COORDINATED;6
CORPORATION;752
CORRESPONDS;0
CREDENTIALS;0
CREDIT CARD;1
CULPABILITY;0
DEBIT CARDS;0
DEFINITIONS;93
DEPARTMENTS;6
DESCRIPTION;56
DESIGNATION;38
DESTINATION;0
DETERMINING;63
DEVELOPMENT;36
DISCLOSURES;32
DISSEMINATE;5
DISSOLUTION;3
DISTINGUISH;1
EDUCATIONAL;5
EFFICIENTLY;2
ELIMINATING;3
ENFORCEMENT;176
EVIDENTIARY;1
EXAMINATION;108
EXCLUSIVITY;0
EXPENDITURE;0
EXPERIENCES;1
EXPLANATION;30
FACILITATES;9
FEASIBILITY;10
FLEXIBILITY;1
FORECLOSURE;49
FOUNDATIONS;0
FREDDIE MAC;13
FUNCTION OF;9
FUNCTIONING;2
FURTHERANCE;15
GENERAL-USE;0
HIGH GROWTH;0
HOME OWNERS;2
HOUSE BUILT;0
IDENTIFYING;17
IMPEDIMENTS;0
IMPROVEMENT;3
INCREMENTAL;3
INDEPENDENT;64
INDIVIDUALS;47
INFLUENCING;3
INFORMATION;570
INITIATIVES;5
INSTITUTION;54
INSTRUCTION;0
INSTRUMENTS;39
INTERPRETED;3
INTERVENING;0
INVESTIGATE;12
INVESTMENTS;40
INVOLVEMENT;5
ITEMIZATION;1
LARGE BANKS;0
LEGISLATION;4
LEGISLATIVE;18
LIABILITIES;51
LIQUIDATING;5
LIQUIDATION;70
MAINTAINING;11
MAINTENANCE;18
MALFEASANCE;0
METHODOLOGY;13
MINISTERIAL;2
MOTORCYCLES;0
NECESSARILY;1
NEGOTIATING;1
NETWORK FEE;0
OBLIGATIONS;134
OPERATIONAL;19
OPPORTUNITY;42
ORIGINATION;17
ORIGINATORS;7
OUTSTANDING;30
PARTICIPANT;28
PARTICIPATE;10
PARTNERSHIP;24
PAYDAY LOAN;0
PERFORMANCE;38
PRACTICABLE;25
PRE-DISPUTE;3
PREFERENCES;2
PRELIMINARY;3
PREPARATION;4
PRE-PAYABLE;0
PRESCRIBING;16
PRINCIPALLY;2
PROCEEDINGS;30
PROMINENTLY;1
PROPRIETARY;7
PROSECUTION;5
PROTECTIONS;7
PUBLICATION;43
REASONS FOR;9
REASSIGNING;0
RECOGNIZING;0
RECORDATION;0
RECRUITMENT;2
REFORMATION;0
REGISTERING;0
REGULATIONS;341
REMITTANCES;0
REPLACEMENT;2
REPRESENTED;7
REQUIREMENT;105
RESEARCHING;0
RESIDENTIAL;15
RESOLUTIONS;5
RESPONSIBLE;7
RESTITUTION;8
RETALIATION;2
RETRIEVABLE;0
SEASONALITY;1
SHAREHOLDER;24
SMALL-VALUE;0
SPECIALIZES;0
STREAMLINED;4
SUBDIVISION;0
SUBSISTENCE;2
SUPERVISING;0
SUPERVISION;78
SUPERVISORS;7
SUPERVISORY;48
SUSTAINABLE;1
TERMINATION;36
TERRITORIAL;5
THIRD-PARTY;14
TRANSACTION;382
TRANSCRIBED;0
TRANSFERRED;99
TRANSMITTAL;6
TRANSMITTED;7
TRANSPARENT;7
TRANSPORTED;0
UNDERSERVED;2
UNDERWRITER;16
UNFAVORABLE;0
UNKNOWINGLY;0
WOMEN-OWNED;0
IN LIGHT OF;7
PURSUANT TO;357
REFERRED TO;98
RELATING TO;202
PARAGRAPH 1;343
PARAGRAPH 2;160
PARAGRAPH 3;72
PARAGRAPH 4;62
PARAGRAPH 5;25
PARAGRAPH 6;22
PARAGRAPH 7;13
PARAGRAPH 8;13
PARAGRAPH 9;9
SECTION 101;5
SECTION 103;1
SECTION 105;0
SECTION 11L;0
SECTION 129;23
SECTION 140;0
SECTION 220;0
SECTION 255;0
SECTION 303;1
SECTION 304;0
SECTION 330;0
SECTION 3C2;1
SECTION 406;0
SECTION 501;0
SECTION 505;1
SECTION 552;19
SECTION 553;5
SECTION 603;0
SECTION 604;0
SECTION 605;0
SECTION 607;0
SECTION 609;0
SECTION 615;0
SECTION 621;0
SECTION 626;0
SECTION 704;1
SECTION 903;0
SECTION 904;0
SECTION 908;0
SECTION 918;0
SECTION 919;0
SECTION 920;0
SECTION 994;0
SECTIONS 3D;0
SECTIONS 3Q;0
SUBCLAUSE I;32
SUBSECTIONS;34
SUBTITLE IV;0
EXCLUSIVELY;6
IN ANY CASE;10
IN ORDER TO;59
LESSER THAN;0
LONGER THAN;4
RELATIVE TO;5
RELEVANT TO;11
TO CONCLUDE;3
EFFECTIVELY;9
POTENTIALLY;9
PRIMA FACIE;0
PROSPECTIVE;15
RESERVATION;0
SHORT TITLE;14
AUTHORIZING;5
ESTABLISHED;223
ESTABLISHES;5
IMPLEMENTED;5
INSTITUTING;0
LIMITATIONS;75
PROHIBITING;16
PROHIBITION;57
PROMULGATED;22
RESTRICTING;5
RESTRICTION;3
SUITABILITY;5
SUPERSEDING;1
TAKE EFFECT;55
10 PERCENT;15
50 PERCENT;2
ACCURATELY;1
ADEQUATELY;6
CONSISTENT;98
INDIRECTLY;62
LEGITIMATE;0
NEGATIVELY;1
REASONABLE;107
REASONABLY;43
SUFFICIENT;31
ACCEPTANCE;10
ACCOMPLISH;3
ACCOUNTANT;5
ACCOUNTING;78
ACTIVITIES;264
ADDRESSING;0
ADJUSTMENT;25
ADMINISTER;15
ADVERTISES;0
AFFILIATED;13
AFFILIATES;40
AFFORDABLE;15
AGGREGATED;3
AGREEMENTS;58
ALLOCATING;3
AMORTIZING;3
ANNOUNCING;0
APPEARANCE;0
APPLICANTS;8
APPOINTING;4
APPRAISALS;15
ASSESSMENT;47
ASSIGNMENT;16
ASSISTANCE;96
ASSOCIATED;40
ASSOCIATES;0
ASSURANCES;3
ATTENDANCE;9
BACKGROUND;1
BASED UPON;18
BURDENSOME;2
BUSINESSES;10
CARDHOLDER;0
CATEGORIES;18
CERTIFYING;17
CIRCUMVENT;2
CLASSIFIED;2
COLLATERAL;33
COLLECTING;8
COLLECTION;25
COLLECTORS;0
COMMENCING;6
COMMERCIAL;38
COMMISSION;1443
COMMITTEES;36
COMMITTING;1
COMPARABLE;52
COMPARISON;3
COMPELLING;0
COMPENSATE;5
COMPLAINTS;13
COMPLETION;12
COMPLIANCE;214
COMPROMISE;1
CONCLUSION;7
CONCURRENT;5
CONDITIONS;102
CONDUCT OF;27
CONDUCTING;34
CONFIDENCE;6
CONSIDERED;62
CONSPIRACY;0
CONSTITUTE;14
CONSULTANT;22
CONTAINING;22
CONTINUING;4
CONTINUOUS;0
CONTRACTOR;4
CONTROLLED;21
CONVENIENT;2
CONVERSION;24
CONVINCING;0
COORDINATE;31
COUNSELING;74
CREATIVITY;1
CREDENTIAL;1
CUSTODIANS;2
DEBIT CARD;0
DEFINITION;90
DELEGATION;3
DELINQUENT;6
DELIVERING;1
DEMAND FOR;0
DEPARTMENT;55
DEPOSITING;2
DESCRIBING;20
DESIGNATES;1
DEVELOPING;9
DIFFERENCE;8
DIRECTIVES;2
DISCHARGED;1
DISCLOSING;6
DISCLOSURE;71
DISCRETION;75
DISCUSSION;3
DISTRIBUTE;3
DOCUMENTED;4
ECONOMICAL;0
ECONOMISTS;1
EFFECTUATE;12
ELECTRONIC;16
EMPLOYEESS;0
EMPLOYMENT;24
ENGAGEMENT;2
ENROLLMENT;3
ENUMERATED;9
EVALUATION;29
EXCHANGING;0
EXPIRATION;20
EXPLICITLY;1
EXTENSIONS;8
FACILITATE;30
FACILITIES;37
FANNIE MAE;14
FIXED RATE;8
FOR-PROFIT;1
FRAUDULENT;17
FULFILLING;2
FUNCTIONAL;0
FURNISHING;3
FURTHERING;0
GEOGRAPHIC;4
GOOD FAITH;16
GOVERNMENT;103
GUARANTEED;16
GUIDELINES;20
HOMEBUYERS;9
IDENTIFIER;1
IDENTIFIES;4
IMMUNITIES;0
IMPOSITION;7
INACCURATE;5
INCENTIVES;13
INCIDENTAL;14
INCOMPLETE;2
INCREASING;9
INDICATING;1
INDICATORS;2
INDICTMENT;0
INDIVIDUAL;106
INFORMALLY;0
INITIATING;1
INITIATIVE;12
INJUNCTION;4
INJUNCTIVE;1
INNOVATION;2
INSOLVENCY;33
INSPECTING;0
INSPECTION;36
INSTRUMENT;26
INTEGRATED;0
INTERESTED;0
INTERFERES;0
INTERVIEWS;0
INVESTMENT;132
LATER-LIFE;0
LEADERSHIP;2
LEADING TO;0
LEGITIMACY;0
LITIGATION;16
MAINSTREAM;5
MAINTAINED;24
MANAGEMENT;96
MANAGERIAL;7
MATERIALLY;9
MEASURABLE;2
MECHANISMS;13
MEMBERSHIP;19
MITIGATING;13
MONITORING;23
NATIONWIDE;5
NEGOTIABLE;2
NEGOTIATED;9
NEGOTIATES;2
NON-CAREER;0
NON-PROFIT;0
OBJECTIONS;0
OBJECTIVES;19
OBLIGATION;92
OCCURRENCE;18
ONE-ON-ONE;0
OPERATIONS;51
ORIGINATES;0
ORIGINATOR;11
OUTWEIGHED;0
PERCENTAGE;59
PERFORMING;35
PERMISSION;2
PERSONALLY;8
PERSUASIVE;0
PETITIONER;4
POSSESSION;12
PREDICATED;0
PREDICTORS;0
PREEMPTION;9
PREFERENCE;1
PREPAYMENT;23
PRESIDENTS;3
PREVAILING;1
PREVALENCE;1
PREVENTION;11
PRINCIPALS;0
PRINCIPLES;11
PRIVILEGES;23
PROCEDURAL;2
PROCEDURES;185
PROCEEDING;67
PROCESSING;23
PROCESSORS;1
PRODUCTION;21
PROHIBITED;19
PROMULGATE;33
PROSECUTED;1
PROTECTING;5
PROTECTION;121
PROVISIONS;194
PRUDENTIAL;28
PUBLISHING;4
PUNISHMENT;0
PURCHASING;15
REARRANGES;0
REASSIGNED;1
RECKLESSLY;6
RECOGNIZED;5
REDACTIONS;0
REDEEMABLE;0
REDEMPTION;6
REDUCTIONS;7
REGISTERED;334
REGULATION;238
REGULATORS;27
REGULATORY;170
REINSURING;0
RELOADABLE;0
REMITTANCE;2
REQUESTING;6
RESCISSION;11
RESOLUTION;87
RESPECTIVE;7
RESPONDING;10
RETIREMENT;11
RISK-BASED;17
SAFEGUARDS;13
SCHEDULING;2
SECURITIES;446
SENTENCING;0
SEPARATELY;1
SETTLEMENT;69
SIGNATURES;0
SOLICITING;6
STATE BANK;26
STATEMENTS;12
STOREFRONT;0
STRATEGIES;4
STRUCTURED;11
SUBACCOUNT;0
SUBMISSION;46
SUBMITTING;9
SUBSIDIARY;177
SUBTERFUGE;0
SUCCESSORS;1
SUCCINCTLY;0
SUPERVISED;66
SUPPORTING;9
TABULATION;0
TAX-EXEMPT;1
TECHNOLOGY;4
TELEVISION;0
TERMINATED;16
THREATENED;1
TIMETABLES;0
TRANSCRIPT;1
TRANSITION;25
UNDERLYING;19
UNDERSTAND;5
UNDERSTOOD;0
UNDERTAKEN;11
VARIATIONS;0
VIOLATIONS;48
VISITORIAL;0
VULNERABLE;3
WITHDRAWAL;10
APPLICABLE;191
AS FOLLOWS;44
IDENTIFIED;45
IN GENERAL;518
PARTICULAR;26
RESPECTING;1
SUBSEQUENT;17
THEMSELVES;7
THEREAFTER;29
THEREUNDER;30
15 USC 57A;0
CHAPTER 35;1
CHAPTER 51;1
CHAPTER 53;1
CLAUSE III;30
MEMORANDUM;3
SECTION 11;6
SECTION 18;3
SECTION 1B;2
SECTION 24;5
SECTION 25;4
SECTION 2B;1
SECTION 3Q;5
SECTION 43;1
SECTION 5A;5
SECTION 5B;10
SECTION 7C;0
SECTIONS 4;1
SUBSECTION;44
SUBTITLE A;13
SUBTITLE B;14
SUBTITLE E;3
SUBTITLE F;2
SUBTITLE G;2
SUBTITLE H;2
THIS TITLE;371
APART FROM;1
AS WELL AS;8
BECAUSE OF;12
CONCERNING;36
EARLIER OF;7
EQUIVALENT;16
EXCEPTIONS;30
EXCLUSIONS;10
FEWER THAN;21
IN LIEU OF;8
IN NO CASE;4
LATER THAN;16
LIMITED TO;18
PREVIOUSLY;8
RELATES TO;5
ROUNDED TO;1
SO LONG AS;2
SUBJECT TO;362
ADDITIONAL;111
MINIMIZING;2
AMENDMENTS;108
CONFORMING;26
INVALIDATE;1
ORIGINALLY;2
PARAGRAPHS;31
RULEMAKING;77
SUBCHAPTER;9
LIMITATION;68
AUTHORIZED;107
AUTHORIZES;9
DESIGNATED;113
DETERMINED;120
DETERMINES;191
EXEMPTIONS;34
INSTITUTED;3
PERMITTING;7
PREEMPTING;0
PRESCRIBED;146
PREVENTING;4
SUSPENDING;0
12 MONTHS;20
18 MONTHS;18
200000000;2
24 MONTHS;6
ADVISABLE;5
BI-ANNUAL;0
EQUITABLE;12
JANUARY 1;2
NECESSARY;254
PRIMARILY;10
QUARTERLY;4
REGULARLY;6
ACQUIRING;6
ADDRESSED;5
ADDRESSES;5
ADVANTAGE;0
ADVERSELY;3
ADVERTISE;0
ADVOCATES;2
AFFECTING;10
AFFILIATE;106
AFFORDING;2
AGGREGATE;47
AGGRIEVED;0
AGREEMENT;244
ALGORITHM;4
ALLEGEDLY;1
ALLOWANCE;11
ANALYZING;2
ANCILLARY;1
ANNUITANT;1
ANNUITIES;3
ANSWERING;0
APPEARING;2
APPLICANT;23
APPOINTED;91
APPRAISER;50
ARGUMENTS;0
ASCERTAIN;0
ASSEMBLED;1
ASSERTION;0
ASSESSING;15
ASSIGNING;1
ASSISTANT;0
ASSISTING;5
ATTEMPTED;2
ATTENDING;0
ATTENTION;2
ATTORNEYS;8
AUTHORITY;357
AUTOMATED;7
AVAILABLE;209
AVOIDABLE;3
AVOIDANCE;3
AWARENESS;2
BAD FAITH;0
BEHAVIORS;0
BELONGING;7
BENCHMARK;0
BONA FIDE;29
BORROWERS;18
BORROWING;24
BROKERAGE;9
BROKERING;0
CARRY OUT;79
CERTAINTY;0
CERTIFIED;32
CESSATION;2
CHARACTER;7
CHARTERED;16
CLARIFIED;0
CLEARANCE;5
COLLECTED;51
COMMENCED;12
COMMITTED;17
COMMITTEE;110
COMMUNITY;12
COMPANIES;209
COMPELLED;8
COMPETENT;18
COMPILING;0
COMPLAINT;14
COMPLETED;11
COMPUTING;5
CONCERNED;3
CONDITION;29
CONDUCTED;70
CONFERRED;1
CONFIRMED;4
CONFLICTS;8
CONNECTED;0
CONSENTED;1
CONSIDERS;13
CONSUMERS;82
CONTAINED;20
CONTINUAL;2
CONTINUED;9
CONTINUES;1
CONTRACTS;133
CONTUMACY;3
CONVICTED;15
COUNTRIES;7
CREDITORS;40
CUSTODIAL;3
CUSTODIAN;8
CUSTOMARY;4
CUSTOMERS;33
DATABASES;0
DECEPTIVE;12
DECISIONS;15
DECLINING;1
DEFENDANT;2
DELIVERED;3
DEPENDENT;2
DEPOSITED;33
DESIGNATE;16
DESIGNING;0
DETECTING;0
DETECTION;0
DETERRENT;1
DIRECTING;1
DIRECTION;10
DIRECTIVE;0
DIRECTORS;120
DISCHARGE;8
DISCLOSED;18
DISCOUNTS;2
DISCOVERY;23
DISMISSAL;1
DISMISSED;1
DISPLAYED;0
DIVERSITY;10
DIVISIONS;5
DOCUMENTS;39
DUPLICATE;0
EDUCATING;0
EDUCATION;15
EFFICIENT;13
EMERGENCY;41
EMPLOYEES;88
EMPOWERED;4
ENCOURAGE;10
ENCRYPTED;0
ESTIMATED;7
ETHNICITY;1
EXAMINERS;7
EXAMINING;1
EXCHANGED;1
EXCLUSION;16
EXCLUSIVE;11
EXECUTING;7
EXECUTIVE;20
EXEMPLARY;1
EXERCISES;2
EXPANDING;1
EXPANSION;4
EXPEDITED;12
EXPERTISE;15
EXPRESSED;6
EXTENDING;3
EXTENSION;54
FACSIMILE;1
FEDERALLY;23
FIDUCIARY;23
FINANCIAL;477
FINANCING;25
FOLLOW-UP;0
FORECASTS;0
FORTHWITH;0
FRIVOLOUS;0
FULL-TIME;4
FUNCTIONS;77
FURNISHED;12
FURNISHES;0
GATHERING;1
GIFT CARD;0
GOVERNING;43
HISTORIES;0
HOUSEHOLD;2
IMPLEMENT;44
INABILITY;1
INCENTIVE;2
INCEPTION;3
INFERENCE;0
INFLATION;8
INFORMING;1
INITIATED;8
INITIATES;2
INQUIRIES;0
INSOLVENT;17
INSPECTOR;65
INSTALLED;0
INSTITUTE;5
INSURANCE;202
INTEGRITY;30
INTERESTS;50
INTERFERE;2
INTERPRET;3
INTERVENE;1
INVOLVING;36
KNOWINGLY;14
KNOWLEDGE;13
LIABILITY;41
LICENSING;27
LIQUIDITY;32
LOCATIONS;2
LONG-TERM;6
MAINTAINS;13
MATERIALS;27
MEMORANDA;4
MERCHANTS;0
MODIFYING;2
MONITORED;0
MORTGAGES;29
MORTGAGOR;11
MUNICIPAL;144
NECESSITY;0
NEGOTIATE;8
NET WORTH;7
NEWSPAPER;0
NONPROFIT;2
NONPUBLIC;5
NUMERICAL;2
OBJECTION;8
OBTAINING;15
OCCUPYING;3
OCCURRING;11
OFFENDERS;0
OFFICIALS;6
OMBUDSMAN;10
OPERATING;24
OPERATION;43
ORGANIZED;23
ORIGINATE;3
OVERDRAFT;0
OVERSIGHT;71
OWNERSHIP;28
PENALTIES;26
PERFORMED;16
PERMANENT;9
PERSONNEL;22
PERTINENT;1
PETITIONS;1
PLACEMENT;7
POSITIONS;62
POTENTIAL;92
PRACTICES;65
PREEMPTED;6
PREJUDICE;4
PRESENTED;7
PRESIDENT;32
PRINCIPAL;95
PRIVILEGE;24
PROCEDURE;37
PROCESSED;4
PROCESSES;8
PROCESSOR;3
PROJECTED;2
PROMINENT;2
PROMOTING;7
PROMOTION;4
PROPOSING;5
PROSECUTE;5
PROTECTED;6
PROVIDERS;6
PROVIDING;91
PROVISION;216
PROXIMITY;0
PUBLISHED;24
PURCHASED;12
PURCHASER;13
PURCHASES;14
QUALIFIED;19
QUESTIONS;3
REASONING;0
RECEIVING;22
RECIPIENT;3
RECOMMEND;16
RECORDING;3
REDUCTION;25
REFERENCE;14
REFERRALS;4
REFORMING;0
REGULATOR;20
REIMBURSE;8
REINSTATE;0
RELATIONS;2
RELEASING;0
REPAYMENT;30
REPORTING;124
REPRESENT;7
RESIDENCE;10
RESIDENTS;2
RESOURCES;46
RESPONDED;0
RESPONSES;3
RESULTING;18
RETAILERS;0
RETENTION;46
RETRIEVAL;0
REVIEWING;10
REVISIONS;7
ROUTINELY;0
SCHEDULED;9
SCHEDULES;5
SECONDARY;5
SECRETARY;238
SELECTING;3
SELECTION;11
SEPARATED;4
SERVICERS;7
SERVICING;3
SIGNATURE;3
SITUATION;3
SOUNDNESS;37
SPECIALLY;0
SPECIFIES;3
STABILITY;31
STANDARDS;261
STATEMENT;60
STATUTORY;14
STRUCTURE;29
SUBMITTED;61
SUBPOENAS;8
SUBSTANCE;1
SUCCESSOR;41
SURRENDER;0
SUSPENDED;6
TAXPAYERS;17
TECHNICAL;16
TELEPHONE;14
TEMPORARY;16
TERMINATE;24
TERRITORY;9
TESTIMONY;17
THRESHOLD;14
TOLL-FREE;5
TRANSACTS;4
TRANSFERS;23
TRANSIENT;0
TRANSMITS;2
TREATMENT;60
UN-BANKED;0
UNDERTAKE;9
UNIVERSAL;0
UTILIZING;0
VALIDATED;0
VERIFYING;0
VIOLATING;9
VIOLATION;105
VOLUNTARY;3
VOLUNTEER;0
WITNESSES;7
WORKFORCE;9
BE SERVED;19
DIFFERENT;28
FOLLOWING;590
GENERALLY;15
PRECEDING;68
THEREWITH;0
WHICHEVER;1
CHAPTER 5;3
CHAPTER 7;12
CLAUSE II;51
PARAGRAPH;33
SECTION 2;21
SECTION 3;38
SECTION 4;32
SECTION 5;15
SECTION 6;8
SECTION 8;22
TITLE VII;2
BEGINNING;17
EXCEEDING;5
EXCEPT AS;108
INCLUDING;618
INCLUSION;12
INITIALLY;4
LESS THAN;57
MORE THAN;72
OTHERWISE;194
REGARDING;167
THEREFORE;2
INCREASED;9
INCREASES;14
MAXIMIZES;1
AMENDMENT;74
CONSTRUED;77
DEFERENCE;6
DESCRIBED;523
DESCRIBES;5
DETAILING;7
EFFECTIVE;63
ENACTMENT;255
EXPRESSLY;7
INSERTING;865
LISTED IN;10
SEMICOLON;23
SUPERSEDE;7
MANDATORY;33
ANNULLING;0
AUTHORIZE;11
DETERMINE;148
ENFORCING;5
ESTABLISH;216
EVALUATES;2
EXCEPTION;60
EXEMPTING;1
EXEMPTION;93
PERMITTED;47
PRESCRIBE;135
PROHIBITS;6
REGULATED;46
REGULATES;1
REQUESTED;28
REQUIRING;40
RESTRICTS;2
SATISFIED;5
SET FORTH;41
SPECIFIED;43
10 YEARS;7
120 DAYS;4
12-MONTH;3
180 DAYS;34
18-MONTH;2
6 MONTHS;23
9 MONTHS;5
ADEQUATE;38
ANNUALLY;29
CREDIBLE;5
DIRECTLY;105
FEASIBLE;2
MARCH 31;0
PERIODIC;21
POSSIBLE;31
PROMPTLY;22
PROPERLY;3
RELEVANT;50
UNFAIRLY;2
ABSORBED;0
ACCEPTED;14
ACCOUNTS;49
ACCRUALS;0
ACCURACY;10
ACCURATE;20
ACQUIRES;3
ACTIVITY;76
ADJUSTED;25
ADOPTING;11
ADOPTION;5
ADVANCED;0
ADVISERS;19
ADVISORS;7
ADVISORY;38
ADVOCACY;0
AFFECTED;10
AFFORDED;1
AGENCIES;120
ALLEGING;5
ALTERING;1
ANALYSES;6
ANALYSIS;48
ANALYSTS;4
ANALYTIC;1
ANALYZES;0
ANSWERED;0
APPLYING;8
APPROVED;33
ARRANGED;2
ASSEMBLE;0
ASSESSED;12
ASSURING;6
ATTAINED;1
ATTEMPTS;1
ATTORNEY;4
ATTRACTS;1
AUDITING;4
AUTONOMY;0
AVOIDING;9
BACK PAY;2
BALANCES;5
BARRIERS;4
BEHAVIOR;2
BELIEVED;3
BELIEVES;4
BELONGED;1
BENEFITS;47
BOOKLETS;2
BORROWER;47
BRANCHES;1
BRINGING;1
BUILDING;4
BUSINESS;146
CALENDAR;10
CAPACITY;53
CARRIERS;0
CARRYING;42
CATEGORY;54
CHAIRMAN;58
CHARGING;2
CHECKING;0
CITIZENS;1
CLEARING;215
CLERICAL;10
COLLECTS;3
COMBINED;3
COMBINES;0
COMMENCE;6
COMMENTS;5
COMMERCE;28
COMPETES;0
COMPILED;0
COMPLETE;33
COMPOSED;3
CONCERNS;19
CONDUCTS;11
CONFLICT;14
CONGRESS;139
CONSENTS;5
CONSIDER;67
CONSUMER;172
CONTAINS;18
CONTEMPT;4
CONTINUE;38
CONTRACT;352
CONTROLS;56
COSTS OF;19
COVERAGE;30
CREDITED;24
CREDITOR;130
CRIMINAL;13
CRITERIA;46
CURRENCY;16
DATABASE;8
DEADLINE;19
DECISION;34
DELEGATE;5
DELETION;1
DELIVERY;70
DEMANDED;0
DEPOSITS;46
DESIGNED;34
DESIGNEE;15
DIRECTOR;373
DISCLOSE;49
DISCOUNT;15
DISTRICT;31
DIVISION;42
DOCUMENT;16
DOMESTIC;10
DWELLING;41
EARNINGS;7
ECONOMIC;47
EDUCATED;0
EFFICACY;0
ELECTING;0
ELECTION;21
ELIGIBLE;30
EMERGING;4
EMPLOYED;26
EMPLOYEE;107
EMPLOYER;4
ENFORCED;7
ENGAGING;10
ENHANCED;23
ENJOINED;3
ENROLLED;6
ENTERING;14
ENTIRELY;0
ENTITIES;144
ENTITLED;28
ESTIMATE;15
EVASIONS;7
EVIDENCE;19
EXAMINED;2
EXAMINER;3
EXCHANGE;88
EXCLUDED;12
EXECUTED;23
EXERCISE;61
EXISTING;52
EXPECTED;19
EXPENDED;9
EXPENSES;38
EXPLAINS;0
EXTENDED;22
EXTERNAL;2
FAIRNESS;2
FAMILIES;0
FEATURES;3
FINDINGS;43
FORMULAS;0
FUNCTION;25
GATEWAYS;0
GENERATE;0
GOVERNED;1
GRADUATE;3
GUARANTY;6
GUIDANCE;11
HEARINGS;3
IDENTIFY;40
IDENTITY;17
IMPACTED;0
IMPLYING;1
IMPROVED;1
INACTION;1
INCLUDED;24
INCLUDES;61
INCURRED;20
INDUSTRY;19
INFORMED;5
INITIATE;17
INSIGHTS;0
INSURERS;8
INTENDED;8
INTEREST;235
INTERNAL;42
INTERNET;10
INVESTED;12
INVOLVED;17
INVOLVES;12
ISSUANCE;42
ITEMIZED;0
JUDGMENT;24
JUDICIAL;36
LANGUAGE;8
LICENSED;19
LOCALITY;2
LOCATION;4
LOW-COST;2
MAGAZINE;0
MAINTAIN;91
MAJORITY;22
MANAGING;5
MARKETED;1
MATCHING;4
MATERIAL;78
MEASURES;29
MEETINGS;11
MERCHANT;1
MILITARY;0
MINORITY;22
MODIFIES;0
MONETARY;13
MORTGAGE;169
MULTIPLE;14
NATIONAL;127
NETWORKS;0
NOMINATE;0
NORMALLY;1
NOTIFIED;8
OBJECTED;0
OBTAINED;35
OCCURRED;7
OF DEBTS;0
OFFENSES;0
OFFERING;13
OFFICERS;21
OFFICIAL;13
OMISSION;15
OPERATED;10
OPERATES;14
ORIGINAL;18
OUTCOMES;0
OUTDATED;0
OUTWEIGH;1
PARALLEL;1
PATTERNS;2
PAYMENTS;86
PENALIZE;0
PENDENCY;3
PENSIONS;0
PERFORMS;12
PERSONAL;18
PETITION;37
PHYSICAL;7
PLANNING;16
POLICIES;74
PORTIONS;1
POSITION;84
PRACTICE;47
PRECLUDE;4
PREEMPTS;0
PREPARED;16
PRESENCE;2
PRESERVE;3
PRIORITY;26
PROBLEMS;11
PROCEEDS;21
PRODUCED;3
PRODUCTS;41
PROGRAMS;44
PROGRESS;2
PROMISED;0
PROPERTY;212
PROPOSAL;6
PROPOSED;86
PROPOUND;0
PROVIDER;0
PROVIDES;62
PUBLICLY;28
PUNISHED;3
PUNITIVE;2
PURCHASE;90
PURPOSES;353
QUESTION;1
READABLE;0
REASSIGN;1
REBUTTAL;0
RECEIPTS;10
RECEIVED;83
RECEIVER;283
RECEIVES;46
RECOVERY;15
REFERRAL;4
REFORMED;0
REGIONAL;4
REGISTER;47
REGISTRY;17
RELATION;1
RELIANCE;11
RELOADED;0
REMEDIES;25
REPORTED;29
REQUESTS;25
RESEARCH;24
RESERVES;3
RESIDENT;1
RESPONSE;26
RETAILER;1
RETAINED;15
RETRIEVE;0
ROTATING;0
RULES OF;76
SALARIES;5
SAMPLING;1
SEASONAL;2
SECURITY;215
SEGMENTS;0
SEPARATE;28
SERVICES;138
SEVERITY;0
SHOPPING;0
SHORTAGE;0
SIMPLIFY;0
SITUATED;6
SLIDE-IN;0
SOFTWARE;10
SOLICITS;1
STANDARD;58
STRATEGY;9
STUDENTS;0
SUBPOENA;26
SUPPORTS;0
SYSTEMIC;3
TANGIBLE;6
TAXATION;4
TAXPAYER;8
TELEWORK;1
TENDERED;0
TRACKING;2
TRAILERS;0
TRAINING;13
TRANSFER;148
TRANSMIT;15
UPDATING;3
VACATION;3
VALIDITY;3
VEHICLES;2
VERIFIED;3
VETERANS;2
VIOLATED;13
VIOLATES;6
CONTENTS;19
DOES NOT;146
HEREWITH;0
MODIFIED;10
SPECIFIC;49
TOGETHER;0
1 NOTICE;4
3 REPORT;10
CLAUSE I;122
CLAUSE V;10
SUBTITLE;9
THIS ACT;306
TITLE 18;15
TITLE 28;1
TITLE 31;13
TITLE 44;5
TITLE 49;0
WHENEVER;10
AT LEAST;38
EQUAL TO;42
PREVIOUS;16
PROVIDED;332
SO AS TO;10
UPCOMING;0
DEDUCTED;4
INCREASE;38
MINIMIZE;24
MAXIMUMS;0
MINIMUMS;0
AMENDING;15
BASED ON;85
CHAPTERS;0
DESCRIBE;12
MANDAMUS;0
MEANINGS;14
SECTIONS;29
SENTENCE;85
STATUTES;3
STRIKING;820
TAILORED;1
MANDATED;4
UNLAWFUL;43
ALLOWING;6
APPROVAL;68
ASSIGNED;5
DIRECTED;3
ENABLING;1
ENSURING;9
EVALUATE;22
EXCEPTED;9
EXEMPTED;12
LIMITING;12
PREVENTS;1
PROHIBIT;23
REGULATE;5
REPEALED;12
REQUIRED;446
REQUIRES;24
RESTRICT;11
1/100TH;0
10 DAYS;5
1000000;9
10-YEAR;2
120-DAY;1
180-DAY;7
2 YEARS;24
30 DAYS;46
30-YEAR;0
365-DAY;0
45 DAYS;4
5 YEARS;25
6 YEARS;4
60 DAYS;30
90 DAYS;40
9-MONTH;0
ALREADY;9
EARLIER;10
PERCENT;20
QUARTER;6
SERIOUS;11
SHORTER;7
ABILITY;74
ABSENCE;6
ABUSIVE;12
ACCEPTS;6
ACCOUNT;168
ACCRUED;7
ACCRUES;5
ACCUSED;0
ACTIONS;98
ADDRESS;39
ADVANCE;29
ADVERSE;10
ADVISED;8
ADVISOR;12
AFFAIRS;13
AFFECTS;11
AFFORDS;1
ALLEGED;12
AMOUNTS;114
ANALYZE;6
ANSWERS;0
APPEALS;6
APPLIED;31
APPOINT;16
ARISING;52
ASSIGNS;1
ATTEMPT;5
BALANCE;27
BANKING;44
BELIEVE;20
BENEFIT;44
BONDING;0
BROUGHT;39
BUDGETS;0
BURDENS;2
CAMPERS;0
CAPABLE;1
CASHING;0
CENTRAL;2
CERTIFY;5
CHANGED;3
CHANGES;40
CHANNEL;1
CHARGED;11
CHARGES;31
CHOICES;2
CHOOSES;2
CIRCUIT;2
CLAIMED;0
CLEARLY;5
CLIENTS;13
COLLECT;19
COMBINE;0
COMMENT;19
COMPANY;313
COMPARE;4
COMPILE;1
CONCERN;1
CONCURS;1
CONDUCT;169
CONSENT;39
CONSULT;57
CONTACT;8
CONTAIN;33
CONTROL;65
CONVEYS;2
COPYING;1
CORRECT;2
COUNCIL;353
COUNSEL;27
COUNTRY;34
COURIER;1
COVERED;36
CREATED;9
CREDITS;9
CUSTODY;28
DAMAGES;36
DEALERS;103
DEALING;7
DEBITED;0
DECIDES;0
DECLINE;5
DEFAULT;70
DEFENSE;7
DEFICIT;13
DEFINED;266
DELIVER;5
DEMANDS;3
DEPENDS;0
DEPOSIT;25
DERIVED;14
DESIRES;0
DETAILS;10
DEVELOP;21
DISMISS;1
DISPUTE;15
EDUCATE;2
EFFORTS;26
ELECTED;9
EMPOWER;0
ENACTED;8
ENGAGED;62
ENGAGES;12
ENGLISH;4
ENHANCE;15
ENTERED;56
ENTITYS;0
EVASION;16
EXAMINE;23
EXCLUDE;13
EXHAUST;0
EXISTED;3
EXPERTS;8
EXTENDS;4
FACTORS;48
FACTORY;0
FAILURE;49
FEDERAL;318
FILLING;1
FINANCE;65
FINDING;24
FOREIGN;173
FORFEIT;1
FORMATS;5
FORWARD;17
FULFILL;6
FUNDING;44
FURNISH;8
GRAVITY;0
GROUNDS;4
HEARING;77
HIGHWAY;0
HISTORY;3
HOLDING;9
HONORED;0
HOUSING;96
ILLNESS;0
IMPOSED;40
IMPROVE;21
INCLUDE;219
INHIBIT;0
INITIAL;39
IN-KIND;0
INQUIRE;0
INQUIRY;1
INSURED;57
INSURER;34
INTENDS;2
INTERIM;21
INVOLVE;5
ISSUERS;57
ISSUING;14
JUSTICE;1
KEEPING;0
KNOWING;6
LABELED;1
LANDING;0
LEASING;1
LEGALLY;8
LENDERS;12
LENDING;52
LIAISON;1
LICENSE;13
LOCATED;32
MAILING;5
MARKETS;60
MEASURE;16
MEDICAL;1
MEETING;21
MEMBERS;105
METHODS;13
MILEAGE;0
MISSION;7
MODULES;0
MONITOR;33
NATIONS;4
NATURAL;20
NEAREST;2
NEGLECT;0
NETWORK;1
NO-COST;0
NOTICES;5
NUMBERS;4
OBTAINS;4
OFFENSE;6
OFFERED;19
OFFICER;115
OFFICES;8
OPERATE;18
OPINION;5
OPTIONS;30
ORDERED;6
ORDERLY;67
OVERSEE;4
PARENTS;0
PARTIES;20
PARTNER;8
PATTERN;5
PAYABLE;19
PAYMENT;159
PENALTY;50
PERFORM;45
PERIODS;17
PERSONS;144
PLACING;7
PLANNED;1
PLEDGED;5
PORTION;25
POSTING;3
PRAYING;0
PREEMPT;3
PREPAID;2
PREPARE;22
PRICING;15
PRIMARY;28
PRINTED;0
PRIVACY;8
PRIVATE;43
PROBLEM;1
PROCESS;74
PRODUCE;9
PRODUCT;55
PROGRAM;129
PROMOTE;34
PROPOSE;1
PROTECT;37
PROVIDE;285
PUBLISH;21
PURPOSE;60
PURSUED;0
RATINGS;21
READILY;2
READING;0
REASONS;9
RECEIPT;60
RECEIVE;51
RECORDS;116
RECOVER;19
REDUCED;9
REFLECT;20
REFORMS;6
REFUSAL;4
REFUSED;1
REFUSES;0
REGIONS;0
REGULAR;15
RELATES;2
RELEASE;14
REMAINS;7
REMOVAL;4
REPORTS;181
REQUEST;150
RESCIND;6
RESIDED;0
RESIDES;3
RESOLVE;17
RESPOND;4
RESTORE;0
RESULTS;57
RETAINS;6
REVENUE;14
ROLE OF;7
ROUTING;0
RULINGS;1
SATISFY;15
SECURED;58
SEEKING;24
SELECTS;1
SELLERS;0
SELLING;9
SENDERS;0
SENIORS;11
SERVICE;47
SERVING;32
SESSION;3
SETTING;18
SHARING;18
SHOWING;3
SIGNING;0
SOLICIT;5
SOURCES;17
SPECIAL;41
SPECIFY;12
STARTUP;1
STORAGE;4
STORING;0
STUDENT;0
STUDIES;11
SUBJECT;36
SUBMITS;11
SUMMARY;10
SUPPORT;46
SURPLUS;6
SURVEYS;1
SUSPEND;15
SYSTEMS;44
TENANCY;1
TESTIFY;3
TESTING;4
TREATED;38
TRUSTEE;20
UNIFORM;17
UTILIZE;8
VEHICLE;3
VICTIMS;7
VIOLATE;6
WARRANT;4
WEBSITE;15
WITNESS;6
WORKERS;3
WORKING;9
WRITING;50
WRITTEN;101
AGAINST;124
ANOTHER;45
APPLIES;20
BETWEEN;100
CERTAIN;92
CURRENT;43
DE NOVO;1
FOLLOWS;36
GENERAL;128
MATTERS;25
OUTSIDE;21
PENDING;14
PRESENT;30
RELATED;111
SAVINGS;27
THEREOF;83
THERETO;37
THROUGH;191
VARIOUS;8
WITHOUT;92
SECTION;34
TITLE 5;54
TITLE I;13
TITLE X;5
JOINTLY;76
NEITHER;7
NOTHING;79
BECAUSE;6
BRIEFLY;0
EXCEEDS;16
FINALLY;0
FURTHER;44
GRANTED;29
GREATER;16
IN THAT;6
ONLY IF;20
OVERALL;9
SIMILAR;101
SO THAT;12
SUCH AS;30
THAT IS;453
WHETHER;241
MAXIMUM;38
MINIMUM;74
SMALLER;7
ADOPTED;37
APPEARS;95
CHAPTER;13
CONTENT;18
CONTEXT;7
GROUPED;0
HEADING;15
MEANING;52
RESPECT;13
STATUTE;31
THEREIN;24
LIMITED;18
MANDATE;1
ALLOWED;24
AMENDED;579
CONFORM;15
DECLARE;2
DENYING;2
ENFORCE;69
PERMITS;4
PREVENT;58
REQUIRE;184
1-YEAR;16
2-YEAR;12
30-DAY;12
3-YEAR;7
5-YEAR;3
AT PAR;0
BETTER;4
EASILY;1
HIGHLY;4
LIKELY;22
TIMELY;41
UNDULY;2
ABROAD;2
ACCEPT;29
ACCESS;74
ACTING;54
ACTION;266
ACTIVE;3
ACTUAL;16
ADJUST;13
ADVICE;71
ADVISE;7
AFFECT;59
AFFIRM;7
AFFORD;2
AGENCY;351
AGENTS;12
AGREED;9
AMOUNT;296
ANNUAL;108
ANSWER;0
APPEAL;34
APPEAR;13
ARISEN;1
ARISES;5
ASSERT;5
ASSESS;15
ASSETS;212
ASSIGN;2
ASSIST;19
ASSURE;5
ATTEND;0
AVOIDS;1
BACKUP;13
BEGINS;6
BELIEF;3
BRANCH;21
BREACH;10
BRINGS;0
BROKER;124
BUDGET;31
BURDEN;9
BUREAU;18
BUYERS;1
BUYING;4
CAUSED;3
CAUSES;3
CENSUS;0
CHANGE;96
CHARGE;30
CHECKS;1
CITIES;0
CLAIMS;83
COHORT;0
COMMIT;2
COMPEL;5
CONVEY;0
COPIES;14
COURTS;19
CREDIT;212
DEALER;152
DEFEND;0
DEFINE;27
DEGREE;10
DELETE;0
DEMAND;4
DENTAL;4
DEPUTY;2
DERIVE;0
DESIGN;3
DETECT;5
DEVICE;6
DIRECT;46
DOLLAR;15
DUTIES;98
EARNED;4
EFFECT;132
E-FILE;0
ELECTS;2
EMPLOY;8
ENABLE;13
ENDING;14
ENERGY;7
ENGAGE;36
ENROLL;1
ENTERS;12
ENTITY;202
EQUITY;61
ERRORS;2
ESCROW;28
ESTATE;34
EXPAND;2
EXPIRE;5
EXTEND;35
EXTENT;89
FACTOR;9
FAILED;12
FAIRLY;1
FAMILY;6
FISCAL;88
FOLLOW;12
FORMAT;12
FORMER;6
FOSTER;1
FRAUDS;1
FUNDED;9
FUTURE;72
GATHER;1
GENDER;2
GLOBAL;7
GROUND;3
GROWTH;4
HARBOR;4
HEADED;2
HEALTH;26
HIRING;7
HOLDER;20
IMPACT;59
IMPEDE;1
INCOME;45
INFORM;9
INJURY;3
INTENT;13
INVITE;0
ISSUED;133
ISSUER;148
ISSUES;55
LAWFUL;2
LEASED;0
LEASES;2
LENDER;19
LESSEE;9
LESSOR;4
LEVELS;15
LIABLE;17
LINKED;4
LOADED;0
LOSSES;42
MARKET;214
MEDIUM;1
MEMBER;150
METHOD;9
MOBILE;0
MODIFY;12
MONEYS;0
MONIES;9
MONTHS;9
MOTION;17
MUTUAL;8
NATION;1
NATURE;70
NEEDED;8
NOTICE;213
NOTIFY;40
NUMBER;62
OBJECT;9
OBTAIN;47
OCCUPY;0
OCCURS;9
OFFERS;15
OFFICE;250
ONLINE;3
OPTION;84
ORALLY;0
ORDERS;72
OTHERS;10
OWNERS;7
PAPERS;11
PARCEL;0
PERIOD;269
PERSON;593
PLACED;11
PLACES;0
POLICY;47
POWERS;48
PRICES;5
PROFIT;4
PROPER;6
PROVED;3
PUBLIC;279
PURSUE;4
RACIAL;1
RAISED;7
REASON;14
RECORD;26
REDUCE;25
REFERS;1
REFORM;4
REFUND;3
REFUSE;3
REGARD;22
RELATE;16
RELIEF;22
RELIES;6
RELOAD;0
REMAIN;34
REMEDY;4
RENDER;0
RENTAL;7
REPAIR;1
REPORT;483
RESCUE;1
RESULT;50
RETAIL;16
RETAIN;22
RETURN;11
REVIEW;170
RIGHTS;100
ROUTED;0
ROUTES;2
SAFETY;53
SAMPLE;3
SCORES;0
SEASON;2
SECURE;34
SELLER;4
SENATE;128
SENDER;0
SENIOR;42
SERIES;2
SERVED;3
SERVER;0
SETTLE;2
SIGNED;1
SIMPLE;3
SINGLE;22
SOURCE;30
STABLE;0
STATED;3
STATES;31
STATUS;58
STAYED;6
STORED;0
STORES;0
STREET;0
SUBMIT;158
SURETY;0
SYSTEM;91
TAKING;42
TARGET;4
TENURE;4
THINGS;7
THRIFT;1
TIMING;14
TITLED;0
TRAVEL;5
TRENDS;0
TRIALS;0
UNABLE;7
UNFAIR;4
UNIQUE;2
UPDATE;9
USABLE;0
USEFUL;6
VALUES;7
VERIFY;12
VESTED;8
VISION;4
VOLUME;16
WAIVED;9
WEALTH;2
ASIDES;0
BEHALF;2
BEYOND;1
COMMON;9
DURING;117
GIVING;9
HAVING;45
HEREBY;5
ITSELF;12
LISTED;18
MAKING;86
CLAUSE;44
DECREE;0
BEFORE;254
DUE TO;10
EITHER;38
ENTIRE;6
EXCEPT;114
HIGHER;13
IF NOT;3
LARGER;1
LONGER;10
SECOND;35
SOLELY;54
THOUGH;3
UNLESS;154
WITHIN;165
EXCEED;63
ADDING;230
FILING;48
INSERT;6
MANNER;150
MATTER;59
SOUGHT;3
SUNSET;2
TOPICS;2
LIMITS;76
SHOULD;57
ALLOWS;8
CANNOT;7
COMPLY;58
DEEMED;72
ENJOIN;0
ENSURE;103
EXEMPT;74
IMPOSE;52
PERMIT;36
REMOVE;4
WAIVER;32
WAIVES;0
25000;0
FIRST;78
THIRD;40
TWICE;7
ABATE;1
ADOPT;67
AGENT;36
AGREE;12
ALERT;0
ALTER;1
AMEND;10
AREAS;33
ASKED;1
ASSET;52
AUDIT;48
AVOID;23
AWARD;40
BANKS;37
BASES;1
BASIC;8
BEGIN;6
BOARD;414
BOOKS;23
BRAND;0
BRIEF;2
BRING;9
BUYER;4
CALLS;1
CAUSE;44
CHART;13
CHECK;9
CHIEF;49
CIVIL;25
CLAIM;116
CLASS;93
CLEAR;25
CLERK;3
COSTS;44
COURT;127
COVER;14
DATES;2
DEBIT;0
DEFER;4
DELAY;10
DONOR;0
DRAFT;0
DRAWN;0
ELECT;10
ENTER;44
ENTRY;7
EQUAL;12
ERROR;8
EVADE;5
EVENT;36
EXIST;7
FACED;1
FACTS;9
FAILS;14
FIELD;3
FILED;44
FILES;8
FINAL;111
FINDS;36
FINES;8
FIRMS;18
FIXED;10
FLOWS;0
FOCUS;4
FORCE;6
FORMS;8
FORUM;1
FRAUD;28
FULLY;21
FUNDS;138
GOALS;7
GOODS;6
GRADE;8
GRANT;44
GROSS;3
GROUP;87
HEADS;1
HEARD;0
HOLDS;14
HOMES;6
HOUSE;1
INCUR;7
INDEX;44
INPUT;5
ISSUE;120
ITEMS;26
JOINT;18
LABOR;3
LEASE;28
LEAVE;5
LEGAL;70
LEVEL;35
LOANS;92
LOCAL;34
MAILS;12
MEANS;323
MEDIA;7
MEETS;37
MERGE;3
MERIT;0
MODEL;11
MONEY;60
MONTH;7
MOTOR;0
NAMED;1
NEEDS;15
NEWLY;1
OATHS;1
OFFER;32
OFTEN;0
ORDER;151
OWING;0
OWNED;22
PANEL;2
PAPER;3
PARTY;79
PAYEE;0
PAYOR;0
PLACE;141
PLANS;27
POINT;6
POOLS;1
POSED;8
POSES;12
POWER;15
PRICE;79
PRINT;0
PRIOR;69
PROOF;4
RADIO;0
RANGE;11
RATES;26
REACH;1
REMIT;0
RIGHT;62
RISKS;93
ROUTE;1
RULES;410
RURAL;7
SALES;29
SCOPE;43
SELLS;6
SERVE;54
SHARE;22
SIGNS;1
SKILL;3
SMALL;17
SPACE;0
STAFF;30
STATE;447
STAYS;0
STEPS;24
STUDY;238
SUITS;1
SWORN;0
TASKS;1
TESTS;9
THEFT;2
TIMES;30
TOOLS;2
TRADE;76
TREAT;8
TRIAL;9
TRIBE;0
TRIED;0
TRUST;57
TYPES;36
UNITS;11
USAGE;1
USERS;12
USING;21
USUAL;0
USURY;0
VALID;12
VALUE;99
VIEWS;11
WOMEN;14
WORDS;0
WORKS;0
YEARS;39
ZONES;1
ABOUT;56
ALONG;4
AMONG;50
ASIDE;8
BEING;46
CASES;11
COULD;46
DOING;1
EVERY;28
FORTH;7
GIVEN;20
GIVES;4
LATER;21
MAJOR;21
MAKES;38
PARTS;1
TAKES;19
THEIR;85
THERE;78
THESE;12
THOSE;68
UNDER;2174
WHICH;808
WHOLE;15
WHOSE;28
WOULD;172
1029A;0
8714A;1
8714B;1
8714C;1
CODES;1
TITLE;21
OTHER;1175
UNTIL;42
WHERE;46
AFTER;767
WHILE;22
TOTAL;90
ADDED;62
APPLY;167
BASED;17
BASIS;97
CITED;14
FOUND;15
KNOWN;28
TABLE;8
TAKEN;59
TERMS;206
LIMIT;84
ALLOW;22
ANNUL;0
DEEMS;35
SHALL;2869
WAIVE;10
1000;4
2009;2
2010;7
2011;7
2012;14
2013;3
2014;2
2500;1
5000;5
DAYS;8
DULY;0
ABLE;13
AREA;20
AUTO;0
BANK;132
BEAR;8
BEST;15
BILL;1
BIND;0
BOND;7
BOOK;3
CALL;15
CAPS;0
CARD;0
CARE;18
CASE;19
CASH;26
CAST;2
CFTC;3
CODE;21
COME;2
COPY;31
COST;39
DATA;201
DATE;590
DEBT;80
DENY;1
DONE;2
DUTY;38
FACT;8
FAIL;7
FAIR;25
FDIC;2
FEES;93
FILE;38
FIRM;56
FONT;0
FORM;87
FULL;27
FUND;220
GIFT;0
GOOD;3
GUAM;3
HARM;10
HEAD;19
HEAR;1
HELD;70
HELP;9
HOLD;16
HOME;85
HOST;0
JURY;3
KEEP;6
KEPT;5
KIND;0
LACK;5
LAND;1
LAST;8
LATE;10
LAWS;63
LIFE;24
LINE;4
LIST;24
LOAN;257
LOGS;0
LONG;5
LOSE;4
LOSS;54
MAIL;6
MEET;57
NAME;14
NCUA;0
NEED;17
NEWS;2
OATH;4
OBEY;10
OPEN;48
ORAL;10
OWED;11
OWNS;8
PAGE;0
PAID;62
PLAN;121
POST;8
RACE;3
RATE;83
REAL;51
RELY;11
RISK;122
ROAD;0
RULE;344
SAFE;23
SALE;171
SEAL;1
SEEK;18
SELL;20
SEND;7
SENT;9
SHOW;4
SIGN;9
SITE;9
SIZE;41
SOLD;14
STAY;22
STOP;1
SUIT;11
SUMS;5
TASK;1
TEST;4
TIER;3
TIME;207
TRUE;0
TYPE;62
UNIT;10
UPON;180
USED;124
USES;16
VOTE;53
WIRE;0
WORK;29
YEAR;182
BEEN;147
FROM;606
GAVE;0
GIVE;18
HAVE;334
INTO;215
MADE;312
MAKE;188
MOST;11
MUST;14
NEAR;3
ONCE;15
PART;59
PAST;6
SAME;155
SOME;4
SUCH;2358
TAKE;94
THAN;192
THAT;2149
THEM;5
THEY;15
THIS;122
WERE;65
WHAT;21
WHOM;26
WILL;114
WITH;994
1001;0
1002;2
1011;0
1013;0
1014;1
1022;0
1023;0
1024;0
1025;0
1026;0
1029;0
1031;0
1032;1
1044;0
1061;3
1062;0
1064;0
1076;0
1081;0
1083;0
108A;0
1974;0
401A;0
403A;0
403B;0
501A;0
5136;0
ACTS;26
VIII;24
BOTH;44
EACH;580
WHEN;64
ALSO;45
LIKE;9
MORE;152
NEXT;4
ONLY;78
SOLE;31
THEN;39
VERY;0
LESS;19
OVER;46
ENDS;3
ITEM;15
KNOW;5
MEAN;8
READ;34
RISE;10
TERM;597
DEEM;9
100;5
150;5
1ST;2
2/3;22
3RD;1
DUE;27
TWO;2
ACH;6
AGE;9
AID;4
CAP;3
DAY;51
EAD;11
FEE;62
FIX;11
HUD;5
IFI;26
ILL;1
IRS;0
JOB;3
KEY;1
LAW;261
NET;34
NEW;152
OCC;0
OTS;1
OUT;64
PAY;82
PIN;0
RUN;1
SEC;412
SEX;3
SIV;1
SUM;3
TAX;24
USE;182
ARE;619
CAN;18
FOR;2589
HAD;28
HAS;405
HER;2
HIM;0
HIS;9
HOW;34
ITS;272
MAY;1140
ONE;54
OWN;31
PER;18
SHE;3
THE;20763
VIA;0
WAS;155
WHO;229
101;2
102;2
103;2
104;0
105;0
106;1
107;1
108;1
109;0
25A;1
301;1
304;0
505;0
529;0
704;0
919;3
920;0
921;1
9A1;0
ACT;122
III;393
VII;40
ALL;386
ANY;3139
AND;7575
BUT;84
NON;52
NOR;15
NOT;912
WHY;12
YET;8
END;375
PUT;15
SET;42
10;38
12;67
15;71
20;16
23;13
25;17
30;9
50;5
62;10
EC;124
IT;160
US;122
VI;56
AN;1422
AT;629
BE;1695
BY;3996
DO;32
HE;2
IN;4696
IS;1690
OF;12014
ON;1476
TO;5202
UP;22
11;62
13;21
14;64
16;26
17;22
18;18
19;7
1A;30
1B;8
1F;1
21;10
22;9
24;6
27;13
28;4
29;32
2A;6
40;10
43;3
47;17
5A;6
5B;12
6D;2
8A;1
9A;4
A1;18
A2;9
AA;67
B2;7
B4;1
BB;51
C2;1
CC;33
D1;3
G3;0
H2;0
II;940
IV;205
IX;18
XI;8
NO;248
AS;2192
IF;491
OR;7190
SO;67
1;1079
2;910
3;535
4;356
5;258
6;193
7;247
8;136
9;185
A;6758
I;1077
B;1386
C;927
D;642
E;619
F;229
H;152
J;49
K;45
L;83
M;75
N;96
O;44
P;77
Q;17
R;157
T;126
U;83
V;140
X;51
Y;27
