SECTION 130320 OF THE FEDERAL HOUSING ENTERPRISES FINANCIAL SAFETY AND SOUNDNESS ACT OF 1992 12 USC 450220;0
THE FEDERAL DEPOSIT INSURANCE CORPORATION IMPROVEMENT ACT OF 1991 12 USC 4401 ET SEQ;0
THE FEDERAL DEPOSIT INSURANCE CORPORATION IMPROVEMENT ACT OF 1991 12 USC 4403A;0
HOUSING ENTERPRISES FINANCIAL SAFETY AND SOUNDNESS ACT OF 1992 12 USC 4617D;0
SECTION 21 OR 27 OF THE SECURITIES EXCHANGE ACT OF 1934 15 USC 78U 78AA;0
THE SECURITIES INVESTOR PROTECTION ACT OF 1970 15 USC 78AAA ET SEQ;0
THE FEDERAL DEPOSIT INSURANCE CORPORATION IMPROVEMENT ACT OF 1991;2
NONBANK FINANCIAL COMPANY SUPERVISED BY THE BOARD OF GOVERNORS;64
THE SECURITIES INVESTOR PROTECTION ACT OF 1970 15 USC 78DDD;2
THE SECURITIES INVESTOR PROTECTION ACT OF 1970 15 USC 78LLL;1
DODD-FRANK WALL STREET REFORM AND CONSUMER PROTECTION ACT;25
SECTION 5A OF THE INSPECTOR GENERAL ACT OF 1978 5 USC APP;1
SECURITIES INVESTOR PROTECTION ACT OF 1970 15 USC 78FFF2C;0
SECURITIES INVESTOR PROTECTION ACT 15 USC 78AAA ET SEQ;0
THE BANK HOLDING COMPANY ACT OF 1956 12 USC 1841A;0
THE BANK HOLDING COMPANY ACT OF 1956 12 USC 1841B;0
THE BANK HOLDING COMPANY ACT OF 1956 12 USC 1843K;2
PART 366 OF TITLE 12 CODE OF FEDERAL REGULATIONS;0
THE SECURITIES EXCHANGE ACT OF 1934 15 USC 73OB;0
THE SECURITIES EXCHANGE ACT OF 1934 15 USC 78OB;3
COMMITTEE ON BANKING HOUSING AND URBAN AFFAIRS;88
THE FEDERAL DEPOSIT INSURANCE ACT 12 USC 1818;10
COMMITTEE ON FINANCIAL SERVICES OF THE HOUSE;78
CHAPTER 31 OF TITLE 31 UNITED STATES CODE;1
COMPTROLLER GENERAL OF THE UNITED STATES;52
ADMINISTRATIVE EXPENSES OF THE RECEIVER;0
RECORDS OF A COVERED FINANCIAL COMPANY;0
CUSTOMER PROPERTY AND MEMBER PROPERTY;0
FEDERAL DEPOSIT INSURANCE CORPORATION;108
REVISED STATUTES OF THE UNITED STATES;13
PRIMARY FINANCIAL REGULATORY AGENCY;32
THE SECURITIES EXCHANGE ACT OF 1934;82
ACTUAL DIRECT COMPENSATORY DAMAGES;0
APPROPRIATE FEDERAL BANKING AGENCY;166
SUPREME COURT OF THE UNITED STATES;5
CHAPTER 11 OF THE BANKRUPTCY CODE;0
THE FEDERAL DEPOSIT INSURANCE ACT;54
FEDERAL RULES OF CIVIL PROCEDURE;6
COMMITTEE ON FINANCIAL SERVICES;9
INSURED DEPOSITORY INSTITUTION;161
UNITED STATES COURT OF APPEALS;10
IMPACT ON FINANCIAL STABILITY;0
INTERNAL REVENUE CODE OF 1986;14
ORDERLY LIQUIDATION AUTHORITY;0
SELF-REGULATORY ORGANIZATIONS;14
DISTRICT OF COLUMBIA CIRCUIT;8
QUALIFIED FINANCIAL CONTRACT;0
REVERSE REPURCHASE AGREEMENT;3
SELF-REGULATORY ORGANIZATION;45
THE FEDERAL CREDIT UNION ACT;4
FUTURES COMMISSION MERCHANT;34
THE FARM CREDIT ACT OF 1971;1
COMMITTEE ON THE JUDICIARY;1
DEPARTMENT OF THE TREASURY;18
ELIGIBLE FINANCIAL COMPANY;0
THE COMMODITY EXCHANGE ACT;62
COVERED FINANCIAL COMPANY;2
FEDERAL REGULATORY AGENCY;8
MASTER AGREEMENT CONTAINS;2
NONBANK FINANCIAL COMPANY;38
STATE INSURANCE REGULATOR;15
BANK PRODUCTS ACT OF 2000;2
SUBCLAUSES I THROUGH VIII;0
SUBPARAGRAPHS A B C AND D;0
BRIDGE FINANCIAL COMPANY;0
COVERED BROKER OR DEALER;0
CUSTOMER NAME SECURITIES;1
FEDERAL BANKING AGENCIES;61
FEDERAL INSURANCE OFFICE;11
HOUSE OF REPRESENTATIVES;31
PROMPT CORRECTIVE ACTION;2
SUBCLAUSES I THROUGH XII;0
DEPOSITORY INSTITUTIONS;25
IMPLEMENTATION EXPENSES;0
UNDERSERVED COMMUNITIES;6
SUBPARAGRAPHS B C AND D;0
SUBPARAGRAPHS C D AND E;2
IN CONNECTION THEREWITH;2
AS SOON AS PRACTICABLE;5
CUSTOMER NAME SECURITY;0
DEPOSITORY INSTITUTION;85
FINANCIAL INSTITUTIONS;89
INSTITUTION-AFFILIATED;4
GRAMM-LEACH-BLILEY ACT;28
SUBCLAUSES I THROUGH V;1
SUBCLAUSES I THROUGH X;0
TO THE MAXIMUM EXTENT;8
BUSINESS OF INSURANCE;15
CLEARING ORGANIZATION;13
CONFLICTS OF INTEREST;77
FINANCIAL INSTITUTION;87
PREDOMINANTLY ENGAGED;12
RESOLUTION MECHANISMS;0
CLAUSES I THROUGH III;7
SUBPARAGRAPHS A AND B;24
RULES OF CONSTRUCTION;6
BANK HOLDING COMPANY;124
CONFLICT OF INTEREST;16
CONFLICT-OF-INTEREST;0
CORPORATE GOVERNANCE;3
DISTRICT OF COLUMBIA;12
IN DANGER OF DEFAULT;7
INSURED CREDIT UNION;33
REPURCHASE AGREEMENT;3
RISK-RELATED FACTORS;6
CLAUSES I THROUGH VI;0
PARAGRAPHS 13 AND 14;0
SUBCLAUSES I AND III;2
LESS FREQUENTLY THAN;17
RULE OF CONSTRUCTION;59
COMPTROLLER GENERAL;89
CREDIT ENHANCEMENTS;1
DERIVATIVES MARKETS;1
FINANCIAL CONDITION;17
FINANCIAL STABILITY;58
INVESTOR PROTECTION;19
SECURITIES CONTRACT;2
PARAGRAPHS 9 AND 10;0
SUBCLAUSES I AND IV;0
SUBPARAGRAPH A OR B;11
SUBPARAGRAPH G OR H;0
SUBSECTIONS A AND B;22
SUBSECTIONS B AND C;9
BANKRUPTCY PROCESS;0
BOARD OF GOVERNORS;504
COMMODITY CONTRACT;3
COVERED SUBSIDIARY;0
FARM CREDIT SYSTEM;9
FEDERAL ASSISTANCE;8
FINANCIAL SERVICES;16
FOREIGN GOVERNMENT;16
INTERCONNECTEDNESS;7
RESOLUTION PROCESS;0
SITUATED CLAIMANTS;0
TOTAL CONSOLIDATED;25
TRANSFER OF ASSETS;0
IN CONNECTION WITH;148
12 USC 2001 ET SEQ;0
CLAUSES II AND III;3
PARAGRAPHS 1 AND 2;25
PARAGRAPHS 2 AND 3;8
UNITED STATES CODE;160
WRIT OF CERTIORARI;1
FOR THE PURPOSE OF;74
IN ACCORDANCE WITH;199
IN CONFORMITY WITH;2
CUSTOMER PROPERTY;1
DEPOSIT INSURANCE;27
FINANCIAL COMPANY;23
FINANCIAL MARKETS;21
INSURANCE COMPANY;18
MARKET DISCIPLINE;2
OFF-BALANCE SHEET;2
PROTECTIVE DECREE;1
PUBLIC DISCLOSURE;21
UNJUST ENRICHMENT;1
WRITTEN AGREEMENT;5
IN THE CONTEXT OF;3
PARAGRAPH 9 OR 10;0
SUBSECTION A OR B;9
IN THE EVENT THAT;5
ATTORNEY GENERAL;38
CEASE-AND-DESIST;11
COMMODITY BROKER;0
COURT OF APPEALS;6
FINANCIAL SYSTEM;63
FOREIGN EXCHANGE;6
FORWARD CONTRACT;0
FULLY GUARANTEED;2
GOLDEN PARACHUTE;1
LETTER OF CREDIT;4
MORTGAGE-RELATED;4
PERIOD BEGINNING;82
RESPONSIBILITIES;43
UNENFORCEABILITY;1
PARAGRAPH 1 OR 2;6
PARAGRAPH 3 OR 5;0
FOR THE PURPOSES;31
PURSUANT THERETO;1
ADVERSE EFFECTS;4
BANKRUPTCY CODE;0
COMPATIBLE WITH;0
CONFIDENTIALITY;47
FEDERAL RESERVE;168
FINANCIAL FIRMS;4
INSTRUMENTALITY;21
JUDICIAL REVIEW;12
LEGAL CERTAINTY;12
LOAN COMMITMENT;0
MAJORITY LEADER;1
MINORITY LEADER;6
ORDINARY COURSE;9
REPRESENTATIVES;109
RESPONSIBLE FOR;36
SECURITIES LAWS;33
STATE-CHARTERED;6
WALKAWAY CLAUSE;0
ASSOCIATED WITH;107
15 USC 78EEEB2C;0
SECTION 210C10B;0
THE CLAYTON ACT;0
THIS SUBSECTION;373
NOTWITHSTANDING;147
WITH RESPECT TO;586
RECOMMENDATIONS;141
ADMINISTRATION;34
ADMINISTRATIVE;66
ADVERSE EFFECT;0
BOARD OF TRADE;81
CERTIFICATIONS;9
COLLATERALIZED;6
COMMODITY SWAP;2
CONCENTRATIONS;2
CONSIDERATIONS;45
COUNTERPARTIES;34
CROSS-CURRENCY;1
DISCRIMINATION;11
ELECTRONICALLY;5
FEDERAL AGENCY;48
IDENTIFICATION;27
IMPLEMENTATION;42
INTERCONNECTED;6
INVESTIGATIONS;17
RECOMMENDATION;53
REHABILITATION;2
REORGANIZATION;12
REPRESENTATIVE;34
RESPONSIBILITY;21
SMALL BUSINESS;24
SWAP AGREEMENT;4
SECTION 201A11;0
SECTION 202A1A;0
SECTION 202C1A;0
SECTION 210A1A;0
SECTION 210N14;0
STUDY REQUIRED;57
SUBCHAPTER III;2
SUBPARAGRAPH A;364
SUBPARAGRAPH B;169
SUBPARAGRAPH C;66
SUBPARAGRAPH D;41
SUBPARAGRAPH F;6
SUBPARAGRAPH G;6
SUBPARAGRAPH H;9
SUBSECTION A11;0
THIS PARAGRAPH;169
AS A RESULT OF;17
IN ADDITION TO;32
IN THE CASE OF;105
NOT LATER THAN;262
WITH REGARD TO;25
DETERMINATIONS;40
IN THE FUTURE;4
AUTOMATICALLY;1
BALANCE SHEET;10
CIRCUMVENTION;7
CLARIFICATION;11
CONGRESSIONAL;8
CONSIDERATION;66
CONSOLIDATION;5
CONTRIBUTIONS;6
COUNTERPARTYS;0
CURRENCY SWAP;2
DETERMINATION;239
DIFFERENTIATE;7
DISCRETIONARY;4
DOCUMENTATION;18
EFFECTIVENESS;51
EXPEDITIOUSLY;3
INCORPORATION;2
INSUFFICIENCY;2
INTEREST RATE;52
INTERNATIONAL;43
INVESTIGATION;38
INVOLUNTARILY;4
MODIFICATIONS;11
NONDEFAULTING;2
NORMAL COURSE;3
OF SECURITIES;59
PARTICIPATION;30
PUBLIC POLICY;1
RAMIFICATIONS;0
RECEIVERSHIPS;0
RECORDKEEPING;26
REGISTRATIONS;0
REGULATION OF;67
REIMBURSEMENT;7
SUPREME COURT;1
SYSTEMIC RISK;33
THIRD PARTIES;7
UNITED STATES;365
URBAN AFFAIRS;5
APPLICABILITY;28
APPLICABLE TO;91
CONSISTING OF;1
MISCELLANEOUS;2
SUBSTANTIALLY;22
PARAGRAPH 10A;0
PARAGRAPH 10B;0
PARAGRAPH 12B;1
PARAGRAPH 13A;0
PARAGRAPH 13B;0
PARAGRAPH 2BI;2
SECTION 102A4;0
SECTION 202A1;0
SECTION 203C3;0
SECTION 210A2;0
SECTION 210A5;0
SECTION 210B1;0
SECTION 210C8;0
SECTION 210N9;0
SECTIONS 204D;0
SUBSECTION A1;48
SUBSECTION A4;9
SUBSECTION A6;2
SUBSECTION A8;2
SUBSECTION B1;12
SUBSECTION B2;34
SUBSECTION B4;4
SUBSECTION D4;2
SUBSECTION D5;1
SUBSECTION E2;6
SUBSECTION H2;4
SUBSECTION N9;0
SUBSECTION O1;0
PROVIDED THAT;21
REGARDLESS OF;21
TO THE EXTENT;143
TOGETHER WITH;21
AUTHORIZATION;33
ESTABLISHMENT;57
INSUFFICIENT;8
PERIODICALLY;16
ACCELERATION;1
ADJUDICATION;4
ADMINISTERED;15
APPOINTMENTS;1
ARRANGEMENTS;25
AVAILABILITY;56
BUSINESS DAY;14
CERTIFICATES;0
COMMENCEMENT;7
COMMENSURATE;1
COMPENSATION;145
COMPENSATORY;5
CONFIDENTIAL;40
CONFIRMATION;2
CONSOLIDATED;21
CONSTITUTION;3
CONSULTATION;146
CONSUMMATION;21
CONTINUATION;15
CONTRIBUTION;23
COORDINATION;51
COUNTERPARTY;92
DEMONSTRATED;2
DEMONSTRATES;3
DISTRIBUTION;13
DUTY OF CARE;3
ENTITLEMENTS;2
EXPECTATIONS;1
FACILITATING;4
FOREIGN BANK;34
FUNCTIONS OF;52
GOVERNMENTAL;18
GUARANTEEING;5
IMPLICATIONS;3
INCORPORATED;15
JURISDICTION;145
MARKET SHARE;5
MODIFICATION;40
MORAL HAZARD;1
MUNICIPALITY;5
NOTIFICATION;29
ORGANIZATION;70
PARTICIPANTS;67
PARTICIPATED;5
PRESCRIPTION;2
QUANTITATIVE;19
RECEIVERSHIP;6
RELATIONSHIP;8
REQUIREMENTS;479
SATISFACTION;2
SHAREHOLDERS;16
SIMULTANEOUS;4
SOLICITATION;19
STAKEHOLDERS;1
SUBORDINATED;1
SUBSIDIARIES;41
TRANSACTIONS;194
TRANSFERRING;7
UNENCUMBERED;0
UNLIQUIDATED;0
BY REASON OF;8
BY VIRTUE OF;8
ON BEHALF OF;68
PARAGRAPH 11;7
PARAGRAPH 12;6
PARAGRAPH 13;7
PARAGRAPH 14;1
PARAGRAPH 15;1
PARAGRAPH 1A;34
PARAGRAPH 1B;17
PARAGRAPH 1C;5
PARAGRAPH 2B;20
PARAGRAPH 3A;10
PARAGRAPH 3B;9
PARAGRAPH 4B;10
PARAGRAPH 51;1
PARAGRAPH 6B;2
PARAGRAPH 8A;0
PARAGRAPH 9A;2
SECTION 1013;1
SECTION 1032;1
SECTION 1367;0
SECTION 15C5;0
SECTION 202A;4
SECTION 203A;1
SECTION 203B;3
SECTION 203D;0
SECTION 204D;0
SECTION 205E;1
SECTION 205F;0
SECTION 2105;1
SECTION 210B;2
SECTION 210C;1
SECTION 210H;0
SECTION 210N;0
SECTION 3A47;1
SECTION 403A;0
SECTION 5242;0
SECTION 547C;0
SECTION 548C;0
SECTIONS 403;0
SECTIONS 547;0
SECTIONS 741;0
SUBCLAUSE II;12
SUBSECTION A;272
SUBSECTION B;175
SUBSECTION C;63
SUBSECTION D;41
SUBSECTION E;36
SUBSECTION H;14
SUBSECTION O;4
THIS SECTION;729
EARLIER THAN;8
GREATER THAN;11
IN THE PLACE;2
RESPECTIVELY;75
SPECIFICALLY;33
DEFINITIONAL;1
SUBPARAGRAPH;78
ESTABLISHING;57
RESTRICTIONS;29
50000000000;17
APPROPRIATE;521
ENFORCEABLE;20
IMMEDIATELY;24
SIGNIFICANT;78
SUBSTANTIAL;34
ACCEPTANCES;2
ACQUISITION;31
AFFIRMATIVE;5
ALTERNATIVE;18
APPLICATION;107
APPOINTMENT;26
ARRANGEMENT;15
ASSESSMENTS;32
ASSOCIATION;64
AUTHORITIES;87
CALCULATION;9
CERTIFICATE;8
CHAIRPERSON;55
COMBINATION;5
COMMISSIONS;22
COMMODITIES;25
COMPETITION;10
COMPETITIVE;24
CONCLUSIONS;5
CONCURRENCE;4
CONFLICTING;3
CONSEQUENCE;3
CONSERVATOR;4
CONSTITUTES;15
CONSUMMATED;11
CONTINGENCY;6
CONTRACTUAL;11
CONTRIBUTED;3
CONVERTIBLE;2
COOPERATION;4
CORPORATION;253
DEFINITIONS;107
DESCRIPTION;60
DESIGNATION;40
DETERMINING;62
DEVELOPMENT;42
DIFFERENCES;11
DISPOSITION;10
DISSOLUTION;1
DISTRIBUTED;8
DUPLICATIVE;3
ENFORCEMENT;286
ENHANCEMENT;2
EVALUATIONS;3
EVIDENTIARY;1
EXAMINATION;139
FILING DATE;5
FORECLOSURE;50
GOVERNMENTS;6
IMPROVEMENT;4
INFORMATION;725
INSTITUTION;64
INSTRUMENTS;37
INTENTIONAL;0
INVESTMENTS;41
INVOLUNTARY;1
LEGISLATIVE;20
LIABILITIES;18
LIQUIDATING;3
LIQUIDATION;6
LONGER-TERM;0
MAINTAINING;17
MEMBERSHIPS;0
OBLIGATIONS;91
OPPORTUNITY;52
OUTSTANDING;27
PARTNERSHIP;25
PERFORMANCE;36
PRACTICABLE;29
PRESUMPTION;5
PROCEEDINGS;56
PROSECUTION;5
PROTECTIONS;6
PUBLICATION;42
REASONS FOR;10
RECOVERABLE;1
REGULATIONS;404
REQUIREMENT;124
RESTITUTION;8
SHAREHOLDER;23
STOCKBROKER;0
SUBORDINATE;5
SUMMARIZING;3
SUPERVISION;92
SUPERVISORY;76
SUPPLEMENTS;1
TERMINATION;23
TERRITORIAL;4
TRANSACTION;355
TRANSFERRED;192
TRANSMITTAL;6
TRANSMITTED;9
UTILIZATION;1
VOLUNTARILY;4
PURSUANT TO;385
REFERRED TO;76
RELATING TO;240
PARAGRAPH 1;390
PARAGRAPH 2;200
PARAGRAPH 3;88
PARAGRAPH 4;76
PARAGRAPH 5;24
PARAGRAPH 6;24
PARAGRAPH 8;9
PARAGRAPH 9;8
SECTION 101;7
SECTION 11E;0
SECTION 120;1
SECTION 15B;5
SECTION 165;2
SECTION 201;1
SECTION 202;5
SECTION 203;6
SECTION 204;4
SECTION 205;3
SECTION 206;4
SECTION 209;1
SECTION 210;1
SECTION 215;0
SECTION 402;2
SECTION 546;0
SECTION 5B2;0
SUBCLAUSE I;21
SUBSECTIONS;34
EXCLUSIVELY;9
AS A RESULT;0
IN ANY CASE;8
IN ORDER TO;77
LONGER THAN;4
RELATIVE TO;9
TO CONCLUDE;2
AUTHORIZING;3
ESTABLISHED;254
ESTABLISHES;5
LIMITATIONS;69
PROHIBITION;57
PROMULGATED;25
RESTRICTION;4
10 PERCENT;15
85 PERCENT;2
90 PERCENT;4
ACCEPTABLE;11
CONSISTENT;117
INDIRECTLY;63
REASONABLE;129
REASONABLY;52
SEMIANNUAL;10
SUFFICIENT;31
ACCELERATE;1
ACCEPTANCE;13
ACCOUNTANT;4
ACCOUNTING;83
ACQUIESCES;0
ACTIVITIES;299
ADMINISTER;22
AFFILIATES;38
AFFIRMANCE;1
AGREEMENTS;55
ALLOCATION;20
APPOINTING;4
ASSESSMENT;52
ASSIGNMENT;13
ASSISTANCE;102
ASSOCIATED;42
ASSUMPTION;2
BANKRUPTCY;10
BASED UPON;17
BASIS SWAP;2
BENEFICIAL;3
BURDENSOME;2
BUSINESSES;11
CALCULATED;8
CAPRICIOUS;1
CATEGORIES;18
CHALLENGES;2
CIRCUMVENT;2
COLLATERAL;29
COLLECTING;11
COLLECTION;35
COMMERCIAL;45
COMMISSION;1559
COMMITTEES;31
COMPARABLE;55
COMPLETING;3
COMPLETION;17
COMPLEXITY;4
CONCLUSION;7
CONDITIONS;107
CONDUCT OF;27
CONDUCTING;41
CONSIDERED;59
CONSIST OF;3
CONSTITUTE;14
CONSULTING;8
CONTAINING;22
CONTINGENT;6
CONTINUING;4
CONVENIENT;1
CONVERSION;24
COORDINATE;48
CURRENCIES;8
DEFINITION;85
DESCRIBING;18
DIFFERENCE;6
DIRECTIVES;3
DISCHARGED;1
DISCLOSING;6
DISCRETION;72
DISRUPTIVE;2
DUE REGARD;3
EFFICIENCY;10
EMPLOYMENT;43
EVALUATING;4
EVALUATION;22
EXECUTIVES;3
EXERCISING;11
EXPEDITION;0
EXPERIENCE;8
EXPIRATION;26
EXPLAINING;0
EXTENSIONS;8
FACILITATE;44
FORECLOSED;2
FRAUDULENT;15
FULFILLING;2
GOOD FAITH;15
GOVERNMENT;123
GUARANTEED;15
GUIDELINES;46
HOUSEHOLDS;4
IMPORTANCE;11
IMPRISONED;2
INCENTIVES;13
INCIDENTAL;20
INDIVIDUAL;120
INITIATIVE;11
INJUNCTION;9
INJUNCTIVE;2
INSOLVENCY;7
INVESTMENT;137
JUSTIFYING;0
LIKELIHOOD;4
LIQUIDATED;0
LITIGATION;14
MAINTAINED;33
MANAGEMENT;109
MATERIALLY;11
MATURITIES;0
MECHANISMS;12
MISCONDUCT;12
MITIGATING;13
NET EQUITY;0
OBLIGATION;55
OCCURRENCE;18
OPERATIONS;51
PERFORMING;45
PERSONALLY;19
POSSESSION;10
PREFERENCE;1
PRESERVING;4
PREVENTION;14
PRIORITIES;3
PRIVILEGES;10
PROCEDURES;190
PROCEEDING;96
PROHIBITED;17
PROMULGATE;35
PROSECUTED;1
PROTECTION;150
PROTECTIVE;0
PROVISIONS;236
PURCHASING;14
RECKLESSLY;8
RECOUPMENT;4
RECOVERIES;0
REDEMPTION;5
REGISTERED;350
REGULATION;293
REGULATORS;39
REGULATORY;179
REPURCHASE;0
RESOLUTION;75
RISK-BASED;14
SCHEDULING;3
SECURITIES;435
SETTLEMENT;69
SHORT-TERM;4
STRUCTURES;4
SUBSIDIARY;179
SUCCESSION;2
SUCCESSIVE;1
SUPERVISED;67
SUPPORTING;10
SUSPENSION;13
TERMINATED;15
UNDERLYING;19
UNDISPUTED;0
UNRESOLVED;0
VALUATIONS;1
VOLATILITY;4
WINDING UP;2
APPLICABLE;184
IN GENERAL;595
PARTICULAR;32
SUBSEQUENT;16
THEMSELVES;7
THEREAFTER;31
THEREUNDER;42
CLAUSE III;31
CLAUSE VII;9
SECTION 14;5
SECTION 16;2
SECTION 2A;7
SECTION 2B;2
SECTION 4K;11
SECTION 7A;0
SECTION 8C;0
SECTION 8E;2
SECTION 8N;0
SECTION 8V;0
SUBTITLE A;14
THIS TITLE;503
AS SOON AS;4
BECAUSE OF;15
EARLIER OF;6
EQUIVALENT;22
EXCEPTIONS;34
FEWER THAN;20
IN LIEU OF;7
LIMITED TO;18
MULTIPLIED;3
PREVIOUSLY;6
SUBJECT TO;475
ADDITIONAL;111
AMENDMENTS;146
CONFORMING;32
PARAGRAPHS;33
RULEMAKING;106
SUBCHAPTER;8
LIMITATION;77
AUTHORIZED;147
DESIGNATED;126
DETERMINED;123
DETERMINES;191
EXEMPTIONS;35
PERMITTING;6
PRESCRIBED;214
24 MONTHS;6
ADVISABLE;4
EQUITABLE;22
NECESSARY;279
PRESENTLY;1
QUARTERLY;5
ACQUIESCE;0
ACQUIRING;6
ADVERSELY;3
AFFECTING;25
AFFILIATE;119
AGGREGATE;46
AGREEMENT;144
ALLEGEDLY;1
ALLOCATED;5
ALLOWANCE;1
ANTITRUST;8
APPEARING;1
APPLICANT;33
APPOINTED;48
APPRAISER;48
ARBITRARY;1
AUTHORITY;515
AVAILABLE;224
AVOIDABLE;1
AVOIDANCE;1
BONA FIDE;28
BORROWING;25
BROKERAGE;14
CARRY OUT;106
CAUSES OF;2
CERTIFIES;4
CHALLENGE;0
CHARACTER;10
CHARTERED;21
CLEARANCE;7
COMMENCED;10
COMMITTED;23
COMMODITY;91
COMPANIES;151
COMPETENT;16
CONDITION;31
CONDUCTED;85
CONFIRMED;3
CONSIDERS;14
CONSUMERS;167
CONTAINED;20
CONTRACTS;119
CONVICTED;15
CORPORATE;16
CREDITORS;15
CURRENTLY;4
CUSTODIAN;21
CUSTOMERS;30
DECISIONS;21
DEFAULTED;1
DEPLETION;0
DEPOSITED;32
DETERRENT;2
DEVELOPED;14
DIRECTION;9
DIRECTORS;111
DISCHARGE;10
DISCLOSED;23
DISCLOSES;4
DISCOVERY;23
DISMISSAL;1
DISMISSED;1
DISREGARD;6
DISRUPTED;2
DIVIDENDS;19
DOCUMENTS;43
EFFECTING;7
EFFICIENT;15
EMISSIONS;1
EMPLOYEES;186
ESSENTIAL;3
ESTIMATED;7
EXCESSIVE;5
EXCLUSION;30
EXECUTING;7
EXECUTION;28
EXECUTIVE;14
EXEMPLARY;2
EXERCISED;1
EXERCISES;2
EXPEDITED;6
EXTENSION;49
FAVORABLE;4
FIDUCIARY;23
FINANCIAL;458
FINANCING;27
FOREGOING;4
FREQUENCY;9
FUNCTIONS;112
GENERATED;3
GOVERNING;49
GUARANTEE;51
IMMEDIATE;2
IMPLEMENT;51
INABILITY;1
INCURRING;0
INFLATION;9
INITIATED;12
INSOLVENT;8
INSPECTOR;52
INSURANCE;225
INTENTION;4
INTERESTS;42
INTERFERE;2
INVESTORS;134
INVOLVING;42
JUDICIARY;0
KNOWLEDGE;15
LEVERAGED;4
LIABILITY;21
LIQUIDATE;4
LIQUIDITY;30
LONG-TERM;9
MAGNITUDE;1
MARKETING;12
MEASURING;2
MUNICIPAL;143
OBLIGATED;2
OBTAINING;15
OCCURRING;12
OFFICIALS;6
OMISSIONS;1
OPERATING;34
OPERATION;38
ORGANIZED;19
OWNERSHIP;31
PENALTIES;37
PERFORMED;12
PETITIONS;1
PORTFOLIO;25
POSITIONS;71
POTENTIAL;91
PRACTICES;85
PREJUDICE;1
PRESENTED;6
PRESIDENT;42
PRINCIPAL;104
PRIVILEGE;27
PROCEDURE;34
PROMOTING;7
PROVIDING;134
PROVISION;333
PUBLISHED;29
PURCHASED;11
PURCHASER;6
PURCHASES;12
QUALIFIED;25
RECEIVERS;0
RECEIVING;28
RECOMMEND;18
RECORDING;2
REFERENCE;13
REIMBURSE;11
REPAYMENT;24
REPORTING;148
REPUDIATE;0
RESOLVING;12
RESULTING;23
RETENTION;44
REVIEWING;11
SCHEDULES;6
SECRETARY;250
SELECTION;11
SOUNDNESS;41
STABILITY;30
STANDARDS;300
STATEMENT;71
SUBMITTED;79
SUCCESSOR;43
SUPPORTED;2
SUSPENDED;7
TAXPAYERS;15
TEMPORARY;27
TERMINATE;23
TERRITORY;13
TESTIMONY;46
TIMELINES;3
TRANSFERS;23
TREATMENT;58
UNMATURED;0
UNSECURED;4
VALUATION;19
VIOLATION;187
VOLUNTARY;6
WIND DOWN;0
BE SERVED;22
DIFFERENT;23
FOLLOWING;714
GENERALLY;19
HEREAFTER;2
PRECEDING;70
CHAPTER 7;8
CLAUSE II;42
CLAUSE IV;15
SECTION 1;65
SECTION 3;46
SECTION 4;32
SECTION 7;1
SUBCLAUSE;3
EXCLUDING;7
BEGINNING;20
EXCEPT AS;135
HEREUNDER;1
INCLUDING;675
LESS THAN;50
MORE THAN;74
OTHERWISE;232
REGARDING;238
SIMILARLY;6
MAXIMIZES;1
MINIMIZES;0
AMENDMENT;85
CONSTRUED;116
DESCRIBED;614
EFFECTIVE;64
ENACTMENT;279
EXPRESSLY;8
INSERTING;1069
MANDATORY;34
AUTHORIZE;9
DETERMINE;161
ESTABLISH;238
EXCEPTION;66
JUSTIFIES;1
MITIGATES;0
PERMITTED;59
PRESCRIBE;189
PROHIBITS;4
REGULATED;65
REQUESTED;31
REQUIRING;53
RESTRICTS;2
SATISFIED;4
SATISFIES;2
SET FORTH;46
SPECIFIED;43
SUPERVISE;4
120 DAYS;5
180 DAYS;35
2 MONTHS;1
24 HOURS;4
6 MONTHS;21
ADEQUATE;37
DIRECTLY;121
IMPROPER;3
POSSIBLE;33
PROMPTLY;15
RELEVANT;61
STRICTLY;1
ACCOUNTS;51
ACCRUING;7
ACQUIRED;12
ACTIVITY;98
ADEQUACY;13
AFFECTED;17
AGENCIES;191
ALLOCATE;4
AMORTIZE;2
ANALYSIS;59
APPROVED;33
ASSESSED;10
ASSUMING;3
ATTORNEY;21
BARRIERS;3
BASELINE;8
BEHAVIOR;6
BELIEVED;3
BENEFITS;73
BORROWED;7
BUSINESS;161
CALENDAR;7
CAPACITY;55
CARRYING;39
CATEGORY;52
CLAIMANT;1
CLAIMING;2
CLEARING;215
COMMENCE;10
COMPANYS;3
COMPLETE;36
COMPUTER;6
CONCLUDE;0
CONGRESS;155
CONSENTS;3
CONSIDER;72
CONTINUE;33
CONTRACT;300
CONVEYED;4
COSTS OF;24
CREATING;7
CREATION;3
CREDITED;28
CREDITOR;111
CRIMINAL;16
CRITERIA;46
CUSTOMER;65
DEADLINE;20
DEALINGS;1
DECISION;52
DEFAULTS;10
DEFERRED;2
DEFINING;7
DELIVERY;70
DESIGNED;42
DIMINISH;3
DIRECTOR;495
DISCOUNT;23
DISPUTED;0
DISTRESS;13
DISTRICT;47
DOCUMENT;16
DURATION;7
DYNAMICS;0
EARNINGS;7
ECONOMIC;37
ELECTION;24
ELIGIBLE;27
EMPLOYED;29
EMPLOYEE;172
ENTERING;15
ENTITIES;165
ENTITLED;24
ESTIMATE;16
EVIDENCE;30
EXCHANGE;97
EXECUTED;20
EXERCISE;75
EXISTING;63
EXPECTED;19
EXPEDITE;1
EXPENDED;10
EXPENSES;44
EXPOSURE;13
EXTENDED;14
FINDINGS;46
FOLLOWED;1
FULFILLS;1
FUNCTION;23
GOVERNED;3
GRADUATE;2
GUARANTY;8
IDENTIFY;58
IDENTITY;20
IMPOSING;12
INCIDENT;1
INCLUDED;23
INCLUDES;69
INCURRED;14
INDIRECT;13
INITIATE;27
INSTANCE;0
INTENDED;17
INTEREST;207
INVOLVES;13
ISSUANCE;43
JUDGMENT;25
JUDICIAL;27
LEVERAGE;20
MAINTAIN;98
MAJORITY;20
MATERIAL;92
MATURITY;4
MEASURED;0
MEASURES;30
MERCHANT;24
MINORITY;25
MONETARY;21
MORTGAGE;183
MULTIPLE;16
NATIONAL;128
NOTIFIED;8
OBTAINED;43
OCCURRED;12
OFFERING;52
OFFERORS;0
OFFICERS;21
OFFICIAL;15
OMISSION;18
ORGANIZE;0
ORIGINAL;18
OUTWEIGH;1
PARTNERS;0
PAYMENTS;80
PENDENCY;4
PERSONAL;26
PETITION;60
PLANNING;16
POLICIES;77
PRACTICE;62
PREPARED;16
PRIORITY;7
PROBABLE;1
PROCEEDS;11
PROPERTY;183
PROPOSED;110
PROPOSES;1
PROSPECT;1
PROTECTS;1
PROVIDES;68
PUNITIVE;3
PURCHASE;88
PURPOSES;404
REALIZED;3
RECEIPTS;14
RECEIVED;95
RECEIVER;12
RECEIVES;47
RECORDED;2
RECOVERY;13
RELIANCE;11
REMEDIES;28
RENDERED;2
REQUESTS;29
RESERVES;3
RESOLVED;2
RESOLVES;0
RESPONSE;50
RESUBMIT;5
RESULTED;2
RETAINED;13
REVENUES;4
REVIEWED;6
RULES OF;68
SALARIES;4
SCHEDULE;16
SECURING;13
SECURITY;186
SEPARATE;32
SERVICES;231
SITUATED;1
SUBPOENA;26
SUSPENDS;0
SYSTEMIC;3
TAXATION;2
TAXPAYER;10
TRANSFER;123
TREASURY;22
VACATION;2
VALIDITY;11
VIOLATED;14
CONTENTS;21
DOES NOT;172
MODIFIED;13
SPECIFIC;56
3 REPORT;9
CLAUSE I;122
CLAUSE V;11
THIS ACT;335
TITLE 11;14
TITLE 18;15
TITLE II;10
TITLE IV;1
AT LEAST;42
EQUAL TO;39
GREATEST;4
PREVIOUS;15
PROVIDED;390
SO AS TO;11
DECREASE;3
INCREASE;44
MAXIMIZE;1
MINIMIZE;23
BASED ON;90
CONTRARY;8
MEANINGS;15
STRIKING;1004
APPROVAL;46
ASSIGNED;4
ENFORCES;0
ENSURING;11
EVALUATE;19
EXCEPTED;16
EXEMPTED;12
GRANTING;9
LIMITING;32
MITIGATE;36
PRESUMED;1
PROHIBIT;23
REQUIRED;511
REQUIRES;23
RESTRAIN;1
SUITABLE;2
10 DAYS;6
1000000;9
10-YEAR;2
2 YEARS;26
24-HOUR;0
30 DAYS;47
45 DAYS;4
5 YEARS;31
60 DAYS;35
90 DAYS;41
ALREADY;8
EARLIER;8
PERCENT;21
PRUDENT;3
QUARTER;7
SERIOUS;8
SHORTER;7
ABILITY;81
ACCEPTS;6
ACCOUNT;185
ACCRUED;5
ACCRUES;2
ACHIEVE;15
ACQUIRE;14
ACTIONS;100
ADDRESS;40
ADVANCE;33
ADVERSE;10
AFFAIRS;20
AFFECTS;11
ALLEGES;1
AMOUNTS;109
APPLIED;38
APPOINT;15
ARISING;52
ARRANGE;1
AVOIDED;1
BACK-UP;4
BALANCE;25
BANKERS;1
BANKING;43
BECOMES;9
BENEFIT;43
BONUSES;1
BROKERS;91
BROUGHT;47
CAPITAL;96
CENTRAL;2
CLAUSES;4
CLEARED;62
COLLECT;21
COMPANY;279
COMPARE;4
CONDUCT;190
CONSENT;34
CONSULT;67
CONTACT;8
CONTAIN;36
CONTROL;83
CONVERT;5
COUNCIL;357
COUNTRY;36
COVERED;22
CREATED;9
CREDITS;10
CUSTODY;27
DAMAGES;19
DEALERS;100
DEALING;8
DECIDED;1
DEFAULT;39
DEFENSE;5
DEFINED;320
DEFRAUD;5
DEGREES;0
DELIVER;4
DEPLETE;0
DEPOSIT;21
DERIVED;14
DISPUTE;19
EFFECTS;24
EFFORTS;31
ELECTED;9
ENABLES;2
ENGAGED;86
ENHANCE;17
ENSURES;2
ENTERED;57
EXAMINE;28
EXPENSE;4
EXPERTS;8
EXPIRED;6
FACTORS;55
FAILURE;48
FEDERAL;504
FINDING;25
FOREIGN;172
FORWARD;6
FULFILL;8
FUNDING;42
FURNISH;16
HEARING;85
HOLDERS;7
HOLDING;10
HOUSING;111
IMPACTS;2
IMPOSED;69
IMPROVE;27
INCLUDE;244
INDEXED;3
INDICES;5
INITIAL;43
INSIDER;2
INSURED;76
INTERIM;22
ISSUING;24
JUSTICE;2
LEGALLY;2
LENDING;58
LOCATED;46
MAILING;4
MANAGED;12
MARKETS;72
MATURED;0
MEASURE;15
MEMBERS;108
MERGERS;1
MONITOR;35
NETTING;2
NONBANK;63
OFFENSE;4
OFFERED;32
OFFICER;118
OFFSETS;0
ONGOING;14
OPERATE;15
OPINION;4
OPTIONS;34
ORDERED;11
ORDERLY;28
OVERSEE;4
PARTIAL;7
PARTIES;18
PARTNER;9
PATTERN;5
PAYABLE;19
PAYMENT;164
PENALTY;82
PERFORM;54
PERIODS;22
PERSONS;190
PLACING;7
PORTION;22
PREPAID;7
PRIMARY;35
PRIVATE;47
PROCESS;79
PRODUCT;66
PROFITS;0
PROMOTE;41
PROTECT;43
PROVIDE;314
PUBLISH;29
PURPOSE;74
REACHED;0
REASONS;12
RECEIPT;71
RECEIVE;51
RECORDS;121
RECOVER;8
REDUCED;12
REFLECT;24
REMAINS;6
REMOVAL;4
REMOVED;1
REPORTS;227
REQUEST;167
RESOLVE;22
RESULTS;55
REVERSE;1
REVIEWS;18
SATISFY;13
SECURED;43
SEEKING;23
SELLING;11
SERVICE;104
SERVING;31
SETTING;21
SETTLES;8
SHARING;18
SHOWING;5
SOLVENT;4
SOURCES;19
SPEAKER;2
SPECIAL;46
STUDIED;0
STUDIES;11
SUBJECT;38
SUBMITS;10
SUCCEED;4
SUMMARY;8
SUPPORT;59
SURPLUS;5
SUSPEND;15
SYSTEMS;63
TREATED;35
TRUSTEE;5
UNSOUND;6
UTILIZE;6
WEATHER;1
WEBSITE;16
WILLFUL;1
WIND UP;2
WRITING;68
WRITTEN;105
AGAINST;118
ANOTHER;60
APPLIES;22
BETWEEN;107
CERTAIN;90
CURRENT;38
FAILING;2
GENERAL;115
MATTERS;34
OUTSIDE;21
PENDING;16
PRESENT;24
RELATED;118
SAVINGS;38
THEREOF;97
THEREON;1
THERETO;40
THROUGH;238
VARIOUS;7
WITHOUT;81
SECTION;40
TITLE 1;0
TITLE 5;90
JOINTLY;95
NEITHER;7
NOTHING;95
EXCEEDS;14
FURTHER;36
GRANTED;33
GREATER;16
IN THAT;11
LARGEST;4
ONLY IF;22
OVERALL;12
SIMILAR;91
SO THAT;12
SUCH AS;25
THAT IS;494
WHETHER;253
AVERAGE;8
MAXIMUM;35
MINIMUM;84
ADOPTED;38
APPEARS;138
CHAPTER;18
CONTENT;21
CONTEXT;7
HEADING;20
MEANING;64
RESPECT;4
STATUTE;25
THEREIN;22
LIMITED;26
ALLOWED;16
AMENDED;645
APPROVE;16
DECLARE;4
ENFORCE;121
PERMITS;4
PREVENT;65
REQUIRE;219
1-YEAR;22
250000;8
2-YEAR;15
30-DAY;11
3-YEAR;6
60-DAY;9
90-DAY;13
LIKELY;18
PROMPT;10
TIMELY;53
ACCEPT;29
ACCESS;100
ACCRUE;2
ACTING;52
ACTION;320
ACTUAL;18
AFFECT;69
AFFIRM;3
AFFORD;5
AGENCY;428
AGENTS;16
AGREED;9
AGREES;8
AMOUNT;298
ANNUAL;124
APPEAL;30
APPEAR;15
ARISEN;1
ARISES;10
ASSERT;4
ASSETS;141
ASSIGN;2
ASSIST;19
ASSUME;1
ASSURE;7
AUDITS;10
BACKUP;17
BECAME;5
BECOME;43
BEGINS;7
BRANCH;30
BREACH;1
BRIDGE;3
BROKER;123
BURDEN;9
CANCEL;1
CAUSED;5
CHARGE;35
CHOICE;3
CLAIMS;15
CLOSED;2
COLLAR;2
COMMIT;3
COPIES;15
COUNTY;3
COURSE;13
COURTS;16
CREATE;16
CREDIT;229
DEALER;147
DEBTOR;10
DEFINE;29
DEGREE;14
DEMAND;45
DENIES;2
DIFFER;1
DIRECT;48
DOLLAR;27
DUTIES;110
EARNED;2
EFFECT;140
ENABLE;15
ENGAGE;42
ENTITY;199
EQUITY;54
ESTATE;47
ETHNIC;2
EVENTS;1
EXISTS;10
EXTEND;33
EXTENT;97
FAILED;10
FOLLOW;12
FORMER;6
FUTURE;62
GOVERN;2
HINDER;1
HOLDER;17
IMPACT;60
IMPAIR;2
IMPEDE;2
INCOME;49
INDUCE;5
INFORM;10
INJURY;3
INTENT;14
INVEST;6
ISSUED;166
ISSUES;53
JUDGES;0
JUNIOR;1
LEASES;5
LESSEE;4
LESSOR;1
LIABLE;13
LINKED;4
LOSSES;32
MANAGE;8
MARGIN;69
MARKET;217
MASTER;10
MEMBER;158
MERGED;1
MERGER;9
METALS;0
METHOD;12
MODIFY;22
MONTHS;11
MOTION;17
MUTUAL;7
NATURE;73
NORMAL;1
NOTICE;238
NOTIFY;36
NUMBER;89
OBTAIN;44
OFFERS;20
OFFICE;309
OFFSET;16
ONLINE;3
OPPOSE;1
OPTION;63
ORDERS;101
OTHERS;11
PAYING;9
PERIOD;271
PERSON;869
POSING;1
POWERS;46
PROVED;1
PROVEN;2
PUBLIC;304
PURSUE;4
REASON;13
RECENT;6
RECORD;39
REFILE;0
REGARD;26
RELATE;18
RELIEF;36
REMAIN;36
REMEDY;6
REPORT;528
RESULT;49
RETAIN;22
RETURN;14
REVIEW;192
REVISE;12
RIGHTS;55
SAFETY;57
SECTOR;13
SECURE;39
SENATE;136
SENIOR;26
SERVES;7
SETOFF;1
SEVERE;1
SINGLE;25
SMOOTH;0
SOURCE;30
SPREAD;2
STATED;4
STATES;33
STATUS;53
STAYED;3
SUBMIT;172
SUDDEN;1
SUFFER;1
TAKING;42
TIMING;14
TRADED;40
UNABLE;6
UNPAID;0
UNSAFE;3
VESTED;15
VIABLE;0
WAIVED;10
WHOLLY;2
BEYOND;1
DURING;140
HAVING;49
ITSELF;14
MAKING;98
CLAUSE;21
BEFORE;305
DUE TO;9
EITHER;46
ENTIRE;7
EXCEPT;140
HIGHER;16
I MEAN;1
IF NOT;5
LONGER;8
SECOND;35
SOLELY;59
UNLESS;166
WITHIN;189
EXCEED;67
FILING;47
MANNER;163
SOUGHT;3
TITLES;2
LIMITS;78
SHOULD;58
ALLOWS;6
CANNOT;10
COMPLY;67
DEEMED;83
ENSURE;122
EXEMPT;75
IMPOSE;56
PERMIT;44
FIFTH;0
FIRST;88
THIRD;39
ABIDE;4
AGENT;62
AGREE;12
AMEND;11
ARISE;14
ASSET;46
AUDIT;56
AVOID;10
AWARE;4
BANKS;55
BASES;1
BOARD;498
BOOKS;25
BRING;20
CALLS;2
CAUSE;50
CEASE;4
CHART;2
CIVIL;86
CLAIM;24
CLEAR;30
CLOSE;2
COSTS;62
COURT;142
COVER;14
DEBTS;0
DELAY;8
ELECT;19
ENTER;42
ENTRY;6
EQUAL;14
EVENT;35
EXIST;7
FAILS;13
FILED;37
FILES;13
FINAL;125
FINED;2
FINES;9
FIXED;10
FLOOR;6
FRAUD;44
FULLY;24
FUNDS;162
GAINS;2
GRANT;44
GROSS;2
GROUP;84
HEDGE;11
HOURS;1
INCUR;2
INDEX;37
ISSUE;143
JOINT;28
LARGE;29
LEASE;16
LEAVE;4
LEGAL;74
LOANS;102
LOCAL;33
MEANS;385
MEDIA;7
MEETS;44
MERGE;3
MONEY;59
MONTH;7
NEEDS;21
OCCUR;4
OFFER;34
ORDER;233
OWNED;33
PANEL;11
PAPER;4
PARTY;80
PLACE;195
PLANS;39
POSED;8
POWER;19
PRIOR;78
PROOF;3
RATES;33
REFER;5
RENEW;2
REPAY;19
RIGHT;51
RISKS;109
RULES;497
SALES;27
SCOPE;48
SEEKS;4
SERVE;65
SMALL;22
STAND;0
STATE;552
STEPS;27
STOCK;27
STUDY;231
TENDS;0
TIMES;30
TRADE;165
TREAT;5
TRUST;51
TYPES;44
USING;29
VALID;7
VALUE;87
YIELD;4
ABOUT;72
ABOVE;6
ALONG;4
AMONG;54
BEING;43
CASES;7
COULD;44
EVERY;26
FORTH;5
GIVEN;23
LATER;19
MIGHT;10
TAKES;23
THEIR;102
THERE;86
THOSE;79
UNDER;2422
WHICH;833
WHOLE;19
WHOSE;30
WOULD;165
TITLE;16
OTHER;1368
UNTIL;46
WHERE;61
AFTER;823
IMPLY;2
LEAST;0
RATIO;9
SINCE;2
STILL;1
WHILE;26
TOTAL;97
APPLY;205
BASED;18
BASIS;114
FOUND;23
KNOWN;31
TAKEN;64
TERMS;215
LIMIT;86
ALLOW;20
DEEMS;37
SHALL;3207
DAYS;9
ABLE;6
BANK;175
BEAR;4
BEST;13
BODY;15
BOND;4
BOOK;3
CASE;9
CASH;26
CODE;22
COPY;44
COST;48
DATE;562
DEAL;2
DEBT;62
DUTY;49
FACE;3
FACT;10
FAIL;7
FAIR;39
FALL;4
FDIC;3
FEES;108
FILE;43
FIRM;55
FORM;125
FREE;9
FULL;28
FUND;239
GAIN;9
GOOD;13
HARM;12
HEAR;1
HELD;75
HOLD;14
KNEW;5
LAST;10
LATE;10
LAWS;74
LIEN;14
LOAN;278
LOSE;4
LOSS;47
LOST;3
MAIL;5
MEET;64
NAME;19
NEED;20
OWED;4
PAID;53
PLAN;140
POSE;29
POST;6
RACE;3
RATE;92
REAL;61
RING;4
RISK;119
RULE;420
SALE;148
SEAL;1
SEEK;21
SELL;17
SHOW;3
SIGN;12
SIPC;23
SIZE;48
SPOT;8
STAY;33
SUIT;6
SWAP;282
TIME;201
TOOL;0
TYPE;70
UPON;192
USED;142
VOID;4
VOTE;52
WAYS;7
YEAR;206
BEEN;145
FROM;653
GIVE;19
HAVE;382
INTO;227
MADE;355
MAKE;189
MOST;11
ONCE;15
PART;65
PAST;6
PLUS;4
SAME;191
SUCH;2454
TAKE;105
THAN;225
THAT;2508
THEY;18
THIS;111
WERE;76
WHOM;44
WILL;120
WITH;1183
1006;0
1014;1
1032;1
1991;0
210H;0
ACTS;53
VIII;23
BOTH;49
EACH;670
NONE;6
WHEN;75
ALSO;46
MORE;139
NEXT;4
ONLY;96
SOLE;36
THEN;36
LESS;18
OVER;63
ENDS;4
MEAN;8
SETS;9
TERM;713
100;15
2/3;18
210;1
500;1
DUE;19
ABL;0
ABS;0
ACH;1
AGE;9
AID;7
BAN;2
CAP;3
CRO;0
DAY;71
GAO;11
IFI;23
IRC;0
LAW;369
LED;8
LOW;8
MAP;9
NET;29
NEW;161
OMO;0
OUT;57
PAY;95
PIT;4
RUN;1
SEC;481
SEX;3
TAX;26
USE;220
VAR;0
ARE;701
BAR;14
DID;5
FOR;2759
HAD;22
HAS;417
HIS;15
HOW;36
ITS;268
MAY;1306
MET;5
ONE;46
OWN;38
PER;16
SHE;2
THE;22942
WAS;128
WHO;278
13C;0
201;1
202;0
203;0
204;1
205;0
206;3
208;0
209;0
211;0
212;1
214;1
215;0
217;0
341;1
343;1
404;1
5C5;0
657;0
761;1
ACT;165
APP;1
III;406
VII;39
ALL;385
ANY;3356
AND;8650
BUT;100
NON;42
NOR;15
NOT;994
WHY;11
END;444
PUT;17
SET;67
10;46
12;67
15;69
20;21
25;18
EC;125
IT;159
PE;0
TR;4
US;119
VI;58
AN;1548
AT;672
BE;1915
BY;4690
DO;38
GO;1
HE;3
IN;5410
IS;1783
OF;13023
ON;1484
TO;6027
UP;19
11;61
13;21
14;62
16;22
17;23
18;17
1A;30
24;6
2C;4
44;6
48;10
49;4
A1;18
AA;67
B2;7
B4;1
BB;49
CC;36
D4;0
E2;2
H5;0
II;931
IV;198
IX;14
XI;6
NO;256
AS;2242
IF;501
OR;7920
SO;76
1;1250
2;1064
3;639
4;404
5;296
6;217
7;267
8;156
9;204
A;7421
I;1045
B;1602
C;1014
D;587
E;446
F;238
H;160
J;56
K;42
L;47
M;40
N;48
O;28
P;38
Q;23
R;56
T;50
U;35
V;127
X;44
Y;17
Z;8
