SECTIONS 422B6 423B7 424C4 442B6 AND 443B6 OF THE CRANSTON-GONZALEZ NATIONAL AFFORDABLE HOUSING ACT 42 USC 12872B6 12873B7 12874C4 12892B6 AND 12893B6;0
SECTIONS 2023 AND 810B2A OF THE NATIVE AMERICAN HOUSING AND SELF-DETERMINATION ACT OF 1996 25 USC 41323 4229B2A;0
SECTION 220D2G OF THE LOW-INCOME HOUSING PRESERVATION AND RESIDENT HOMEOWNERSHIP ACT OF 1990 12 USC 4110D2G;0
TITLE XII OF DIVISION A OF THE AMERICAN RECOVERY AND REINVESTMENT ACT OF 2009 PUBLIC LAW 111-5 123 STAT 217;0
TITLE XII OF DIVISION A OF THE AMERICAN RECOVERY AND REINVESTMENT ACT OF 2009 PUBLIC LAW 1115 123 STAT 217;0
SECTION 1124 OF THE FINANCIAL INSTITUTIONS REFORM RECOVERY AND ENFORCEMENT ACT OF 1989 12 USC 3331 ET SEQ;0
SECTION 1113 OF THE FINANCIAL INSTITUTIONS AND REFORM RECOVERY AND ENFORCEMENT ACT OF 1989 12 USC 3342;0
SECTION 1119A2 OF THE FINANCIAL INSTITUTIONS REFORM RECOVERY AND ENFORCEMENT ACT OF 1989 12 USC 3348A2;0
SECTION 112111 OF THE FINANCIAL INSTITUTIONS REFORM RECOVERY AND ENFORCEMENT ACT OF 1989 12 USC 335011;0
SECTIONS 233B2 AND 258B OF THE CRANSTON-GONZALEZ NATIONAL AFFORDABLE HOUSING ACT 42 USC 12773B2 12808B;0
TITLE XI OF THE FINANCIAL INSTITUTIONS REFORM RECOVERY AND ENFORCEMENT ACT OF 1989 12 USC 3331 ET SEQ;0
SECTION 1103A OF THE FINANCIAL INSTITUTIONS REFORM RECOVERY AND ENFORCEMENT ACT OF 1989 12 USC 3332A;0
SECTION 1104B OF THE FINANCIAL INSTITUTIONS REFORM RECOVERY AND ENFORCEMENT ACT OF 1989 12 USC 3333B;0
SECTION 1109A OF THE FINANCIAL INSTITUTIONS REFORM RECOVERY AND ENFORCEMENT ACT OF 1989 12 USC 3338A;0
SECTION 1109B OF THE FINANCIAL INSTITUTIONS REFORM RECOVERY AND ENFORCEMENT ACT OF 1989 12 USC 3338B;0
SECTION 1112B OF THE FINANCIAL INSTITUTIONS REFORM RECOVERY AND ENFORCEMENT ACT OF 1989 12 USC 3341B;0
SECTION 11216 OF THE FINANCIAL INSTITUTIONS REFORM RECOVERY AND ENFORCEMENT ACT OF 1989 12 USC 33506;0
SECTION 11218 OF THE FINANCIAL INSTITUTIONS REFORM RECOVERY AND ENFORCEMENT ACT OF 1989 12 USC 33508;0
SECTION 1122D OF THE FINANCIAL INSTITUTIONS REFORM RECOVERY AND ENFORCEMENT ACT OF 1989 12 USC 3351D;0
SECTION 1122 OF THE FINANCIAL INSTITUTIONS REFORM RECOVERY AND ENFORCEMENT ACT OF 1989 12 USC 3351B;0
SECTION 1106 OF THE FINANCIAL INSTITUTIONS REFORM RECOVERY AND ENFORCEMENT ACT OF 1989 12 USC 3335;0
SECTION 1110 OF THE FINANCIAL INSTITUTIONS REFORM RECOVERY AND ENFORCEMENT ACT OF 1989 12 USC 3339;0
SECTION 1116 OF THE FINANCIAL INSTITUTIONS REFORM RECOVERY AND ENFORCEMENT ACT OF 1989 12 USC 3345;0
SECTION 1117 OF THE FINANCIAL INSTITUTIONS REFORM RECOVERY AND ENFORCEMENT ACT OF 1989 12 USC 3346;0
SECTION 1118 OF THE FINANCIAL INSTITUTIONS REFORM RECOVERY AND ENFORCEMENT ACT OF 1989 12 USC 3347;0
SECTION 1121 OF THE FINANCIAL INSTITUTIONS REFORM RECOVERY AND ENFORCEMENT ACT OF 1989 12 USC 3350;0
SECTION 1122 OF THE FINANCIAL INSTITUTIONS REFORM RECOVERY AND ENFORCEMENT ACT OF 1989 12 USC 3351;0
SECTION 302A4 OF THE AMERICAN HOMEOWNERSHIP AND ECONOMIC OPPORTUNITY ACT OF 2000 42 USC 1437F NOTE;0
SECTION 233B2 OF THE CRANSTON-GONZALEZ NATIONAL AFFORDABLE HOUSING ACT 42 USC 12773B2;0
SECTION 422B6 OF THE CRANSTON-GONZALEZ NATIONAL AFFORDABLE HOUSING ACT 42 USC 12872B6;0
SECTION 1045 OF THE CRANSTON-GONZALEZ NATIONAL AFFORDABLE HOUSING ACT 42 USC 127045;0
SECTION 106C5AII OF THE HOUSING AND URBAN DEVELOPMENT ACT OF 1968 12 USC 1701XC5AII;0
SECTION 2301F3AII OF THE HOUSING AND ECONOMIC RECOVERY ACT OF 2008 42 USC 5301F3AII;0
SECTION 105A20 OF THE HOUSING AND COMMUNITY DEVELOPMENT ACT OF 1974 42 USC 5305A20;0
SECTION 491B1FIII OF THE MCKINNEY-VENTO HOMELESS ASSISTANCE ACT 42 USC 11408B1FIII;0
SECTION 101E OF THE HOUSING AND URBAN DEVELOPMENT ACT OF 1968 12 USC 1701X 1701WE;0
SECTION 106A4F OF THE HOUSING AND URBAN DEVELOPMENT ACT OF 1968 12 USC 1701XA4F;0
SECTION 2301B OF THE HOUSING AND ECONOMIC RECOVERY ACT OF 2008 42 USC 5301 NOTE;0
THE FEDERAL FINANCIAL INSTITUTIONS EXAMINATION COUNCIL ACT OF 1978 12 USC 3310;0
PARAGRAPH 1 OF SECTION 2301C OF THE HOUSING AND ECONOMIC RECOVERY ACT OF 2008;0
SECTION 106A4 OF THE HOUSING AND URBAN DEVELOPMENT ACT OF 1968 12 USC 1701XA4;0
SECTION 106G1 OF THE HOUSING AND URBAN DEVELOPMENT ACT OF 1968 12 USC 1701XH1;0
SECTION 4 OF THE DEPARTMENT OF HOUSING AND URBAN DEVELOPMENT ACT 42 USC 3533;0
SECTION 106A OF THE HOUSING AND URBAN DEVELOPMENT ACT OF 1968 12 USC 1701XA;0
SECTION 106E OF THE HOUSING AND URBAN DEVELOPMENT ACT OF 1968 12 USC 1701XE;0
SUBSECTION E OF SECTION 701 OF THE EQUAL CREDIT OPPORTUNITY ACT 15 USC 1691;0
SECTION 5 OF THE REAL ESTATE SETTLEMENT PROCEDURES ACT OF 1974 12 USC 2604;0
SECTION 508 OF THE HOUSING AND URBAN DEVELOPMENT ACT OF 1970 12 USC 1701Z7;0
SECTION 106 OF THE HOUSING AND URBAN DEVELOPMENT ACT OF 1968 12 USC 1701X;0
SECTION 2301 OF THE HOUSING AND ECONOMIC RECOVERY ACT OF 2008 42 USC 5301;0
THE EMERGENCY ECONOMIC STABILIZATION ACT OF 2008 12 USC 5201 ET SEQ;0
FINANCIAL INSTITUTIONS REFORM RECOVERY AND ENFORCEMENT ACT OF 1989;7
SECTION 8 OF THE UNITED STATES HOUSING ACT OF 1937 42 USC 1437F;0
THE REAL ESTATE SETTLEMENT PROCEDURES ACT OF 1974 12 USC 2605I2;0
EMERGENCY ECONOMIC STABILIZATION ACT OF 2008 PUBLIC LAW 110343;0
SECTION 106 OF THE ENERGY POLICY ACT OF 1992 42 USC 12712 NOTE;0
THE REAL ESTATE SETTLEMENT PROCEDURES ACT OF 1974 12 USC 2605E;0
THE REAL ESTATE SETTLEMENT PROCEDURES ACT OF 1974 12 USC 2605F;0
THE REAL ESTATE SETTLEMENT PROCEDURES ACT OF 1974 12 USC 2605G;0
THE REAL ESTATE SETTLEMENT PROCEDURES ACT OF 1974 12 USC 2605;0
THE FEDERAL HOME LOAN MORTGAGE CORPORATION ACT 12 USC 1454A2;0
SECTIONS 21B AND 21C OF THE SECURITIES EXCHANGE ACT OF 1934;0
DODD-FRANK WALL STREET REFORM AND CONSUMER PROTECTION ACT;26
EXPAND AND PRESERVE HOME OWNERSHIP THROUGH COUNSELING ACT;0
SECTION 103AA2 OF THE TRUTH IN LENDING ACT 15 USC 1602AA2;0
SECTION 103AA4 OF THE TRUTH IN LENDING ACT 15 USC 1602AA4;0
SECTION 203C2A OF THE NATIONAL HOUSING ACT 12 USC 1709C2A;0
CHAPTER 2 OF THE TRUTH IN LENDING ACT 15 USC 1631 ET SEQ;0
SECTION 502H4B OF THE HOUSING ACT OF 1949 42 USC 1472H4B;0
SUBCHAPTER I OF CHAPTER 57 OF TITLE 5 UNITED STATES CODE;0
HOUSING AND URBAN DEVELOPMENT ACT OF 1968 12 USC 1701XE;0
SECTION 103AA OF THE TRUTH IN LENDING ACT 15 USC 1602AA;0
SECTION 129C2 OF THE TRUTH IN LENDING ACT 15 USC 1639C2;0
SECTION 108A OF THE TRUTH IN LENDING ACT 15 USC 1607A;0
SECTION 128B OF THE TRUTH IN LENDING ACT 15 USC 1638B;0
SECTION 129E OF THE TRUTH IN LENDING ACT 15 USC 1639E;0
SECTION 130A OF THE TRUTH IN LENDING ACT 15 USC 1640A;0
SECTION 130E OF THE TRUTH IN LENDING ACT 15 USC 1640E;0
SUBSECTIONS D2B AND M1 OF SECTION 255 12 USC 1715Z20;0
SECTION 103 OF THE TRUTH IN LENDING ACT 15 USC 1602;0
SECTION 105 OF THE TRUTH IN LENDING ACT 15 USC 1604;0
SECTION 128 OF THE TRUTH IN LENDING ACT 15 USC 1638;0
SECTION 129 OF THE TRUTH IN LENDING ACT 15 USC 1639;0
SECTION 130 OF THE TRUTH IN LENDING ACT 15 USC 1640;0
NATIONWIDE MORTGAGE LICENSING SYSTEM AND REGISTRY;4
SECTION 128A OF TRUTH IN LENDING ACT 15 USC 1638A;0
SUBSECTIONS A AND C3 OF SECTION 237 12 USC 1715Z2;0
THE HELPING FAMILIES SAVE THEIR HOMES ACT OF 2009;0
THE REAL ESTATE SETTLEMENT PROCEDURES ACT OF 1974;4
SECTIONS 125 AND 129 OF THE TRUTH IN LENDING ACT;0
COMMITTEE ON BANKING HOUSING AND URBAN AFFAIRS;94
MORTGAGE REFORM AND ANTI-PREDATORY LENDING ACT;0
COMMUNITY DEVELOPMENT ACT OF 1974 42 USC 5302;0
REAL ESTATE SETTLEMENT PROCEDURES ACT OF 1974;0
SECTION 10153D OF TITLE 11 UNITED STATES CODE;0
THE EMERGENCY HOUSING ACT OF 1975 12 USC 2706;0
COMMITTEE ON FINANCIAL SERVICES OF THE HOUSE;82
COMMONWEALTH OF THE NORTHERN MARIANA ISLANDS;1
DEPARTMENT OF HOUSING AND URBAN DEVELOPMENT;28
THE NATIONAL HOUSING ACT 12 USC 1702 ET SEQ;0
THE NATIONAL HOUSING ACT 12 USC 1707 ET SEQ;0
NATIONAL CREDIT UNION ADMINISTRATION BOARD;15
SECRETARY OF HOUSING AND URBAN DEVELOPMENT;9
SECTION 129CB3 OF THE TRUTH IN LENDING ACT;0
ECONOMIC RECOVERY ACT OF 2008 42 USC 5301;0
THE FLOOD DISASTER PROTECTION ACT OF 1973;0
COMPTROLLER GENERAL OF THE UNITED STATES;59
FEDERALLY INSURED DEPOSITORY INSTITUTION;5
SECTION 129B OF THE TRUTH IN LENDING ACT;0
SECTION 129C OF THE TRUTH IN LENDING ACT;0
SECTION 129D OF THE TRUTH IN LENDING ACT;0
THE NATIONAL FLOOD INSURANCE ACT OF 1968;0
BUREAU OF CONSUMER FINANCIAL PROTECTION;81
FEDERAL HOME LOAN MORTGAGE CORPORATION;6
FEDERAL DEPOSIT INSURANCE CORPORATION;103
FEDERAL NATIONAL MORTGAGE ASSOCIATION;6
NEIGHBORHOOD REINVESTMENT CORPORATION;0
CHAPTER 2 OF THE TRUTH IN LENDING ACT;0
PROTECTING TENANTS AT FORECLOSURE ACT;0
HOME AFFORDABLE MODIFICATION PROGRAM;0
SECURITIES AND EXCHANGE COMMISSION;160
THE ADMINISTRATIVE PROCEDURES ACT;0
THE EMERGENCY HOUSING ACT OF 1975;0
UNITED STATES HOUSING ACT OF 1937;0
GOVERNMENT-SPONSORED ENTERPRISES;0
TRUST TERRITORIES OF THE PACIFIC;0
UNIT OF GENERAL LOCAL GOVERNMENT;0
INTERNAL REVENUE SERVICE FORM W2;0
APPRAISAL SUBCOMMITTEE OF FFIEC;0
CERTIFIED OR LICENSED APPRAISER;0
HYBRID ADJUSTABLE RATE MORTGAGE;0
HUD-APPROVED COUNSELING AGENCY;0
MORTGAGE LICENSING ACT OF 2008;1
INTERNAL REVENUE CODE OF 1986;14
ECONOMIC RECOVERY ACT OF 2008;1
EQUITY PROTECTION ACT OF 1994;3
FLOOD DISASTER PROTECTION ACT;0
URBAN DEVELOPMENT ACT OF 1968;0
APPRAISAL MANAGEMENT COMPANY;0
OFFICE OF THRIFT SUPERVISION;219
STATE HOUSING FINANCE AGENCY;0
COMMONWEALTH OF PUERTO RICO;3
COMPTROLLER OF THE CURRENCY;149
SECTION 23C4 42 USC 1437UC4;0
MORTGAGE-BACKED SECURITIES;2
ADJUSTABLE RATE MORTGAGES;1
AUTOMATED VALUATION MODEL;0
BONA FIDE DISCOUNT POINTS;0
RENTAL HOUSING COUNSELING;0
RESIDENTIAL MORTGAGE LOAN;1
SECRETARY OF THE TREASURY;34
UNIFORM RESOURCE LOCATORS;0
ADJUSTABLE RATE MORTGAGE;0
AVERAGE PRIME OFFER RATE;0
DESIGNATED TRANSFER DATE;95
ENUMERATED CONSUMER LAWS;7
HOMEOWNERSHIP COUNSELING;0
SECRETARY OF AGRICULTURE;3
SENIOR EXECUTIVE SERVICE;5
HUD/FHA FORM HUD 92564CN;0
SECTION 129 15 USC 1639A;0
SECTION 9E 42 USC 1437GE;0
THE NATIONAL HOUSING ACT;2
DEPOSITORY INSTITUTIONS;24
TAKE INTO CONSIDERATION;15
SECTION 103 12 USC 2702;0
SECTION 104 12 USC 2703;0
SECTION 105 12 USC 2704;0
SECTION 108 12 USC 2707;0
SECTION 109 12 USC 2708;0
SECTION 112 12 USC 2711;0
SECTION 203 12 USC 1709;0
SUBPARAGRAPHS A B AND C;1
SUBPARAGRAPHS A B AND D;1
SUBSECTIONS N O P AND Q;0
APPRAISAL SUBCOMMITTEE;0
DEPOSITORY INSTITUTION;84
FINANCIAL INSTITUTIONS;85
FORCE-PLACED INSURANCE;0
MULTIFAMILY PROPERTIES;0
NONPROFIT ORGANIZATION;0
VARIABLE RATE MORTGAGE;0
CREDIT OPPORTUNITY ACT;0
PARAGRAPHS 2 THROUGH 5;2
TO THE MAXIMUM EXTENT;8
APPLICABLE INDIVIDUAL;0
BUSINESS OF INSURANCE;15
CONFLICTS OF INTEREST;79
FINANCIAL INSTITUTION;88
NATIONALLY RECOGNIZED;2
POLITICAL SUBDIVISION;9
RESIDENTIAL MORTGAGES;3
SUBPARAGRAPHS C AND D;3
RULES OF CONSTRUCTION;6
65 PERCENTAGE POINTS;0
85 PERCENTAGE POINTS;0
ALLOCATION OF CREDIT;2
APPRAISAL FOUNDATION;0
BROKER PRICE OPINION;0
CONFLICT OF INTEREST;16
DISTRICT OF COLUMBIA;12
FINDINGS CONCLUSIONS;5
HIGHER-RISK MORTGAGE;0
IN DANGER OF DEFAULT;19
MULTIMEDIA CAMPAIGNS;0
PRUDENTIAL REGULATOR;114
RESIDENTIAL MORTGAGE;1
TRUTH IN LENDING ACT;7
RULE OF CONSTRUCTION;59
ANTI-DEFICIENCY LAW;0
CIVIL MONEY PENALTY;5
COMPTROLLER GENERAL;86
CONSUMER PROTECTION;17
FORECLOSURE-RELATED;0
MISCHARACTERIZATION;0
MORTGAGE ORIGINATOR;0
REACHING FIRST-TIME;0
IN CONJUNCTION WITH;4
SUBCLAUSES I AND II;0
SUBPARAGRAPH A OR B;11
SUBSECTIONS A AND B;23
SUBSECTIONS L AND M;0
BOARD OF GOVERNORS;526
COUNSELING-RELATED;0
COVERED ASSISTANCE;0
FULLY INDEXED RATE;0
GOVERNMENT-INSURED;0
HIGH-COST MORTGAGE;0
MUTUALLY AGREEABLE;0
POLICY DEVELOPMENT;1
QUALIFIED MORTGAGE;1
IN CONNECTION WITH;130
PARAGRAPHS 1 AND 2;26
PARAGRAPHS 5 AND 6;4
SUBSECTIONS B OR D;0
UNITED STATES CODE;166
AS THE CASE MAY BE;14
FOR THE PURPOSE OF;76
IN ACCORDANCE WITH;221
HIGHER-THAN-NORMAL;0
IN CONFORMITY WITH;2
CREDIT PROTECTION;0
CREDIT WORTHINESS;0
HOMEOWNERS FACING;0
INSTRUMENTALITIES;0
INSURANCE COMPANY;30
MANUFACTURED HOME;5
MISCHARACTERIZING;0
NON-ESTABLISHMENT;0
PREDATORY LENDING;0
PRE-QUALIFICATION;0
REAL ESTATE-OWNED;0
SUBPRIME MORTGAGE;0
IN THE CONTEXT OF;4
TABLE OF CONTENTS;1
SUBSECTION A OR C;1
INCONSISTENT WITH;13
UNDER THE PURVIEW;0
10 BUSINESS DAYS;1
DECEMBER 23 2008;0
SEPTEMBER 7 2008;0
ATTORNEY GENERAL;42
BALLOON PAYMENTS;1
BORROWER-RELATED;0
HAZARD INSURANCE;0
MONEY LAUNDERING;2
MORTGAGE-RELATED;1
PERIOD BEGINNING;80
POST-CONTROVERSY;0
RESPONSIBILITIES;48
REVERSE MORTGAGE;8
PARAGRAPH 1 OR 2;4
FOR THE PURPOSES;28
ADJUSTABLE RATE;0
ANTI-DEFICIENCY;0
BALLOON PAYMENT;0
CAREER-RESERVED;0
CHARACTERISTICS;10
COLLATERALIZING;1
COMMUNITY-BASED;2
CONFIDENTIALITY;46
CONSERVATORSHIP;3
CREDITOR-PLACED;0
CULTURAL STYLES;0
ELECTRONIC MAIL;4
ELIGIBLE ENTITY;14
FEDERAL RESERVE;169
FEE-FOR-SERVICE;0
FLOOD INSURANCE;0
HUD/FHA BOOKLET;0
INSTRUMENTALITY;23
MODERATE-INCOME;4
MORTGAGE MARKET;0
NON-PROPRIETARY;0
ORDINARY COURSE;11
POINTS AND FEES;1
PRE-FORECLOSURE;0
REGULATIONS FOR;2
REPRESENTATIVES;115
RESPONSIBLE FOR;41
VULNERABILITIES;1
WRITTEN FINDING;3
WRITTEN REQUEST;8
ASSOCIATED WITH;111
ATTRIBUTABLE TO;4
THIS SUBSECTION;370
NOTWITHSTANDING;169
WITH RESPECT TO;646
REAUTHORIZATION;0
RECOMMENDATIONS;137
OCTOBER 1 2010;1
WHERE FEASIBLE;4
ACCOUNTABILITY;33
ACTUAL DAMAGES;1
ADMINISTRATION;29
ADMINISTRATIVE;77
AMERICAN SAMOA;3
APPROPRIATIONS;23
CERTIFICATIONS;6
CORRESPONDENCE;5
CREDIT RATINGS;56
DEBT-TO-INCOME;0
DISCRIMINATORY;1
EFFECTIVE DATE;97
ELECTRONICALLY;5
FEDERAL AGENCY;58
HOUSING MARKET;0
IDENTIFICATION;27
IMPLEMENTATION;47
INTEREST RATES;0
INTERPRETATION;22
INVESTIGATIONS;19
LOSS-OF-INCOME;0
NON-COMPLIANCE;0
OWNER-OCCUPIED;0
PUBLIC-PRIVATE;0
PURCHASE-MONEY;0
RECOMMENDATION;65
REHABILITATION;3
RESPONSIBILITY;23
SECURITIZATION;6
SENIOR-CITIZEN;0
SIMPLIFICATION;0
SMALL BUSINESS;21
SPECIFICATIONS;4
SUBSTANTIATION;0
UNAVAILABILITY;1
UNDERDEVELOPED;0
UNDERSTANDABLE;5
UNPROFESSIONAL;0
VIRGIN ISLANDS;3
WORLD WIDE WEB;0
SECTION 103AA4;0
SECTION 104B1A;0
SECTIONS 302B6;0
STUDY REQUIRED;56
SUBPARAGRAPH A;391
SUBPARAGRAPH B;175
SUBPARAGRAPH C;66
SUBPARAGRAPH D;40
SUBPARAGRAPH E;9
SUBPARAGRAPH G;6
SUBSECTION B3B;6
THIS PARAGRAPH;186
AS A RESULT OF;23
FOR ANY REASON;2
IN ADDITION TO;26
IN THE CASE OF;87
NOT LATER THAN;283
WITH REGARD TO;26
COMPLYING WITH;14
1000000000000;0
5300000000000;0
APPROPRIATELY;10
IN THE FUTURE;5
SIGNIFICANTLY;11
AFFORDABILITY;1
ANNOUNCEMENTS;0
AUTOMATICALLY;1
BALLOON LOANS;0
BROKER-PRICED;0
CALENDAR YEAR;8
CERTIFICATION;53
CIRCUMSTANCES;15
CIRCUMVENTION;5
CLARIFICATION;10
COLLABORATING;0
COMMUNICATING;1
COMPREHENSIVE;24
CONSIDERATION;65
CORRESPONDING;4
DEMONSTRATION;1
DERECOGNITION;0
DETERMINATION;264
DISCRETIONARY;3
DISTRIBUTIONS;2
DOCUMENTATION;20
EFFECTIVENESS;54
FEE APPRAISER;0
FULLY-INDEXED;0
HELPING PRIME;0
HOMEOWNERSHIP;0
INAPPROPRIATE;3
INDEPENDENTLY;2
INSUFFICIENCY;7
INTEREST RATE;13
INTEREST-ONLY;1
INVESTIGATION;38
MODIFICATIONS;5
OPPORTUNITIES;8
ORGANIZATIONS;23
PARTICIPATING;11
PARTICIPATION;33
PREDOMINANTLY;0
QUALIFICATION;3
REDEVELOPMENT;0
REGULATION OF;63
REIMBURSEMENT;14
RENEGOTIATING;0
RENEGOTIATION;0
RESTRUCTURING;1
SINGLE-FAMILY;0
STABILIZATION;1
SUBCOMMITTEES;0
SUBORDINATING;0
TRADITIONALLY;5
UNDERSTANDING;14
UNINTENTIONAL;0
UNITED STATES;406
VARIABLE RATE;0
APPLICABILITY;28
APPLICABLE TO;95
MISCELLANEOUS;3
SUBSTANTIALLY;28
PARAGRAPH 2AI;2
PARAGRAPH 2BI;4
SECTION 1022C;0
SECTION 106A4;0
SECTION 1125C;0
SECTION 1402A;0
SECTION 1402B;0
SECTION 1461A;0
SECTION 1461C;0
SECTION 1464B;0
SECTION 1473G;0
SECTION 2301A;0
SECTION 2301B;0
SECTION 302B6;0
SECTION 304C4;0
SECTION 305A2;0
SECTION 33D2B;0
SECTIONS 128F;0
SECTIONS 1471;0
SUBCLAUSE III;5
SUBSECTION A1;45
SUBSECTION A2;25
SUBSECTION A4;7
SUBSECTION AA;5
SUBSECTION B2;31
SUBSECTION C2;7
SUBSECTION CC;1
SUBSECTION E2;6
SUBSECTION G1;4
SUBSECTION G3;2
SUBSECTION G4;0
SUBSECTION R4;0
THIS SUBTITLE;120
APPROXIMATELY;0
IN WHICH CASE;4
PROVIDED THAT;21
TO THE EXTENT;157
TOGETHER WITH;26
REDESIGNATING;91
SUBPARAGRAPHS;7
AUTHORIZATION;29
COMPLIES WITH;14
ESTABLISHMENT;55
175000000000;0
200000000000;0
INSUFFICIENT;10
PERIODICALLY;16
SUFFICIENTLY;10
ACCELERATION;5
ACQUISITIONS;8
ADMINISTERED;12
ADVISABILITY;4
ALTERNATIVES;3
AMORTIZATION;1
APPLICATIONS;7
APPRECIATION;0
APPROPRIATED;25
ARRANGEMENTS;25
AUDIT REPORT;15
AVAILABILITY;43
BALLOON LOAN;0
BUSINESS DAY;15
CANCELLATION;2
CENSUS TRACT;4
COMPENSATION;140
COMPUTERIZED;1
CONFIRMATION;2
CONSEQUENCES;4
CONSTRUCTION;0
CONSULTATION;152
CONSUMMATION;5
CONTRIBUTING;3
CONVENTIONAL;0
COORDINATION;59
CORPORATIONS;2
CREDIT UNION;14
DEMONSTRATED;2
DESCRIPTIONS;5
DESIGNATIONS;15
DISCIPLINARY;10
DISTRIBUTING;0
DISTRIBUTION;6
DUTY OF CARE;3
FACILITATING;6
FAIR LENDING;20
FHA-APPROVED;0
FORBEARANCES;0
FORCE-PLACED;0
FORECLOSURES;0
FUNCTIONS OF;57
GOVERNMENTAL;20
GUARANTEEING;4
HUD-APPROVED;0
IDENTIFIABLE;11
IMPLICATIONS;3
IMPROVEMENTS;12
INCORPORATED;18
INDEBTEDNESS;6
INDEPENDENCE;22
INSTALLMENTS;2
INSTITUTIONS;71
INTER-AGENCY;0
INTERPRETIVE;0
INTRODUCTORY;1
IRREGULARITY;1
JURISDICTION;156
MANIPULATION;29
MARKET SHARE;5
METROPOLITAN;0
MISREPRESENT;0
MODIFICATION;28
NEIGHBORHOOD;0
NON-ESCROWED;0
NOTIFICATION;31
ORGANIZATION;46
PARTICIPANTS;67
PRE-APPROVAL;0
PRESERVATION;13
PROFESSIONAL;22
REFINANCINGS;0
REGISTRATION;109
REQUIREMENTS;430
RESCUE SCAMS;0
SATISFACTION;11
SIGNIFICANCE;4
SIMULTANEOUS;4
STREAMLINING;1
SUBSIDIARIES;47
TABLE-FUNDED;0
TRANSACTIONS;193
TRANSMISSION;6
TRANSMITTING;3
TRANSPARENCY;20
UNDERWRITERS;3
UNDERWRITING;15
UNEMPLOYMENT;0
UNREASONABLE;3
UNSCRUPULOUS;0
VERIFICATION;5
ON BEHALF OF;66
42 USC 1472H;0
PARAGRAPH 12;7
PARAGRAPH 1A;34
PARAGRAPH 1B;21
PARAGRAPH 22;6
PARAGRAPH 2A;19
PARAGRAPH 2B;19
PARAGRAPH 3B;9
PARAGRAPH 4A;4
SECTION 1002;2
SECTION 1011;1
SECTION 101E;0
SECTION 102D;0
SECTION 102E;0
SECTION 104A;2
SECTION 105F;0
SECTION 1062;4
SECTION 106E;0
SECTION 106G;0
SECTION 107A;2
SECTION 1099;0
SECTION 10A2;0
SECTION 1110;0
SECTION 1113;0
SECTION 128A;0
SECTION 129C;0
SECTION 129E;0
SECTION 1301;0
SECTION 1401;0
SECTION 1403;0
SECTION 1404;0
SECTION 1411;0
SECTION 1444;0
SECTION 1461;0
SECTION 1472;0
SECTION 1507;0
SECTION 18A4;0
SECTION 2301;0
SECTION 32E4;0
SECTION 501C;0
SECTIONS 110;0
SECTIONS 129;0
SUBCLAUSE IV;3
SUBSECTION A;255
SUBSECTION B;159
SUBSECTION C;56
SUBSECTION D;40
SUBSECTION E;31
SUBSECTION F;22
SUBSECTION G;12
SUBSECTION H;16
SUBSECTION I;11
SUBSECTION K;7
SUBSECTION L;3
SUBSECTION Q;3
SUBSECTION R;3
SUBSECTION S;3
SUBSECTION T;1
SUBSECTION U;2
THIS SECTION;663
ADDITIONALLY;0
GREATER THAN;12
IN EXCESS OF;11
PARTICULARLY;4
RESPECTIVELY;75
SPECIFICALLY;35
SUBSEQUENTLY;2
DIFFERENTIAL;4
REDESIGNATED;62
SUBPARAGRAPH;84
SUBSTITUTING;0
UNDESIGNATED;9
ESTABLISHING;50
IMPLEMENTING;34
PROHIBITIONS;7
101 PERCENT;0
327 PERCENT;0
501 PERCENT;0
788 PERCENT;0
799 PERCENT;0
APPROPRIATE;538
IMMEDIATELY;36
SIGNIFICANT;79
SUBSTANTIAL;35
UNNECESSARY;3
ACCELERATED;2
ACQUISITION;32
ADJUSTMENTS;20
ADVERTISING;6
AGRICULTURE;1
ALLOCATIONS;0
ALT-A LOANS;0
ALTERNATIVE;18
APPLICATION;95
APPOINTMENT;97
ARBITRATION;17
ASSESSMENTS;45
ASSIGNED TO;3
ASSIGNMENTS;3
ASSOCIATION;67
ASSUMPTIONS;7
AUTHORITIES;101
BACKGROUNDS;0
CALCULATING;1
CALCULATION;5
CARRIED OUT;8
CERTIFICATE;12
COMBINATION;9
COMMUNITIES;7
COMPARATIVE;1
COMPENSATED;5
COMPETITIVE;24
COMPUTATION;1
CONCLUSIONS;5
CONCURRENCE;5
CONSISTS OF;0
CONSPICUOUS;1
CONSTITUTES;14
CONSTRUCTED;0
CONSUMMATED;4
CONTRACTING;5
CONTRACTORS;4
CONTRACTUAL;15
CONTRIBUTED;5
CONTROVERSY;2
COOPERATIVE;4
COORDINATED;8
CORPORATION;770
CORRECTIONS;1
CREDIT LINE;0
CREDIT RISK;19
DEFINITIONS;106
DELINQUENCY;0
DEMONSTRATE;4
DENOMINATED;0
DEPARTMENTS;3
DESCRIPTION;62
DESIGNATION;38
DETERMINING;60
DEVELOPMENT;32
DIFFERENCES;14
DISCIPLINES;0
DISCLOSURES;58
DISPARITIES;0
DISPOSITION;22
DISTRIBUTED;5
DUE-ON-SALE;0
EDUCATIONAL;10
ELECTRICITY;0
ELIGIBILITY;11
ENFORCEMENT;277
ENTERPRISES;1
EXAMINATION;134
EXPECTATION;0
EXPLANATION;21
FHA-INSURED;0
FIRST-CLASS;0
FLEXIBILITY;3
FORECLOSURE;5
FREDDIE MAC;4
GRANTMAKING;0
HOME OWNERS;3
INCREMENTAL;1
INDEPENDENT;63
INDIVIDUALS;49
INFLUENCING;2
INFORMATION;680
INSPECTIONS;18
INSTALLMENT;1
INSTITUTION;65
INTERPRETED;3
INTIMIDATES;0
LEGISLATION;6
LEGISLATIVE;17
LIABILITIES;54
MAINTAINING;12
MAINTENANCE;22
METHODOLOGY;9
MULTIFAMILY;1
NON-COMPLEX;0
NONJUDICIAL;0
NONSTANDARD;0
OBLIGATIONS;143
OPPORTUNITY;54
ORIGINATION;6
OUTSTANDING;22
PERFORMANCE;41
POPULATIONS;2
PORTABILITY;0
PREFERENCES;2
PRELIMINARY;4
PREPARATION;7
PRESCRIBING;25
PRESUMPTION;3
PROCEEDINGS;59
PROMINENTLY;1
PROMOTIONAL;2
PUBLICATION;40
REALLOCATED;0
REAPPOINTED;0
REASONS FOR;9
RECIPROCITY;0
RECOMMENDED;10
REFINANCING;0
REGULATIONS;369
REIMBURSING;0
REPACKAGING;0
REPLACEMENT;1
REQUIREMENT;114
RESIDENTIAL;6
RESPONSIBLE;4
RESTITUTION;8
REVOCATIONS;0
SEASONALITY;1
SECURITIZED;2
SPECIFICITY;1
SPECULATION;0
STATISTICAL;3
STREAMLINED;4
STRUCTURING;0
SUBORDINATE;2
SUBSISTENCE;2
SUFFICIENCY;3
SUPERVISION;87
SUPERVISORY;75
SURRENDERED;0
SUSPENSIONS;0
SUSTAINABLE;2
TERMINATION;36
TERRITORIES;2
THIRD-PARTY;12
THREATENING;1
TRANSACTION;330
TRANSFERRED;206
TRANSMITTED;8
UNCOMMITTED;1
UNDERSERVED;3
UNDERWRITER;18
UNOBLIGATED;6
WITHHOLDING;0
PURSUANT TO;377
REFERRED TO;101
RELATING TO;219
12 USC 2709;1
PARAGRAPH 1;389
PARAGRAPH 2;199
PARAGRAPH 3;86
PARAGRAPH 4;68
PARAGRAPH 5;26
PARAGRAPH 6;23
SECTION 102;8
SECTION 103;1
SECTION 106;2
SECTION 107;1
SECTION 108;0
SECTION 110;1
SECTION 127;0
SECTION 128;0
SECTION 129;1
SECTION 130;0
SECTION 6I2;0
SECTION 702;0
SECTION 704;1
SECTION 8Y1;0
SUBCLAUSE I;31
SUBSECTIONS;27
ACCORDINGLY;11
CONSIDERING;3
FOR EXAMPLE;0
IN ANY CASE;10
IN ORDER TO;73
PENULTIMATE;0
EFFECTIVELY;11
POTENTIALLY;7
PROSPECTIVE;11
RELIED UPON;3
SHORT TITLE;12
SUBSTITUTED;0
DISAPPROVAL;5
DISAPPROVED;4
ESTABLISHED;250
ESTABLISHES;5
LIMITATIONS;78
PROHIBITING;14
PROHIBITION;57
PROMULGATED;21
RESTRICTING;8
RESTRICTION;4
SUITABILITY;5
SUPERSEDING;4
TAKE EFFECT;54
05 PERCENT;0
10 PERCENT;11
1000000000;2
15 PERCENT;1
1500000000;1
28 PERCENT;0
40 PERCENT;0
42 PERCENT;0
44 PERCENT;0
56 PERCENT;0
60 PERCENT;0
75 PERCENT;0
ACCEPTABLE;14
CONSISTENT;112
INADEQUATE;2
INDIRECTLY;58
MULTI-YEAR;1
REASONABLE;111
REASONABLY;44
SUFFICIENT;28
ACCELERATE;1
ACCEPTANCE;13
ACCESSIBLE;2
ACCOUNTING;87
ACTIVITIES;292
ADJUSTABLE;0
ADJUSTMENT;25
ADMINISTER;20
ADVANTAGES;1
AFFILIATED;16
AFFILIATES;42
AFFORDABLE;4
AGGREGATED;4
AGREEMENTS;68
ALLOCATING;2
ALLOCATION;19
ALTERATION;0
AMORTIZING;1
APPLICANTS;9
APPOINTEES;0
APPRAISALS;1
APPRAISERS;0
APPROACHED;0
APPROACHES;1
ASSESSMENT;57
ASSIGNMENT;17
ASSISTANCE;62
BACKGROUND;1
BENEFICIAL;2
CALCULATED;7
CALCULATOR;0
CERTIFYING;1
COLLATERAL;31
COLLECTING;12
COLLECTION;36
COMMISSION;1567
COMPARABLE;49
COMPENSATE;2
COMPETENCE;6
COMPLAINTS;31
COMPLETION;18
COMPLIANCE;274
CONCLUSION;7
CONCURRENT;5
CONDITIONS;114
CONDUCT OF;29
CONDUCTING;40
CONFIDENCE;6
CONSENSUAL;0
CONSIDERED;67
CONSIST OF;3
CONTAINING;19
CONTRACTED;1
CONTRACTOR;7
CONTROLLED;32
CONVERSION;24
CO-OBLIGOR;0
COORDINATE;51
COUNSELING;11
COUNSELORS;0
DEFICIENCY;1
DEFINITION;90
DELINQUENT;3
DEPARTMENT;48
DESCRIBING;21
DIFFERENCE;7
DIFFICULTY;0
DIRECTIVES;3
DISABILITY;2
DISCLOSING;6
DISCLOSURE;97
DISCOUNTED;0
DISCRETION;83
DISTRIBUTE;2
DOCUMENTED;1
EFFECTUATE;13
ELECTRONIC;42
EMPLOYMENT;44
ENCOURAGES;1
ENTERPRISE;7
ENUMERATED;28
EVALUATING;3
EVALUATION;29
EXPERIENCE;8
EXPIRATION;24
FACILITATE;44
FACILITIES;39
FANNIE MAE;4
FIRST-TIME;0
FIXED RATE;4
FIXED-RATE;0
FORECLOSED;1
FOR-PROFIT;1
FRAUDULENT;15
GOOD FAITH;14
GOVERNMENT;107
GUARANTEED;12
GUIDELINES;36
HOMEBUYERS;2
HOMEOWNERS;0
IDENTIFIER;2
IMPORTANCE;10
INCENTIVES;13
INCIDENTAL;25
INCOMPLETE;3
INCREASING;10
INDIVIDUAL;116
INFLUENCED;3
INITIATIVE;12
INSPECTION;30
INTIMIDATE;0
LEAD-BASED;0
LIKELIHOOD;4
LITIGATION;18
LOW-INCOME;3
MAINTAINED;34
MANAGEMENT;101
MATERIALLY;10
MEANINGFUL;0
MECHANISMS;13
MEMBERSHIP;21
MINORITIES;7
MONITORING;28
MULTIMEDIA;0
NATIONALLY;0
NEAR-PRIME;0
NEGOTIATES;2
OBLIGATION;82
OCCURRENCE;20
OPERATIONS;55
ORIGINATED;0
ORIGINATOR;10
PERCENTAGE;18
PERFORMING;48
PERSONALLY;18
PHASED-OUT;0
POSSESSION;19
PREPAYMENT;3
PREVAILING;2
PREVALENCE;1
PREVENTION;13
PROCEDURES;193
PROCESSING;29
PROFESSION;2
PROHIBITED;16
PROMULGATE;34
PROPERTIES;2
PROTECTING;7
PROTECTION;131
PROVISIONS;243
PURCHASERS;1
REBUTTABLE;0
RECAPTURED;1
RECIPIENTS;2
RECIPROCAL;0
RECOGNIZED;5
RECOUPMENT;2
REFERENCES;9
REFINANCED;0
REFINANCES;0
REFUNDABLE;0
REGISTERED;347
REGISTRIES;0
REGULATION;293
REGULATORS;40
REGULATORY;177
REPOSITORY;4
RESCISSION;9
RESIDENCES;0
RESOLUTION;93
RESPONDING;10
RETIREMENT;24
REVOCATION;4
SANCTIONED;0
SCHEDULING;3
SECRETARYS;0
SECURITIES;458
SETTLEMENT;69
STATEMENTS;20
STATIONERY;0
STRENGTHEN;1
STRUCTURAL;3
STRUCTURES;5
SUBMISSION;53
SUBMITTING;8
SUBSIDIARY;183
SUBSTITUTE;3
SUCCESSFUL;7
SUPERVISOR;10
SUPPLEMENT;2
SUSPENSION;11
TERMINATED;19
THRESHOLDS;1
TIMEFRAMES;3
TRANSCRIPT;18
TRANSITION;28
ULTIMATELY;0
UNDERLYING;17
UNDERSTAND;8
UNDERTAKEN;12
UNEXPENDED;0
VALUATIONS;1
VIOLATIONS;50
VULNERABLE;4
WIDESPREAD;0
APPLICABLE;193
AS FOLLOWS;41
IDENTIFIED;69
IN GENERAL;596
PARTICULAR;33
SUBSEQUENT;13
THEREAFTER;36
THEREUNDER;42
THROUGHOUT;1
SECTION 10;5
SECTION 43;1
SECTION 6E;1
SECTION 6F;0
SECTION 6G;0
SUBCLAUSES;1
SUBSECTION;21
SUBTITLE A;14
SUBTITLE B;42
SUBTITLE F;15
SUBTITLE G;3
SUBTITLE H;3
THIS TITLE;553
ALTOGETHER;0
APART FROM;1
AS LONG AS;3
AS WELL AS;10
CONCERNING;56
EQUIVALENT;22
EXCEPTIONS;35
EXCLUSIONS;10
IN LIEU OF;7
IN NO CASE;3
LATER THAN;18
LIMITED TO;20
MULTIPLIED;2
PREVIOUSLY;8
REPRESENTS;8
SO LONG AS;2
SUBJECT TO;505
UPWARDS OF;0
ADDITIONAL;110
AMENDMENTS;137
CONFORMING;29
PARAGRAPHS;27
LIMITATION;78
AUTHORISED;0
AUTHORIZED;157
DESIGNATED;126
DETERMINED;139
DETERMINES;199
EXEMPTIONS;31
INELIGIBLE;0
PERMITTING;7
PRECLUDING;0
PRESCRIBED;191
12 MONTHS;17
18 MONTHS;21
24 MONTHS;6
300000000;1
36 MONTHS;0
5 PERCENT;3
ADVISABLE;5
NECESSARY;288
NO LONGER;5
PER ANNUM;1
SIX-MONTH;0
ABANDONED;0
ACCOUNTED;1
ADDRESSES;1
ADHERE TO;0
ADJUSTING;15
ADVOCATES;2
AFFECTING;25
AFFILIATE;123
AFFIRMING;1
AGGREGATE;48
AGREEMENT;255
ALLOCATED;6
AMORTIZES;0
APPLICANT;20
APPOINTED;100
APPRAISAL;0
APPRAISED;0
APPRAISER;4
ASSESSING;20
ATTEMPTED;2
ATTORNEYS;11
AUTHORITY;535
AVAILABLE;190
AWARENESS;5
BONA FIDE;18
BORROWERS;16
BREAKDOWN;0
BROCHURES;0
BROKERAGE;11
CALCULATE;0
CANCELLED;2
CARRY OUT;104
CAUSES OF;2
CERTIFIED;10
CERTIFIES;4
CHARACTER;10
CHARTERED;22
COLLECTED;52
COMMITTEE;114
COMMUNITY;12
COMPANIES;197
COMPETENT;17
COMPLAINT;43
COMPLETED;12
COMPLETES;4
COMPUTING;4
CONDITION;34
CONDUCTED;86
CONFUSING;0
CONSIDERS;10
CONSUMERS;115
CONTINUES;3
CONTRACTS;135
CONVICTED;9
COUNSELOR;0
CRACKDOWN;0
CREDITING;4
CREDITORS;39
CURRENTLY;3
CUSTOMARY;8
CUSTOMERS;35
DECEPTION;0
DECEPTIVE;31
DECISIONS;21
DELETIONS;0
DEPOSITED;31
DEVELOPED;10
DILIGENCE;0
DISBURSED;0
DISCOUNTS;3
DISCOVERS;0
DISCOVERY;24
DISCUSSED;0
DOCUMENTS;41
DRAW DOWN;0
DWELLINGS;0
EDUCATION;40
EFFICIENT;15
EMERGENCY;35
EMPIRICAL;0
EMPLOYEES;188
ENCOURAGE;9
ESCROWING;0
ESSENTIAL;5
ESTIMATED;6
ESTIMATES;3
ETHNICITY;1
EXCESSIVE;5
EXECUTIVE;23
EXISTENCE;5
EXPANDING;2
EXPENSIVE;0
EXPERTISE;17
EXTENDING;7
EXTENSION;50
EXTENSIVE;0
FACSIMILE;2
FAVORABLE;5
FEDERALLY;7
FINANCIAL;530
FINANCING;24
FUNCTIONS;101
FURNISHED;15
GENERATED;4
GUARANTEE;53
HOMEOWNER;0
IMPLEMENT;49
IMPORTANT;1
IMPROVING;5
INCENTIVE;7
INFLATION;11
INFLUENCE;0
INFORMING;1
INITIATED;12
INITIATES;2
INSPECTOR;65
INSTRUCTS;0
INSURANCE;181
INTEGRITY;34
INTERESTS;56
INTERPRET;8
INVESTORS;134
INVOLVING;42
IRREGULAR;0
KNOWINGLY;15
KNOWLEDGE;15
LIABILITY;36
LIBRARIES;0
LICENSING;8
LICENSURE;1
LOCATIONS;2
MAINTAINS;13
MATERIALS;20
MECHANISM;3
MODIFYING;12
MORTGAGED;0
MORTGAGEE;1
MORTGAGES;4
MORTGAGOR;11
NEGOTIATE;10
NONPROFIT;2
OBJECTIVE;2
OBTAINING;11
OCCASIONS;0
OPERATING;32
OPERATION;46
ORGANIZED;24
OVERSIGHT;75
OWNERSHIP;30
PENALTIES;26
PERFORMED;12
PERMANENT;8
PERSONNEL;44
PLACEMENT;7
PORTFOLIO;23
POTENTIAL;95
PRACTICES;72
PREDATORY;0
PREFERRED;4
PREPARING;4
PRINCIPAL;48
PRIVATELY;1
PRIVILEGE;27
PROCEDURE;37
PROCESSED;8
PROCESSES;10
PROCURING;2
PROMINENT;1
PROPERTYS;0
PROPOSALS;5
PROVIDERS;4
PROVIDING;121
PROVISION;358
PUBLISHED;30
PURCHASED;11
PURCHASER;13
PURCHASES;13
QUALIFIED;21
QUALIFIES;5
QUESTIONS;8
RECEIVING;20
RECOGNIZE;1
RECOMMEND;18
REDUCTION;21
REFERENCE;12
REFERRALS;3
REFINANCE;0
REGULATOR;36
REIMBURSE;10
REPAYMENT;19
REPLACING;1
REPORTING;139
REPRESENT;7
RESETTING;0
RESIDENCE;3
RESIDENTS;3
RESOLVING;11
RESOURCES;48
RESULTING;25
RETENTION;43
REVIEWING;10
REVISIONS;8
SAFEGUARD;3
SANCTIONS;8
SCHEDULED;6
SCHEDULES;6
SECONDARY;1
SECRETARY;245
SELECTING;3
SELECTION;9
SERVICERS;2
SERVICING;7
SITUATION;3
SOUNDNESS;41
SPECIFIES;3
SPONSORED;2
STANDARDS;269
STATEMENT;66
STATUTORY;13
STRIPPING;0
STRUCTURE;28
SUBMITTED;79
SUBORNING;0
SUBSIDIES;1
SUCCESSOR;41
SUSPENDED;7
TAXPAYERS;18
TECHNICAL;19
TELEPHONE;14
TEMPORARY;22
TERMINATE;32
TERRITORY;13
THRESHOLD;15
TIMESHARE;0
TOLL-FREE;2
TRADE-OFF;0
UNDERTAKE;9
UNETHICAL;0
UNRELATED;1
UNTENABLE;0
UTILITIES;19
VALUATION;10
VIOLATING;9
VIOLATION;172
WEB-BASED;0
WHOLESALE;0
WILLFULLY;4
WITHDRAWN;8
DIFFERENT;23
FOLLOWING;622
GENERALLY;20
HEREAFTER;1
PRECEDING;73
2 CONTENT;12
CHAPTER 5;6
CLAUSE II;51
PARAGRAPH;24
SECTION 4;32
SECTION 6;9
SUBCLAUSE;5
TITLE III;3
TITLE XIV;0
BEGINNING;20
EXCEPT AS;142
INCLUDING;681
INITIALLY;3
LESS THAN;53
MORE THAN;55
OTHERWISE;254
REGARDING;229
TO RESUME;0
DEDUCTION;2
INCREASED;10
INCREASES;12
AMENDMENT;76
CONSTRUED;115
DEFERENCE;14
DESCRIBED;651
DESCRIBES;4
EFFECTIVE;71
ENACTMENT;275
EXPRESSLY;8
INSERTING;983
LISTED IN;10
SEMICOLON;24
SUBTITLES;0
MANDATORY;32
AUTHORIZE;11
DETERMINE;168
ESTABLISH;227
EXCEPTION;65
EXEMPTION;93
PERMITTED;62
PRESCRIBE;184
PRO-RATED;0
REGULATED;59
REPEALING;0
REQUIRING;52
SPECIFIED;47
10 YEARS;6
12-MONTH;4
1-4 UNIT;0
180 DAYS;38
18-MONTH;6
35000000;0
45000000;0
6 MONTHS;24
ADEQUATE;39
DIRECTLY;111
FEASIBLE;2
IMPROPER;3
PERIODIC;16
POSSIBLE;35
PROMPTLY;22
PROPERLY;4
RELEVANT;60
ACADEMIC;2
ACCEPTED;12
ACCIDENT;0
ACCOUNTS;47
ACCRUING;8
ACCURACY;13
ACCURATE;27
ACHIEVED;2
ACTIVITY;98
ADEQUACY;14
ADJUSTED;25
ADOPTION;7
ADVANCES;7
ADVISING;3
ADVISORY;37
AGENCIES;172
AGREEING;2
AIMED AT;0
ALLOCATE;3
AMORTIZE;1
ANALYSES;6
ANALYSIS;51
APPARENT;1
APPLYING;6
APPROACH;0
APPROVED;28
ASSESSED;13
ASSIGNEE;0
ASSISTED;1
ASSUMING;2
ATTEMPTS;2
AVOIDING;3
AWARDING;0
BALANCES;2
BARRIERS;3
BOOKLETS;1
BORROWER;16
BRINGING;3
BROCHURE;0
BUILDING;6
BUSINESS;178
CAPACITY;58
CARRYING;40
CASUALTY;3
CHANNELS;1
CHARGING;3
CLERICAL;7
COLLUDES;0
COMBINED;5
COMMENCE;10
COMPANYS;8
COMPARED;0
COMPLETE;35
COMPLIED;2
COMPUTER;1
CONCERNS;21
CONDUCTS;11
CONGRESS;152
CONSIDER;70
CONSUMER;219
CONTAINS;18
CONTRACT;353
COSTS OF;24
COUNCILS;0
COVERAGE;30
CREATING;10
CREDITED;29
CREDITOR;24
CRIMINAL;17
CRITERIA;31
CULTURAL;0
DATABASE;6
DEADLINE;19
DEALINGS;1
DECISION;60
DEFAULTS;7
DEFERRAL;0
DEFERRED;2
DEFINING;5
DELETION;1
DELIVERY;73
DESIGNED;39
DIRECTOR;486
DISASTER;0
DISCLOSE;49
DISCOUNT;15
DISTINCT;1
DISTRICT;56
DIVISION;44
DOCUMENT;16
DURATION;6
DWELLING;2
ECONOMIC;46
ELECTION;23
ELIGIBLE;31
EMERGING;4
EMPHASIS;0
EMPLOYED;28
EMPLOYEE;177
ENFORCED;19
ENGAGING;15
ENHANCED;24
ENTERING;15
ENTITIES;160
ENTITLED;24
ESCROWED;0
ESTIMATE;12
EVASIONS;7
EVICTION;0
EVIDENCE;28
EXCHANGE;99
EXCLUDED;14
EXISTING;47
EXPECTED;19
EXPENDED;10
EXPENSES;48
EXTENDED;22
EXTERNAL;2
FINANCED;1
FINDINGS;47
FORMULAE;0
FUNCTION;24
GRANTEES;0
GUIDANCE;24
HANDBOOK;0
HEARINGS;6
IDENTIFY;60
IDENTITY;19
IMPORTED;0
INCIDENT;1
INCLUDED;21
INCLUDES;68
INCURRED;27
INDICATE;2
INDIRECT;8
INDUSTRY;20
INSTRUCT;2
INSURING;0
INTEREST;217
INTERIOR;0
INTERNAL;48
INTERNET;11
INVOLVED;20
ISSUANCE;47
JUDGMENT;29
JUDICIAL;35
LANGUAGE;4
LICENSED;19
LICENSES;1
LIFETIME;0
LOCATION;5
LUMP SUM;0
MAINTAIN;91
MATERIAL;94
MATURITY;8
MEASURES;27
MEETINGS;10
MINORITY;24
MISSTATE;0
MORTGAGE;51
MULTIPLE;14
NATIONAL;113
NONPRIME;0
NOTIFIED;7
NOTIFIES;10
OBTAINED;43
OFFERING;52
OMISSION;18
OPERATED;10
OPERATES;10
OPINIONS;0
ORIGINAL;5
OUTREACH;1
OVERSEES;2
PACKAGES;0
PAMPHLET;0
PAYMENTS;62
PER DIEM;2
PERFORMS;10
PERSONAL;25
PHYSICAL;7
PLANNING;14
POLICIES;76
PORTIONS;1
POSITION;95
PRACTICE;59
PRE-LOAN;0
PREMIUMS;5
PREPARED;13
PRESENCE;2
PRIORITY;23
PROBABLE;1
PROCEEDS;19
PRODUCED;5
PRODUCTS;53
PROGRAMS;45
PROGRESS;2
PROJECTS;2
PROMOTES;1
PROPERTY;160
PROVIDES;67
PUBLICLY;26
PURCHASE;86
PURPOSES;381
PURSUANT;0
RECEIPTS;14
RECEIVED;100
RECEIVES;38
REDUCING;2
REFLECTS;0
REGISTER;52
REGISTRY;1
REJECTED;0
RELATION;3
RELIABLE;5
REMEDIES;32
REMINDER;0
RENDERED;4
REQUESTS;22
RESEARCH;31
RESERVES;2
RESIDING;0
RESIDUAL;1
RESOLVED;2
RESPONSE;50
RETAILER;24
RETAINED;8
RETURNED;0
REVENUES;5
REVISION;4
SANITARY;0
SCHEDULE;12
SEASONAL;1
SECURING;6
SECURITY;213
SEPARATE;30
SERVICER;1
SERVICES;214
SETTLING;1
SOFTWARE;2
STAFFING;2
STANDARD;58
STANDING;0
STEERING;0
SUBPRIME;0
TARGETED;1
TAXATION;4
TOWNSHIP;0
TRACKING;2
TRAINING;12
TRANSFER;203
TRANSMIT;14
TREASURY;23
UNBIASED;0
UPDATING;2
VARIABLE;1
VERIFIED;1
VERIFIES;0
VETERANS;3
VICINITY;0
VIOLATED;14
VIOLATES;9
VOUCHERS;0
WARNINGS;0
WARRANTS;6
WITHHOLD;3
COMMONLY;1
CONTENTS;21
DOES NOT;156
MODIFIED;12
SPECIFIC;54
WHATEVER;0
3 REPORT;10
CLAUSE I;144
SUBTITLE;8
THIS ACT;331
TITLE II;10
TITLE XI;2
AT FIRST;0
AT LEAST;34
EQUAL TO;39
PREVIOUS;13
PROVIDED;385
SO AS TO;12
ADDITION;0
DECREASE;2
INCREASE;40
NEGATIVE;4
AMENDING;14
BASED ON;76
BECOMING;1
DESCRIBE;16
PRECEDES;0
PROVISOS;0
SECTIONS;17
SENTENCE;72
STRIKING;957
COERCION;0
MANDATED;4
UNLAWFUL;49
APPROVAL;68
ASSIGNED;5
COMPUTED;0
ENSURING;10
LIMITING;33
PROHIBIT;23
REPEALED;12
REQUIRED;492
REQUIRES;23
SUBTRACT;0
SUITABLE;2
1000000;7
120-DAY;1
14 DAYS;1
14 UNIT;0
15 DAYS;4
1-MONTH;0
2 YEARS;27
30 DAYS;48
3000000;0
5 YEARS;29
60 DAYS;31
6-MONTH;12
90 DAYS;42
ALREADY;8
EARLIER;8
JUNE 15;0
MONTHLY;3
PERCENT;9
PRUDENT;3
QUARTER;8
ABILITY;63
ABSENCE;8
ABUSIVE;21
ACCEPTS;6
ACCOUNT;149
ACHIEVE;15
ACTIONS;116
ADDRESS;39
ADJUSTS;0
ADVANCE;24
ADVERSE;11
ADVISES;3
AFFAIRS;23
AFFECTS;8
AFFORDS;6
AGENCYS;7
ALLEGED;26
AMOUNTS;92
APPLIED;29
APPOINT;21
ARISING;63
ARRANGE;1
ASSISTS;0
ASSURED;0
AT-RISK;0
AVOIDED;2
BALANCE;14
BANKING;44
BECOMES;12
BELIEVE;23
BENEFIT;53
BOOKLET;0
BOROUGH;0
BROKERS;95
BROUGHT;51
CAPABLE;1
CAPITAL;117
CAUSING;3
CENTERS;0
CERTIFY;5
CHANGES;43
CHARGED;16
CHARGES;27
CHOICES;1
CHOOSES;1
CLAUSES;4
CLEARLY;7
CLIENTS;12
CLOSING;10
CLOSURE;0
COLLECT;18
COLLUDE;0
COMMENT;28
COMPANY;314
COMPLEX;12
CONDUCT;195
CONTACT;2
CONTAIN;35
CONTROL;84
CORRECT;2
COUNCIL;369
COURIER;1
COURSES;4
COVERED;42
CREATED;10
DAMAGES;36
DANGERS;0
DEFAULT;62
DEFENSE;5
DEFINED;296
DENSITY;0
DERIVED;14
DETAILS;10
DEVELOP;24
DISPUTE;19
DROPPED;0
DRYWALL;0
EDUCATE;5
EFFECTS;23
EFFORTS;28
ELDERLY;0
EMPLOYS;6
ENGLISH;1
ENHANCE;16
ENSURES;2
EVADING;2
EVASION;15
EXAMINE;28
EXCLUDE;10
EXPENSE;5
EXPOSED;1
EXPRESS;0
EXTORTS;0
FACTORS;55
FAILURE;52
FALLING;0
FEDERAL;490
FINANCE;64
FINDING;22
FORFEIT;1
FORGERY;0
FORMULA;0
FULFILL;8
FUNDING;47
FURNISH;16
GETTING;0
HISTORY;7
HOTLINE;2
HOUSING;47
IMPOSED;69
IMPOUND;0
IMPROVE;27
INCLUDE;217
INCOMES;0
INDEXED;3
INDUCES;0
INITIAL;37
INSURED;70
INTERIM;19
INVOLVE;5
ISSUERS;64
ISSUING;24
LARCENY;0
LENDERS;6
LENDING;50
LICENSE;9
LOCATED;42
LOCK IN;0
MAILING;4
MEDICAL;4
MEETING;22
MEMBERS;114
METHODS;20
MISSION;7
MISUSED;0
MONITOR;30
NETWORK;10
NOTICES;7
NUMBERS;2
OBLIGOR;5
OFFERED;30
OFFICES;11
OPERATE;21
OPTIONS;33
ORDERED;11
PARTIAL;4
PARTIES;26
PAYABLE;10
PAYMENT;122
PAYROLL;0
PENALTY;66
PERFORM;50
PERSONS;184
PLANNED;2
PORTION;29
POSTING;3
PREMIUM;2
PREPAID;7
PREPARE;28
PRICING;15
PRIMARY;37
PRIVACY;11
PRIVATE;48
PROCESS;68
PRODUCT;66
PROGRAM;112
PROMOTE;40
PROTECT;40
PROVIDE;297
PUBLISH;30
PURPOSE;72
QUALIFY;8
QUALITY;14
QUICKLY;0
RECEIPT;68
RECEIVE;48
RECORDS;134
RECRUIT;0
REDUCED;11
REDUCES;2
REFLECT;21
REFORMS;7
REFUSED;1
REGULAR;18
REMAINS;5
RENEWAL;1
RENTERS;0
RENTING;0
REPLACE;0
REPORTS;231
REQUEST;180
RESCUES;0
RESIDES;5
RESPOND;7
RESULTS;58
RESUMES;0
RETAINS;6
RETURNS;0
REVENUE;19
REVIEWS;20
REVISED;3
REVOKED;5
ROLE OF;10
SATISFY;15
SCHEMES;2
SECURED;25
SECURES;0
SEEKING;22
SEGMENT;2
SELECTS;1
SELLING;10
SERVICE;101
SERVING;34
SESSION;2
SET-OFF;0
SETTING;23
SHARING;20
SHOPPED;0
SOURCES;20
SPANISH;0
SPECIAL;45
STUDIES;11
SUBJECT;43
SUMMARY;10
SUPPORT;58
SURVEYS;2
SYSTEMS;58
TAXABLE;0
TENANCY;1
TENANTS;0
TESTING;4
TRADING;116
TYPICAL;1
UNIFORM;11
UNSOUND;6
UPDATED;1
UPFRONT;0
UTILIZE;8
VALUING;0
VERSION;3
VIOLATE;5
WEBSITE;15
WORKING;13
WRITING;70
WRITTEN;106
AGAINST;149
ANOTHER;61
BETWEEN;110
CERTAIN;92
CURRENT;38
FAILING;4
FOLLOWS;44
GENERAL;132
MATTERS;34
PENDING;17
PRESENT;28
RELATED;102
SAVINGS;38
SEVERAL;2
THEREOF;109
THROUGH;222
VARIOUS;6
VARYING;2
WITHOUT;99
SECTION;30
TITLE 5;90
TITLE I;10
TITLE X;3
JOINTLY;94
NOTHING;97
EQUALLY;2
EXCEEDS;13
FURTHER;43
GRANTED;42
GREATER;17
HOWEVER;8
IN CASE;4
IN FACT;0
IN THAT;11
ONLY IF;20
OVERALL;12
SIMILAR;107
SO THAT;10
SUCH AS;22
THAT IS;501
WHETHER;263
AVERAGE;7
HIGHEST;3
MAXIMUM;25
MINIMUM;70
SMALLER;6
ADOPTED;39
APPEARS;136
CHAPTER;17
CONTENT;20
HEADING;16
MEANING;67
PROVISO;2
STATUTE;34
THEREIN;27
COERCES;0
LIMITED;28
ALLOWED;27
AMENDED;552
CONFORM;14
ENFORCE;123
PERMITS;2
PREVENT;64
REQUIRE;211
TRIPLED;0
15-DAY;0
1-YEAR;19
3 DAYS;2
30-DAY;11
3-YEAR;6
500000;1
FOURTH;3
LIKELY;27
PROMPT;7
TIMELY;49
WEEKLY;0
ACCEPT;30
ACCESS;98
ACCRUE;3
ACTING;57
ACTION;359
ACTUAL;21
ADJUST;10
ADVICE;73
ADVISE;9
AGENCY;402
AGENTS;14
AMOUNT;262
ANNUAL;105
ARISES;11
ASKING;0
ASSERT;5
ASSESS;19
ASSETS;221
ASSIST;19
ASSURE;5
AUDITS;11
BANKER;0
BECOME;45
BOARDS;13
BODIES;4
BRIBES;0
BRIDGE;12
BROKER;121
BUDGET;36
BUREAU;777
BUYERS;1
BUYING;2
CHANGE;96
CHARGE;18
CHOICE;1
CHOOSE;2
CLAIMS;85
CLOSED;1
COMBAT;2
COPIES;15
COUNTY;7
COUPON;0
COURSE;14
CREATE;16
CREDIT;176
DEALER;153
DEFINE;28
DENIAL;5
DENIED;0
DENIES;2
DETAIL;7
DIRECT;42
DOLLAR;25
DUTIES;116
EFFECT;138
EFFORT;2
ENABLE;15
ENDING;16
ENGAGE;42
ENTITY;202
EQUITY;57
ERRORS;3
ESCROW;2
ESTATE;25
ETHNIC;2
EXISTS;12
EXPECT;1
EXTEND;30
EXTENT;108
EXTORT;2
FACING;0
FACTOR;9
FAILED;10
FAMILY;7
FELONY;1
FISCAL;93
FOLLOW;11
FORCED;1
FORMAL;7
FUNDED;7
FUTURE;74
GENDER;3
GRANTS;13
GROUND;3
HARBOR;3
HAZARD;1
HEALTH;33
HIRING;7
HOLDER;18
HYBRID;11
IMPACT;61
INCOME;30
INDUCE;5
INFORM;7
INSURE;4
INTENT;14
ISSUED;171
ISSUES;57
JUNIOR;1
LENDER;2
LENGTH;4
LEVELS;16
LIABLE;18
LOCATE;0
MANAGE;9
MARGIN;70
MARKET;215
MASTER;40
MEMBER;170
METHOD;7
MISUSE;0
MODELS;10
MODIFY;19
NATURE;72
NEEDED;8
NOTICE;245
NOTIFY;43
NUMBER;64
OBTAIN;43
OCCURS;11
OFFERS;20
OFFICE;296
OPTION;87
ORDERS;102
OTHERS;11
OWNERS;5
PARISH;0
PAYING;3
PAYOFF;0
PERIOD;280
PERSON;871
PLACED;11
POINTS;1
POLICY;51
PRICES;5
PROPER;7
PUBLIC;286
PURSUE;3
RANDOM;0
REASON;17
RECORD;43
REFORM;4
REFUND;4
REGARD;30
REGION;0
RELATE;17
RELIEF;35
RELIES;6
REMAIN;37
REMEDY;5
RENTAL;4
REPAID;5
REPAIR;1
REPORT;533
RESCUE;1
RESETS;0
RESULT;40
RESUME;0
RETAIN;23
RETURN;20
REVIEW;200
REVISE;7
RIGHTS;116
SAFETY;57
SAMPLE;1
SECTOR;18
SECURE;38
SELECT;8
SELLER;31
SENATE;146
SERVES;7
SETOFF;12
SHARED;4
SHARES;13
SINGLE;22
SOURCE;29
SPREAD;2
STATED;5
STATES;25
STATUS;65
SUBMIT;172
SUPPLY;2
SYSTEM;167
TAKING;51
TARGET;4
TENANT;0
THINGS;21
TRAVEL;6
UNABLE;9
UNFAIR;24
UNIQUE;2
UNUSED;0
UPDATE;9
VALUES;9
VARIES;0
VERIFY;9
VOLUME;20
WIDELY;2
BEHIND;0
COMMON;10
DURING;126
GIVING;10
HAVING;49
HEREBY;3
MAKING;89
SAVING;0
TOWARD;5
VERSUS;3
CLAUSE;47
ANYONE;0
ALMOST;0
BEFORE;317
DUE TO;8
EITHER;42
ENTIRE;4
EXCEPT;144
HIGHER;16
LARGER;1
LESSER;0
RATIOS;1
SECOND;26
SOLELY;66
THOUGH;6
UNLESS;160
WITHIN;178
EXCEED;37
MEDIAN;1
ADDING;234
INSERT;6
MANNER;170
MATTER;58
MOVING;0
PURELY;0
SUNSET;3
TABLES;0
TOPICS;1
COERCE;0
LIMITS;78
SHOULD;56
ALLOWS;8
COMPLY;62
DEEMED;94
DIVIDE;0
ENSURE;119
EXEMPT;73
IMPOSE;56
PERMIT;42
REMOVE;6
WAIVER;32
10000;2
20000;0
FIRST;65
SIXTH;0
THIRD;35
TWICE;6
ACTED;1
ADOPT;78
AGENT;63
AGING;3
AGREE;11
AMEND;15
AREAS;19
ARENA;0
ASSET;55
AUDIT;57
AVOID;21
AWARD;43
AWARE;3
BASIC;13
BEGIN;7
BOARD;457
BRIBE;0
BRIEF;2
BUYER;4
CARDS;0
CAUSE;54
CHINA;0
CIVIL;84
CLAIM;116
CLASS;101
CLEAR;27
CLOSE;1
COSTS;52
COURT;196
COVER;16
CURED;0
CYCLE;1
DATES;5
DEFER;3
DELAY;9
EMAIL;0
ENJOY;0
ENTER;47
EQUAL;14
ERROR;18
EVENT;37
EXIST;8
FAILS;13
FIELD;6
FINAL;132
FINDS;39
FIXED;10
FLOOD;0
FORCE;8
FORMS;10
FRAUD;38
FULLY;17
FUNDS;169
GOALS;7
GRACE;0
GRANT;38
HOLDS;19
HOMES;2
INDEX;40
INPUT;3
ISSUE;157
ITEMS;20
KNOWS;2
LACKS;0
LARGE;28
LEGAL;69
LEVEL;31
LISTS;0
LOANS;61
LOCAL;26
LOWER;5
MEANS;380
MEETS;39
MODEL;28
MONEY;65
MORAL;0
NAMES;4
NEEDS;22
NEWLY;1
NORMS;0
OFFER;32
OLDER;1
ORDER;249
OWNED;28
OWNER;0
PAINT;0
PANEL;11
PARTY;104
PIECE;0
PLACE;193
PLAIN;0
PLANS;36
POINT;3
POWER;27
PRICE;77
PRIOR;77
RADON;0
RANGE;11
RAPID;2
RATES;26
REFER;5
RENEW;2
RENTS;0
REPAY;3
RESET;0
RESPA;0
RIGHT;73
RISKS;110
RULES;498
RURAL;1
SALES;25
SCAMS;0
SCOPE;51
SEEKS;5
SENSE;4
SERVE;65
SEWER;0
SIGNS;1
STAFF;31
STATE;510
STEPS;30
STOCK;37
STUDY;227
TASKS;1
TAXES;4
THEFT;2
TIMES;27
TRADE;165
TRUST;44
TYPES;43
UNITS;8
URBAN;1
USAGE;1
USING;25
VALID;11
VALUE;94
VISIT;0
WATER;0
WORTH;0
YEARS;38
YIELD;5
ABOUT;62
ABOVE;4
ALONG;4
AMONG;53
BEING;43
BELOW;0
EVERY;28
FORTH;7
GIVEN;21
MAKES;39
PARTS;1
TAKES;20
THEIR;102
THERE;82
THESE;4
THOSE;76
UNDER;2581
WHICH;909
WHOLE;20
WHOSE;28
WOULD;179
TITLE;19
OTHER;1415
UNTIL;49
WHERE;47
AFTER;803
ALONE;2
RATIO;9
WHILE;27
FEWER;1
TOTAL;77
ADDED;41
APPLY;206
BASED;18
BASIS;111
CITED;13
FOUND;21
KNOWN;29
TABLE;8
TAKEN;74
TERMS;210
LIMIT;93
ALLOW;24
SHALL;3287
WAIVE;8
1000;4
1995;0
1996;0
2000;0
2001;0
2003;2
2004;0
2005;0
2006;0
2007;0
2008;0
2009;3
2010;7
2011;9
2012;12
2013;4
2014;2
5000;6
DAYS;7
FOUR;0
ABLE;15
AREA;17
BEST;16
BILL;1
BODY;19
BOOK;3
CITY;2
CODE;18
COME;2
COPY;39
COST;45
DATA;235
DATE;634
DEBT;80
DEED;0
DUAL;6
DUTY;51
FACE;3
FACT;8
FAIL;4
FAIR;39
FEES;64
FHFA;0
FIND;5
FINE;1
FIRM;56
FORM;116
FREE;6
FULL;24
FUND;255
GAIN;7
GOOD;12
GUAM;3
HEAD;20
HELD;83
HELP;10
HIGH;4
HOLD;15
HOME;48
HVCC;0
JOIN;0
LACK;2
LAND;3
LAST;10
LATE;2
LAWS;85
LIEN;15
LIFE;30
LINE;3
LIST;23
LOAN;121
LOSE;4
LOSS;51
MAIL;6
MEET;61
NAME;21
NEED;21
NOTE;11
OPEN;38
OWNS;8
PAID;50
PLAN;145
RACE;3
RATE;74
REAL;43
RISK;125
ROLE;7
ROOT;0
RULE;419
SAFE;22
SALE;175
SEEK;21
SELL;22
SEND;9
SENT;7
SIDE;1
SITE;2
SIZE;42
SUMS;9
TASK;1
TEST;4
TIME;215
TIPS;1
TOWN;0
TYPE;65
UNIT;11
UPON;224
URLS;0
USED;127
USES;23
VARY;1
WAYS;11
WORK;30
YEAR;210
BEEN;164
DOWN;1
FROM;656
GIVE;15
HAVE;404
INTO;240
MADE;319
MAKE;190
MOST;9
MUCH;1
MUST;8
ONCE;13
ONE-;1
PART;70
PAST;3
PLUS;4
SAME;195
SOME;8
SUCH;2594
TAKE;115
THAN;233
THAT;2443
THEM;6
THEY;14
THIS;136
WERE;84
WHAT;22
WHOM;44
WILL;97
WITH;1183
YOUR;0
1122;0
1124;0
128A;0
129E;0
1401;0
1403;0
1404;0
1411;0
1444;0
1461;0
1462;1
1463;0
1464;0
1471;0
1472;0
1977;0
ACTS;47
VIII;21
BOTH;47
EACH;646
NONE;5
WHEN;65
ALSO;33
MORE;146
NEXT;4
ONLY;97
SOLE;36
LESS;20
OVER;57
ENDS;4
ITEM;15
KNOW;5
LEFT;0
READ;30
RISE;9
TERM;695
100;17
125;0
133;0
2ND;3
3RD;2
443;0
4TH;1
6TH;0
DUE;14
TEN;2
AGE;7
AIG;0
ASK;0
DAY;80
FEE;34
GAO;9
GET;0
HUD;2
IFI;29
ILL;1
LAW;418
LOW;8
NET;30
NEW;89
NPV;0
NRC;0
OUT;59
PAY;97
SEC;459
SUM;3
TAX;31
USE;206
WEB;0
ARE;691
BAR;13
CAN;18
FOR;2703
HAD;34
HAS;411
HOW;29
ITS;335
MAY;1329
MET;3
OFF;3
ONE;58
OUR;2
OWN;38
THE;23396
WAS;176
WHO;259
113;1
129;0
130;5
140;0
141;0
201;1
220;0
303;0
ACT;165
AII;4
APP;1
III;431
VII;38
XII;4
ALL;424
ANY;3728
AND;8513
BUT;89
NON;52
NOT;1008
END;399
SET;53
ADD;2
10;46
12;68
15;69
20;18
25;12
30;12
31;17
35;14
50;3
EC;110
IT;165
TR;11
US;112
VI;59
AN;1505
AT;666
BE;1972
BY;4488
DO;31
GO;1
IN;5474
IS;1790
OF;13443
ON;1537
TO;6114
UP;15
11;69
13;26
14;20
16;24
17;23
18;18
19;6
1B;8
21;10
22;12
27;12
2B;4
32;6
3C;6
40;11
41;3
42;10
46;4
47;17
48;10
49;4
4D;7
51;5
54;5
5D;4
A2;10
A4;5
A6;2
A7;1
AA;65
B2;7
BB;52
CC;33
II;1045
IV;220
IX;19
XI;7
NO;271
AS;2451
IF;536
OR;8280
SO;83
1;1193
2;998
3;577
4;370
5;278
6;216
7;247
8;150
9;198
A;7401
I;1183
B;1558
C;1037
D;678
E;658
F;246
H;165
J;53
K;42
L;86
M;71
N;97
O;49
P;78
Q;26
R;161
T;129
U;85
V;146
X;53
Y;30
Z;11
