HOUSING ENTERPRISES FINANCIAL SAFETY AND SOUNDNESS ACT OF 1992 12 USC 4501 ET SEQ;0
THRIFT DEPOSITOR PROTECTION OVERSIGHT BOARD OF THE RESOLUTION TRUST CORPORATION;0
THE DEPOSITORY INSTITUTION MANAGEMENT INTERLOCKS ACT 12 USC 3201 ET SEQ;0
THE ENHANCING FINANCIAL INSTITUTION SAFETY AND SOUNDNESS ACT OF 2010;1
FINANCIAL INSTITUTIONS REFORM RECOVERY AND ENFORCEMENT ACT OF 1989;7
HOUSING ENTERPRISES FINANCIAL SAFETY AND SOUNDNESS ACT OF 1992;2
THE NEIGHBORHOOD REINVESTMENT CORPORATION ACT 42 USC 8105C3;0
DODD-FRANK WALL STREET REFORM AND CONSUMER PROTECTION ACT;24
THE COMMUNITY REINVESTMENT ACT OF 1977 12 USC 2901 ET SEQ;0
THE BANK HOLDING COMPANY ACT OF 1956 12 USC 1841 ET SEQ;8
THE FLOOD DISASTER PROTECTION ACT OF 1973 42 USC 4003A5;0
ADMINISTRATIVE SERVICES ACT OF 1949 41 USC 251 ET SEQ;0
THE SECURITIES EXCHANGE ACT OF 1934 15 USC 78A ET SEQ;27
THE FEDERAL DEPOSIT INSURANCE ACT 12 USC 1811 ET SEQ;4
THE BANK PROTECTION ACT OF 1968 12 USC 1881 ET SEQ;0
THE FINANCIAL INSTITUTIONS SUPERVISORY ACT OF 1966;0
THE BANK SERVICE COMPANY ACT 12 USC 1861 ET SEQ;1
THE FEDERAL CREDIT UNION ACT 12 USC 1751 ET SEQ;3
THE FEDERAL DEPOSIT INSURANCE ACT 12 USC 1813B2;0
THE FEDERAL DEPOSIT INSURANCE ACT 12 USC 1813B3;0
THE FEDERAL DEPOSIT INSURANCE ACT 12 USC 1813Q1;1
THE FEDERAL DEPOSIT INSURANCE ACT 12 USC 1817B1;0
THE FEDERAL DEPOSIT INSURANCE ACT 12 USC 1817B2;0
THE FEDERAL DEPOSIT INSURANCE ACT 12 USC 1821A1;0
COMMITTEE ON BANKING HOUSING AND URBAN AFFAIRS;93
FEDERAL SAVINGS AND LOAN INSURANCE CORPORATION;0
THE FEDERAL DEPOSIT INSURANCE ACT 12 USC 1812;0
THE FEDERAL DEPOSIT INSURANCE ACT 12 USC 1813;20
COMMITTEE ON FINANCIAL SERVICES OF THE HOUSE;81
HOUSING AND URBAN-RURAL RECOVERY ACT OF 1983;0
THE BANK ENTERPRISE ACT OF 1991 12 USC 1834A;0
THE HOME OWNERS LOAN ACT 12 USC 1461 ET SEQ;3
THE FEDERAL CREDIT UNION ACT 12 USC 1787K1;0
THE FEDERAL CREDIT UNION ACT 12 USC 1787K5;0
OFFICE OF THE COMPTROLLER OF THE CURRENCY;26
CHAPTER 89A OF TITLE 5 UNITED STATES CODE;1
NEIGHBORHOOD REINVESTMENT CORPORATION ACT;0
THE FEDERAL RESERVE ACT 12 USC 221 ET SEQ;0
CHAPTER 71 OF TITLE 5 UNITED STATES CODE;3
NONINTEREST-BEARING TRANSACTION ACCOUNT;0
DEFICIT CONTROL ACT OF 1985 2 USC 906H;0
FEDERAL DEPOSIT INSURANCE CORPORATION;69
FLOOD DISASTER PROTECTION ACT OF 1973;0
REVISED STATUTES OF THE UNITED STATES;10
THE HOUSING ACT OF 1948 12 USC 1701CC;0
THE INTERNATIONAL BANKING ACT OF 1978;2
CONSUMER FINANCIAL PROTECTION BUREAU;2
NATIONAL CREDIT UNION ADMINISTRATION;43
THE HOME OWNERS LOAN ACT 12 USC 1468;1
APPROPRIATE FEDERAL BANKING AGENCY;104
SECURITIES AND EXCHANGE COMMISSION;160
COMMUNITY REINVESTMENT ACT OF 1977;0
THE FEDERAL RESERVE ACT 12 USC 248;5
COMMUNITY DEVELOPMENT ACT OF 1992;0
THE FEDERAL DEPOSIT INSURANCE ACT;48
SAVINGS AND LOAN HOLDING COMPANY;35
SECURITIES EXCHANGE ACT OF 1934;15
EMERGENCY HOMEOWNERS RELIEF ACT;0
PUBLIC LAW 101647 104 STAT 4890;0
PUBLIC LAW 102550 106 STAT 3798;0
INSURED DEPOSITORY INSTITUTION;163
THE FEDERAL HOME LOAN BANK ACT;0
FEDERAL DEPOSIT INSURANCE ACT;5
PUBLIC LAW 10173 103 STAT 440;0
THE CRIME CONTROL ACT OF 1990;0
OFFICE OF THRIFT SUPERVISION;38
THE BANK HOLDING COMPANY ACT;3
COMPTROLLER OF THE CURRENCY;53
FEDERAL SAVINGS ASSOCIATION;28
HISTORICALLY BLACK COLLEGES;0
BANK ENTERPRISE ACT OF 1991;0
BANK PROTECTION ACT OF 1968;0
CODE OF FEDERAL REGULATIONS;12
DEFICIT CONTROL ACT OF 1985;0
HOLDING COMPANY ACT OF 1956;1
SECTION 206G7 12 USC 1786G7;0
DEPARTMENT OF THE TREASURY;17
SECTION 1103A 12 USC 3332A;0
SECTION 1315B 12 USC 4515B;0
SECTION 1317C 12 USC 4517C;0
SECRETARY OF THE TREASURY;39
STATE SAVINGS ASSOCIATION;17
CRIME CONTROL ACT OF 1990;0
MANAGEMENT INTERLOCKS ACT;0
SECTION 11A2 12 USC 248A2;0
SECTION 1206 12 USC 1833B;0
SECTION 1216 12 USC 1833E;0
SECTION 1B4 12 USC 1861B4;0
SECTION 210A 12 USC 3208A;0
SECTION 23B1 15 USC 78WB1;0
SECTION 2J3 12 USC 1841J3;0
SECTION 33E 12 USC 1831JE;0
SECTION 7C2 12 USC 1867C2;0
SUBPARAGRAPHS A THROUGH C;2
SUBPARAGRAPHS A THROUGH G;1
SUBPARAGRAPHS A THROUGH J;0
SUBPARAGRAPHS B THROUGH D;0
SUBPARAGRAPHS B THROUGH E;2
SUBPARAGRAPHS C D E AND F;0
SUBPARAGRAPHS C THROUGH F;0
SUBPARAGRAPHS C THROUGH G;0
SUBPARAGRAPHS D E F AND H;0
SUBPARAGRAPHS D THROUGH F;1
SUBPARAGRAPHS D THROUGH G;0
SUBPARAGRAPHS D THROUGH H;0
SUBPARAGRAPHS E THROUGH H;0
CAREER RESERVED POSITION;1
DESIGNATED TRANSFER DATE;97
EXISTING RETIREMENT PLAN;12
FEDERAL BANKING AGENCIES;62
FEDERAL CREDIT UNION ACT;1
SENIOR EXECUTIVE SERVICE;5
SECTION 19E 12 USC 1829E;0
SECTION 8336D2 OR 8414B1;1
SECTIONS 301 THROUGH 326;0
THE HOME OWNERS LOAN ACT;11
THE NATIONAL HOUSING ACT;4
DEPOSITORY INSTITUTIONS;22
MINORITY-OWNED BUSINESS;2
SECTION 10 12 USC 1467A;1
SECTION 12 12 USC 1468A;0
SECTION 12I 15 USC 78LI;0
SECTION 13 12 USC 1468A;0
SECTION 19B 12 USC 461B;0
SECTION 205 12 USC 1785;0
SECTION 207 12 USC 3206;0
SECTION 209 12 USC 3207;0
SECTION 28 12 USC 1831E;0
SECTION 5F 12 USC 1844F;0
SECTION 803 12 USC 2902;0
SECTION 806 12 USC 2905;0
SUBPARAGRAPHS A B AND D;1
SUBSECTIONS M N O AND P;0
THE FEDERAL RESERVE ACT;27
BANK HOLDING COMPANIES;51
DEPOSITORY INSTITUTION;76
FEDERAL BANKING AGENCY;18
FINANCIAL INSTITUTIONS;89
CHAPTER 89B OF TITLE 5;1
PARAGRAPHS 1 THROUGH 4;7
PARAGRAPHS 2 THROUGH 7;1
PARAGRAPHS 4 THROUGH 9;0
SECTION 10 12 USC 1820;0
SECTION 11 12 USC 1468;0
SECTION 11 12 USC 1821;0
SECTION 18 12 USC 1828;0
SECTION 3 12 USC 1462A;0
SECTION 8 12 USC 1466A;0
TO THE MAXIMUM EXTENT;7
FEDERAL RESERVE BOARD;0
FINANCING CORPORATION;0
CHAPTER 87 OF TITLE 5;2
CHAPTER 90 OF TITLE 5;1
CLAUSES I THROUGH III;7
CLAUSES I THROUGH VII;0
CLAUSES II III AND IV;0
SECTION 1 12 USC 1461;0
SECTION 2 12 USC 1462;0
SECTION 2 12 USC 1881;0
SECTION 3 12 USC 1813;0
SECTION 3 12 USC 1882;0
SECTION 4 12 USC 1463;0
SECTION 4 12 USC 1843;0
SECTION 5 12 USC 1464;0
SECTION 5 12 USC 1884;0
SECTION 7 12 USC 1817;0
SECTION 8 12 USC 1818;0
SECTION 9 12 USC 1467;0
SUBPARAGRAPHS A AND B;26
SUBPARAGRAPHS B AND C;7
SUBPARAGRAPHS C AND D;1
SUBPARAGRAPHS C AND G;0
SUBPARAGRAPHS D AND E;0
SUBPARAGRAPHS G AND H;0
AGENCY ADMINISTRATOR;0
BANK HOLDING COMPANY;117
DISTRICT OF COLUMBIA;13
FINDINGS CONCLUSIONS;5
INSURED CREDIT UNION;31
TRANSFERRED EMPLOYEE;14
WOMEN-OWNED BUSINESS;2
CLAUSES I THROUGH IV;2
CLAUSES III IV AND V;0
HOME OWNERS LOAN ACT;3
NATIONAL HOUSING ACT;0
RULE OF CONSTRUCTION;61
BUSINESS ACTIVITIES;2
CONSUMER PROTECTION;17
DEPARTMENT OF LABOR;2
SAVINGS ASSOCIATION;40
FEDERAL RESERVE ACT;6
HOUSING ACT OF 1948;0
PART 875 OF TITLE 5;1
SERVICE COMPANY ACT;0
SUBSECTIONS A AND B;23
SUBSECTIONS E AND F;3
UNDESIGNATED MATTER;6
BOARD OF GOVERNORS;466
FINANCIAL LITERACY;22
FINANCIAL SERVICES;16
MAGAZINES ORIENTED;0
POLICY-DETERMINING;3
REVENUES GENERATED;2
SUPERVISORY AGENCY;48
TOTAL CONSOLIDATED;27
IN CONNECTION WITH;175
CLAUSES II AND III;2
PARAGRAPHS 1 AND 2;26
PARAGRAPHS 1 AND 3;3
PARAGRAPHS 2 AND 3;10
PARAGRAPHS 3 AND 4;1
PARAGRAPHS 4 AND 5;0
PARAGRAPHS 5 AND 6;4
UNITED STATES CODE;148
AS THE CASE MAY BE;6
FOR THE PURPOSE OF;77
IN ACCORDANCE WITH;241
SEPTEMBER 30 2020;0
AFFECTED EMPLOYEE;2
DEPOSIT INSURANCE;26
EXECUTIVE OFFICER;9
HOLDING COMPANIES;43
POLICY-ADVOCATING;3
STATE MEMBER BANK;1
IN THE CONTEXT OF;4
TABLE OF CONTENTS;3
12 USC 1467A NOTE;0
ATTORNEY GENERAL;44
BECOME EFFECTIVE;29
PERIOD BEGINNING;83
REGULATION AFTER;0
RESPONSIBILITIES;43
SERVICE PROVIDER;61
12 USC 1437 NOTE;0
12 USC 1463 NOTE;0
12 USC 1464 NOTE;0
12 USC 1811 NOTE;1
12 USC 1812 NOTE;0
12 USC 1818 NOTE;0
PUBLIC LAW 93100;0
REVISED STATUTES;1
ASSESSMENT BASE;1
FEDERAL RESERVE;156
INSTRUMENTALITY;22
INTERPRETATIONS;10
INVESTMENT BANK;4
REGULATIONS FOR;2
REPRESENTATIVES;114
RESPONSIBLE FOR;40
STATE-CHARTERED;9
WOMENS BUSINESS;0
ASSOCIATED WITH;114
12 USC 1441AR4A;0
12 USC 1441AR4B;0
28 USC 509 NOTE;0
SECTION 8706B1A;1
THIS SUBSECTION;406
NOTWITHSTANDING;171
WITH RESPECT TO;657
SUBSTITUTED FOR;6
RECOMMENDATIONS;142
JANUARY 1 2008;0
JANUARY 1 2013;2
OCTOBER 3 2008;0
WHERE FEASIBLE;4
ADMINISTRATION;35
ADMINISTRATIVE;77
ADVERTISEMENTS;3
BANKING SYSTEM;6
CARE INSURANCE;6
COMMUNICATIONS;6
CORRESPONDENCE;4
EFFECTIVE DATE;95
FAIR TREATMENT;0
FEDERAL AGENCY;55
IDENTIFICATION;27
IMPLEMENTATION;41
INSURED BRANCH;1
MINORITY-OWNED;7
RECOMMENDATION;64
REORGANIZATION;10
SUBCONTRACTORS;0
TALENTED YOUNG;0
SECTION 21AR4A;0
SECTION 21AR4B;0
SECTION 2539C2;0
SECTION 2554B2;0
SECTION 312B1A;0
SECTION 312B2B;0
SECTION 312B2C;0
SECTION 7B3EII;0
SECTIONS 8706B;1
SUBPARAGRAPH A;366
SUBPARAGRAPH B;147
SUBPARAGRAPH C;56
SUBPARAGRAPH D;35
SUBPARAGRAPH E;7
SUBPARAGRAPH F;4
SUBPARAGRAPH G;6
SUBPARAGRAPH H;4
SUBSECTION B1C;1
SUBSECTION C1A;4
THIS PARAGRAPH;193
IN ADDITION TO;34
IN THE CASE OF;116
NOT LATER THAN;281
CLAUSE HEADING;1
DETERMINATIONS;37
PRIOR APPROVAL;10
ADMINISTERING;13
APPORTIONMENT;7
BANKERS BANKS;0
CERTIFICATION;73
CONSIDERATION;67
CONTRIBUTIONS;6
CREDIT UNIONS;10
DEMONSTRATING;0
DETERMINATION;268
DISADVANTAGED;0
INCORPORATION;2
INVOLUNTARILY;4
LAST SENTENCE;3
NATIONAL BANK;60
OPPORTUNITIES;9
ORGANIZATIONS;35
PARTICIPATION;33
POLICY-MAKING;3
REGULATION OF;65
REIMBURSEMENT;14
RESERVE RATIO;0
SUBCONTRACTOR;0
THIRD PARTIES;10
TRANSFER DATE;22
UNITED STATES;406
APPLICABILITY;28
APPLICABLE TO;95
12 USC 1701P1;0
LOAN BANK ACT;0
PARAGRAPH 12A;1
PARAGRAPH 12B;1
PARAGRAPH 17A;1
PARAGRAPH 18B;0
PARAGRAPH 2AI;2
SECTION 106B1;0
SECTION 11A1E;0
SECTION 1204C;1
SECTION 1205B;0
SECTION 13K1A;0
SECTION 207K1;0
SECTION 207K5;0
SECTION 212C2;2
SECTION 232A3;0
SECTION 606C3;0
SECTION 981A1;0
SECTION 982A3;0
SECTIONS 312B;0
SUBSECTION A1;47
SUBSECTION A2;25
SUBSECTION A6;2
SUBSECTION A8;3
SUBSECTION B2;32
SUBSECTION B3;7
SUBSECTION B4;6
SUBSECTION B9;0
SUBSECTION C1;7
SUBSECTION C2;7
SUBSECTION D2;3
SUBSECTION D5;2
SUBSECTION E2;6
SUBSECTION E5;0
SUBSECTION E7;0
SUBSECTION F2;3
SUBSECTION G1;4
SUBSECTION G5;0
SUBSECTION H2;4
SUBSECTION I1;0
SUBSECTION I2;0
SUBSECTION K5;0
SUBSECTION L5;0
SUBSECTION R3;0
SUBSECTION W1;0
SUBSECTION W3;0
THIS SUBTITLE;117
REGARDLESS OF;21
TO THE EXTENT;157
TOGETHER WITH;27
REDESIGNATING;78
ESTABLISHMENT;63
SUFFICIENTLY;7
UNACCEPTABLE;9
ADMINISTERED;13
APPROPRIATED;30
ARRANGEMENTS;25
BANKERS BANK;0
COMMENCEMENT;10
COMPENSATION;147
CONFIDENTIAL;39
CONSOLIDATED;22
CONSULTATION;148
CONTINUATION;11
CONTRIBUTION;17
COORDINATING;2
DEPARTMENTAL;0
DISADVANTAGE;2
DISTINCTIONS;0
DISTRIBUTION;14
EXAMINATIONS;78
FOREIGN BANK;34
FUNCTIONS OF;50
HIGH SCHOOLS;0
INSTITUTIONS;68
INSURABILITY;2
INSURED BANK;5
JURISDICTION;151
PRESERVATION;14
REASSIGNMENT;1
REQUIREMENTS;487
SHAREHOLDERS;29
TRANSACTIONS;207
TRANSFERABLE;0
UNDERWRITERS;4
UNDERWRITING;23
UNIVERSITIES;0
TRANSITIONAL;1
12 USC 17578;0
PARAGRAPH 12;6
PARAGRAPH 16;0
PARAGRAPH 18;1
PARAGRAPH 1A;35
PARAGRAPH 1C;6
PARAGRAPH 2A;19
PARAGRAPH 2B;19
PARAGRAPH 3A;12
PARAGRAPH 3B;9
PARAGRAPH 4A;4
PARAGRAPH 4B;9
PARAGRAPH 5A;1
SECTION 1006;0
SECTION 1014;0
SECTION 1032;2
SECTION 1062;4
SECTION 1064;0
SECTION 11A1;0
SECTION 202F;0
SECTION 232A;0
SECTION 256H;0
SECTION 312B;0
SECTION 3132;1
SECTION 321A;1
SECTION 3502;0
SECTION 3503;2
SECTION 364A;0
SECTION 3A34;0
SECTION 502C;0
SECTION 5136;4
SECTION 5234;0
SECTION 5240;0
SECTION 714A;0
SECTION 744Q;0
SECTION 7A2B;0
SECTION 7B1E;0
SECTION 7B2C;0
SECTION 7B3B;0
SECTION 8714;1
SECTION 8901;0
SECTION 8909;1
SUBCLAUSE II;13
SUBSECTION A;265
SUBSECTION B;167
SUBSECTION C;58
SUBSECTION D;39
SUBSECTION E;34
SUBSECTION F;21
SUBSECTION G;15
SUBSECTION H;14
SUBSECTION I;9
SUBSECTION J;7
SUBSECTION K;7
SUBSECTION L;3
SUBSECTION M;3
SUBSECTION N;0
SUBSECTION O;4
SUBSECTION P;1
SUBSECTION Q;1
SUBSECTION R;2
SUBSECTION S;2
SUBSECTION T;1
SUBSECTION U;1
SUBSECTION V;1
SUBSECTION Z;0
THIS SECTION;742
IN THE PLACE;2
RESPECTIVELY;57
SPECIFICALLY;36
DIFFERENTIAL;3
PROMULGATION;2
REDESIGNATED;60
SUBPARAGRAPH;84
UNDESIGNATED;13
ESTABLISHING;57
IMPLEMENTING;35
10000000000;17
135 PERCENT;0
50000000000;17
APPROPRIATE;526
DECEMBER 31;8
ENFORCEABLE;35
IMMEDIATELY;32
ACCOUNTANTS;4
ACQUISITION;33
AFFIRMATIVE;5
APPLICATION;108
APPOINTMENT;91
ARRANGEMENT;21
ASSESSMENTS;47
ASSIGNMENTS;5
ASSOCIATION;66
AUTHORITIES;98
CALCULATION;9
CARRIES OUT;3
CHAIRPERSON;42
COMMUNITIES;13
COMPETITION;9
COMPETITIVE;24
COMPTROLLER;8
CONSERVATOR;5
CONSULTANTS;11
CONTRACTING;3
CONTRACTORS;3
CORPORATION;615
DECLARATION;4
DEFINITIONS;114
DESCRIPTION;64
DESIGNATION;40
DISPOSITION;22
ELIGIBILITY;11
ELIMINATION;4
ENFORCEMENT;285
EXAMINATION;129
EXPLANATION;36
FUNCTION OF;15
INFORMATION;727
INSTITUTION;64
INSTRUMENTS;39
INTERNSHIPS;0
INVESTMENTS;42
LEGISLATIVE;20
OBLIGATIONS;145
OPPORTUNITY;52
PARTICIPATE;20
PERFORMANCE;41
POPULATIONS;1
PRACTICABLE;32
PREFERENCES;2
PROCEEDINGS;59
PROCUREMENT;1
PROCYCLICAL;0
PUBLICATION;45
REGULATIONS;403
REQUIREMENT;125
RESOLUTIONS;7
SUPERVISION;87
SUPERVISORY;74
TERMINATION;36
TRANSACTION;422
TRANSFERRED;141
TRANSITIONS;1
UTILIZATION;4
WITHDRAWALS;0
PURSUANT TO;421
REFERRED TO;117
RELATING TO;240
12 USC 2709;1
PARAGRAPH 1;381
PARAGRAPH 2;180
PARAGRAPH 3;79
PARAGRAPH 4;66
PARAGRAPH 5;20
PARAGRAPH 6;16
PARAGRAPH 7;11
PARAGRAPH 8;13
PARAGRAPH 9;6
SECTION 107;1
SECTION 10E;0
SECTION 110;1
SECTION 113;15
SECTION 15C;0
SECTION 18C;2
SECTION 1B5;0
SECTION 203;8
SECTION 21A;3
SECTION 302;0
SECTION 305;0
SECTION 308;3
SECTION 311;2
SECTION 312;4
SECTION 313;3
SECTION 322;0
SECTION 323;0
SECTION 324;0
SECTION 325;0
SECTION 327;0
SECTION 329;0
SECTION 3A5;1
SECTION 3B2;0
SECTION 3B3;0
SECTION 3Q1;0
SECTION 3Q2;0
SECTION 3Y3;0
SECTION 402;2
SECTION 469;0
SECTION 543;0
SECTION 657;0
SECTION 7B1;0
SECTION 7B2;0
SECTION 7C1;0
SUBCLAUSE I;32
SUBSECTIONS;35
OF ANY KIND;5
RELATIVE TO;8
PROSPECTIVE;14
SHORT TITLE;14
ABOLISHMENT;0
ESTABLISHED;269
IMPLEMENTED;5
LIMITATIONS;84
TAKE EFFECT;52
CONSISTENT;118
REASONABLE;138
ACTIVITIES;303
ADMINISTER;22
AFFILIATES;43
AGREEMENTS;66
ALLOCATING;3
ASSESSMENT;53
ASSIGNMENT;17
ASSISTANCE;106
ASSOCIATED;44
BANK BOARD;0
BUSINESSES;10
CHALLENGES;1
COMMERCIAL;48
COMMISSION;1572
COMPARABLE;54
COMPLIANCE;286
CONDUCTING;43
CONSIDERED;69
CONTAINING;22
CONTRACTOR;5
COORDINATE;51
CORRECTIVE;3
DEFINITION;96
DEPARTMENT;52
DEPOSITORS;2
DEPOSITORY;1
DESCRIBING;23
DEVELOPING;15
DIFFERENCE;7
DISABILITY;3
DISCRETION;75
ELECTRONIC;41
EMPLOYMENT;39
ENROLLMENT;6
EVALUATION;29
EXTENSIONS;8
FACILITATE;45
GEOGRAPHIC;6
GOOD FAITH;18
GOVERNMENT;123
GUIDELINES;45
INDIVIDUAL;123
INNER-CITY;0
INSPECTORS;8
INSTRUMENT;26
INVESTMENT;137
LEASEHOLDS;0
MAINTAINED;33
MANAGEMENT;111
MANAGERIAL;7
MEMBERSHIP;23
MINORITIES;5
NEGOTIABLE;1
NEGOTIATED;10
NEWSPAPERS;0
NONINSURED;1
OBLIGATION;99
OPERATIONS;57
PARTNERING;0
PERCENTAGE;59
PERFORMING;48
PROCEDURES;203
PROCEEDING;106
PROTECTION;150
PROVISIONS;252
REASSIGNED;1
RECRUITING;0
REFERENCES;9
REGULATION;299
REGULATORY;188
RESOLUTION;76
RETIREMENT;20
SAFEGUARDS;12
SPONSORING;0
STATE BANK;28
STREAMLINE;1
SUBMISSION;55
SUBPOENAED;0
SUBSIDIARY;158
SUPERVISED;68
TERMINATED;15
TRANSITION;28
VIOLATIONS;58
WINDING UP;2
WITHDRAWAL;7
APPLICABLE;207
AS FOLLOWS;44
IDENTIFIED;66
IN GENERAL;636
THEREAFTER;36
CLAUSE III;19
CLAUSE VII;6
SECTION 10;5
SECTION 11;5
SECTION 18;7
SECTION 33;2
SECTION 3C;17
SECTION 3Q;16
SECTION 5D;3
SECTION 5Q;0
SECTION 7E;0
SUBSECTION;47
SUBTITLE A;13
SUBTITLE B;42
SUBTITLE E;13
THIS TITLE;567
AS LONG AS;3
BECAUSE OF;13
EQUIVALENT;22
EXCEPTIONS;35
LATER THAN;19
RELATES TO;9
SUBJECT TO;516
ADDITIONAL;119
AMENDMENTS;133
CONFORMING;31
PARAGRAPHS;27
RULEMAKING;111
LIMITATION;89
AUTHORIZED;169
DESIGNATED;124
DETERMINED;144
DETERMINES;195
PRESCRIBED;218
18 MONTHS;22
30 MONTHS;5
EQUITABLE;23
NECESSARY;283
REGULARLY;8
AFFILIATE;130
AFFORDING;3
AGREEMENT;261
ANNUITANT;1
APPLICANT;33
APPOINTED;101
ASSESSING;20
ATTORNEYS;11
AUTHORITY;528
AVAILABLE;243
BRANCHING;1
CARRY OUT;104
CHARACTER;9
CHARTERED;22
COLLECTED;57
COMMENCED;18
COMPANIES;209
COMPETENT;17
COMPONENT;3
COMPUTERS;0
COMPUTING;4
CONDITION;38
CONFLICTS;9
CONSIDERS;14
CONTINUED;7
CONTRACTS;128
CUSTODIAL;1
CUSTOMERS;35
DECLINING;1
DEPOSITED;33
DEPOSITOR;1
DESIGNATE;18
DESTROYED;0
DEVELOPED;14
DIRECTION;10
DIRECTORS;108
DIVERSITY;5
DIVIDENDS;21
DOCUMENTS;46
EFFICIENT;15
EMERGENCY;40
EMPLOYEES;161
EMPLOYERS;0
EMPLOYING;1
EQUIPMENT;2
ESTIMATED;5
ESTIMATES;3
EXAMINERS;10
EXECUTIVE;22
EXPERTISE;17
EXTENSION;64
FINANCIAL;539
FULL-TIME;4
FUNCTIONS;91
FURNITURE;0
GOVERNORS;3
GUARANTEE;57
IMPLEMENT;52
INSURANCE;208
INTENTION;1
INTERPRET;7
INTERVENE;5
MAINTAINS;13
MATERIALS;26
MEMORANDA;3
MENTORING;0
MORTGAGEE;1
NONMEMBER;0
OFFICIALS;6
OPERATING;34
OPERATION;40
OVERSIGHT;75
PERMANENT;6
PERSONNEL;36
POSITIONS;67
PRACTICES;87
PRINCIPAL;106
PROCEDURE;37
PROMOTION;5
PROPOSALS;5
PROTECTED;8
PROVIDERS;6
PROVIDING;137
PROVISION;371
PUBLISHED;30
QUALIFIED;25
RECEIVING;26
REFERENCE;13
REIMBURSE;10
RESULTING;25
SCHEDULED;10
SECRETARY;317
SEPARATED;4
SOUNDNESS;40
STANDARDS;297
STATEMENT;76
STRUCTURE;29
SUBPENAED;0
SUBPOENAS;8
SUCCESSES;0
SUCCESSOR;42
TECHNICAL;20
TELEPHONE;23
TEMPORARY;24
TERMINATE;31
TRANSFERS;30
TRANSMITS;5
TREATMENT;70
WORKFORCE;8
FOLLOWING;686
PRECEDING;69
TYPICALLY;3
12 USC 24;2
CLAUSE II;40
CLAUSE IV;4
CLAUSE VI;4
PARAGRAPH;37
SECTION 2;21
SECTION 3;44
SECTION 8;33
TITLE III;2
TITLE VII;2
EXCEPT AS;138
INCLUDING;740
INCLUSION;5
LESS THAN;57
OTHERWISE;263
REGARDING;248
INCREASED;12
INCREASES;14
AMENDMENT;84
CONSTRUED;122
DESCRIBED;662
DESCRIBES;5
DETAILING;5
EFFECTIVE;71
ENACTMENT;280
INSERTING;794
SEMICOLON;20
SENTENCES;2
SUPERSEDE;4
DETERMINE;173
ESTABLISH;242
PERMITTED;62
PRESCRIBE;197
REGULATED;64
REQUESTED;35
SET FORTH;51
SPECIFIED;48
120 DAYS;5
180 DAYS;38
270 DAYS;8
30-MONTH;0
365 DAYS;0
6 MONTHS;23
FEASIBLE;2
POSSIBLE;34
UNFAIRLY;2
ACCOUNTS;53
ACHIEVED;2
ACQUIRED;16
ADJUSTED;28
ADVISORY;46
AFFECTED;19
AGENCIES;199
ASSESSED;13
ASSURING;8
BALANCED;2
BELONGED;1
BENEFITS;64
BRANCHES;22
BUSINESS;179
CARRYING;46
CHAIRMAN;54
COLLEGES;0
COMMENCE;10
COMMENTS;11
COMPLETE;37
CONGRESS;164
CONTINUE;40
CONTRACT;358
COVERAGE;41
CREDITED;27
CURRENCY;32
DECISION;61
DEPOSITS;28
DESIGNED;42
DESIGNEE;14
DIRECTOR;312
DISTRICT;57
DIVISION;38
ECONOMIC;47
ELIGIBLE;32
EMPLOYED;29
EMPLOYEE;149
EMPLOYER;21
ENFORCED;17
ENHANCED;22
ENROLLED;9
ENTITIES;164
ENTITLED;31
EXAMINER;3
EXERCISE;101
EXISTING;63
EXPENSES;45
EXTENDED;25
FINDINGS;49
FIXTURES;0
FUNCTION;25
HISPANIC;0
IDENTIFY;57
INCLUDES;74
INCURRED;27
INDUSTRY;24
ING BANK;0
INITIATE;29
INTENDED;16
INTEREST;245
ISSUANCE;48
JUDGMENT;29
LOCALITY;4
LOCATION;5
MAINTAIN;101
MAJORITY;21
MEASURES;32
MINORITY;16
MORTGAGE;197
OBTAINED;44
OFFICERS;24
OPERATED;9
OUTREACH;4
PAYMENTS;99
PERSONAL;26
POLICIES;78
POSITION;87
PRESERVE;3
PRIORITY;26
PROGRAMS;56
PROPERTY;207
PROPOSED;107
PURPOSES;427
REASSIGN;1
RECEIVED;107
RECEIVER;279
RECEIVES;46
RECOVERY;16
REFERRAL;8
REGIONAL;8
REGISTER;52
REMEDIES;33
RESERVED;2
SECURITY;219
SEPARATE;35
SERVICES;240
STANDARD;63
SUBPENAS;0
SUBPOENA;24
TANGIBLE;15
TRANSFER;172
VACATION;3
VALIDITY;12
DOES NOT;179
MODIFIED;10
SPECIFIC;59
1 NOTICE;5
CLAUSE I;127
CLAUSE V;4
SUBTITLE;9
THIS ACT;336
TITLE 18;16
TITLE 31;18
TITLE 44;5
EQUAL TO;44
PREVIOUS;17
PROVIDED;418
INCREASE;43
AMENDING;17
BASED ON;93
MEANINGS;18
SECTIONS;33
SENTENCE;68
STATUTES;5
STRIKING;661
APPROVAL;70
ASSIGNED;5
CONFORMS;0
EXCEPTED;13
REPEALED;8
REQUIRED;537
REQUIRES;25
5 YEARS;32
60 DAYS;35
90 DAYS;44
ABSENCE;9
ACCOUNT;190
ACCRUED;5
ACQUIRE;21
ACTIONS;125
ADDRESS;45
ADVANCE;32
AFFAIRS;21
AGENCYS;4
ALTERED;0
AMOUNTS;124
APPLIED;38
APPOINT;20
ARISING;61
ASPECTS;2
BANKING;43
BECOMES;13
BENEFIT;52
BROKERS;95
CHARGED;25
CHARGES;38
CLAUSES;3
COLLECT;20
COMMENT;27
COMPANY;320
CONDUCT;207
CONSENT;46
CONSULT;70
CONTROL;86
CUSTODY;34
DEALERS;104
DECLINE;5
DEFINED;315
DELETED;0
DEPOSIT;26
DERIVED;14
DEVELOP;25
DISPOSE;5
ENHANCE;17
EVASION;18
EXECUTE;11
EXISTED;9
FACTORS;57
FEDERAL;504
FILLING;1
FINANCE;75
FOCUSED;0
FUNDING;49
HOLDING;9
HOUSING;103
INCLUDE;253
INSURED;50
INTERIM;21
LEASING;4
LENDING;58
LICENSE;13
LOCATED;44
NONBANK;64
OFFICER;131
OFFICES;11
OPERATE;18
ORDERLY;61
PAYABLE;20
PAYMENT;182
PERFORM;52
PERIODS;17
PERSONS;196
PLACING;7
PROCESS;83
PROGRAM;139
PROTECT;44
PROVIDE;333
PUBLISH;28
RECEIPT;74
RECEIVE;61
RECORDS;133
REDUCED;11
REFLECT;26
REFORMS;7
REGULAR;18
RELATES;3
REMAINS;7
REPORTS;229
REQUEST;183
RESERVE;16
SERVICE;98
SERVING;35
SETTING;23
SOLICIT;5
SPECIAL;46
SUBPENA;0
SUCCEED;10
SUPPORT;57
SUSPEND;15
TREATED;47
VACANCY;4
WIND UP;1
WRITTEN;116
AGAINST;152
ANOTHER;64
BETWEEN;117
CERTAIN;107
FOLLOWS;40
GENERAL;134
MATTERS;33
OUTSIDE;22
PENDING;18
RELATED;131
SAVINGS;30
THEREOF;110
THERETO;48
THROUGH;232
WITHOUT;105
SECTION;39
TITLE 5;82
TITLE X;5
JOINTLY;86
NEITHER;6
NOTHING;96
SIMILAR;109
SUCH AS;30
THAT IS;538
WHETHER;279
AVERAGE;9
MAXIMUM;39
MINIMUM;85
ADOPTED;39
APPEARS;82
CHAPTER;15
CONTENT;21
CONTEXT;7
HEADING;16
MEANING;69
LIMITED;29
MANDATE;1
ALLOWED;26
AMENDED;599
PREVENT;67
REQUIRE;216
100000;5
1-YEAR;21
250000;6
2-YEAR;17
90-DAY;17
FOURTH;4
PROMPT;10
TIMELY;55
ACCEPT;30
ACCESS;100
ACCRUE;3
ACTING;59
ACTION;367
ACTIVE;3
ADVISE;10
AFFECT;76
AGENCY;393
AMOUNT;318
ANNUAL;123
ASSESS;18
ASSETS;217
BECAME;5
BRANCH;27
BUDGET;36
BUREAU;784
CHARGE;34
CREDIT;271
DEFINE;29
DENTAL;4
DEPUTY;6
DESIGN;3
DETAIL;10
DUTIES;107
EFFECT;148
EFFORT;2
ENDING;15
ENROLL;1
ENTITY;205
EQUITY;61
ETHNIC;2
EXTEND;35
FACTOR;10
FAILED;12
GENDER;3
HEALTH;33
HIRING;6
HOLDER;20
IMPACT;64
INSURE;3
ISSUED;176
LEVELS;16
MANAGE;8
MEMBER;165
METHOD;12
MONIES;9
MOTION;17
NATURE;77
NOTICE;264
NOTIFY;44
NUMBER;90
OFFICE;292
OFFSET;22
ORDERS;92
OTHERS;10
PAPERS;13
PERIOD;294
PERSON;919
PLACED;11
POLICY;59
POSING;1
POWERS;73
PUBLIC;312
RACIAL;1
REDUCE;29
REGARD;27
REMAIN;40
REPEAL;5
REPORT;557
RETAIN;22
REVIEW;203
RIGHTS;110
SAFETY;57
SEASON;2
SENATE;145
SENIOR;43
STATES;33
STATUS;61
SUBMIT;175
SUMMER;0
SYSTEM;153
TENURE;3
THRIFT;6
TIMING;16
VESTED;9
VISION;4
DURING;134
HAVING;54
MAKING;103
TOWARD;5
BEFORE;290
DUE TO;8
EXCEPT;158
HIGHER;17
IN ALL;2
SECOND;28
SOLELY;66
UNLESS;182
WITHIN;199
ADDING;252
INSERT;3
MANNER;178
MATTER;54
STRIKE;0
DEEMED;93
ENSURE;123
IMPOSE;61
PERMIT;43
FIRST;80
THIRD;39
ABATE;7
ADOPT;78
AMEND;15
ASSET;56
BANKS;54
BASIC;9
BOARD;470
BOOKS;29
CAUSE;56
CHART;13
CHIEF;50
CIVIL;86
CLAIM;117
COURT;198
DELAY;10
ELECT;18
ENTER;47
EQUAL;16
EVENT;38
FACED;1
FAIRS;0
FILES;13
FINAL;140
FIRMS;16
FSLIC;0
FULLY;25
FUNDS;169
GIRLS;0
GROUP;86
HOLDS;19
ISSUE;158
ITEMS;27
JOINT;30
LEASE;33
LEAVE;5
LEGAL;83
LEVEL;36
LOANS;110
MEANS;404
MEDIA;6
PAPER;4
PARTY;109
PLACE;139
PLANS;39
PRIOR;85
REACH;2
RIGHT;76
RISKS;111
RULES;514
SCOPE;52
SERVE;64
SHARE;26
SOUND;14
STAFF;31
STATE;601
STEPS;27
STUDY;254
SUITS;6
TRUST;41
TYPES;44
URBAN;1
USING;29
WOMEN;3
ABOVE;7
ASIDE;28
BEING;49
EVERY;29
GIVEN;22
GIVES;4
MAJOR;21
TAKES;18
THEIR;112
THERE;89
THOSE;85
UNDER;2695
WHICH;939
WOULD;190
8714A;1
8714B;1
8714C;1
TITLE;23
OTHER;1487
UNTIL;46
AFTER;851
RATIO;9
SINCE;3
WHILE;29
MINUS;1
TOTAL;96
ADDED;67
APPLY;222
BASIS;124
CITED;14
COMMA;3
KNOWN;30
TAKEN;76
TERMS;245
LIMIT;93
DEEMS;37
SHALL;3463
1970;0
2010;7
AREA;24
BANK;147
CARE;19
CASE;19
COPY;42
COST;47
DATE;666
DEBT;93
DUAL;6
DUTY;52
FACE;3
FAIR;38
FEES;105
FORM;126
FULL;29
FUND;251
HEAD;20
HELD;84
HOLD;16
HOME;87
LAWS;85
LIFE;22
LIST;25
LOAN;277
LONG;5
MASS;1
MEET;67
NAME;20
OPEN;48
PAID;59
PLAN;130
RATE;92
REAL;72
RULE;425
SAFE;22
SALE;184
SEEK;22
SELL;22
SIZE;48
TEND;4
TIME;242
TYPE;68
UPON;230
USED;152
WORK;30
YEAR;217
BEEN;184
FROM;707
GIVE;19
HAVE;434
INTO;245
MADE;367
MAKE;204
PART;76
SAME;200
SUCH;2816
TAKE;113
THAN;243
THAT;2583
THIS;138
WERE;86
WHAT;22
WILL;125
WITH;1246
1820;0
1823;0
1933;0
5240;0
78CA;0
VIII;25
BOTH;54
EACH;614
WHEN;77
MORE;163
ONLY;104
SOLE;32
READ;31
TERM;680
DEEM;10
1ST;3
2ND;3
DAY;63
EAD;9
FEE;68
FIX;11
JOB;3
LAW;426
NET;21
NEW;158
OTS;1
OUT;65
PAY;91
SEC;447
SUM;3
USE;228
ARE;714
ETC;1
FOR;3043
HAD;34
HAS;472
HER;10
HIS;15
ITS;338
MAY;1405
MET;4
OWN;38
PER;24
SHE;3
THE;24141
WAS;167
WHO;284
301;1
311;0
312;0
313;1
314;1
315;0
321;0
322;0
323;0
324;0
325;0
341;1
342;0
343;1
371;0
375;0
78O;0
ACT;170
III;419
SEQ;2
VII;43
XII;4
ALL;438
ANY;3884
AND;8532
BUT;104
NOR;15
NOT;1098
WHY;12
YET;7
END;439
RTC;0
SET;63
10;48
12;63
15;72
30;12
31;13
35;8
62;11
EC;130
IT;171
TR;11
US;107
VI;64
AN;1642
AT;725
BE;2089
BY;4432
DO;40
IN;5344
IS;1931
OF;13981
ON;1642
TO;6472
11;62
14;63
17;24
19;7
1A;28
21;10
27;12
32;5
36;1
38;5
3B;2
42;20
48;6
4A;7
AA;49
B2;7
B3;1
B9;1
BB;32
CC;28
G1;1
II;993
IV;205
NO;316
AS;2501
IF;578
OR;8623
SO;81
1;1239
2;1040
3;602
4;401
5;300
6;224
7;259
8;152
9;203
A;7932
I;1126
B;1604
C;1063
D;701
E;660
F;252
H;177
J;54
K;44
L;88
M;77
N;96
O;48
P;85
Q;26
R;165
T;131
U;91
V;146
X;47
Y;30
Z;15
