THE DEPOSITORY INSTITUTIONS MANAGEMENT INTERLOCKS ACT 12 USC 3201 ET SEQ;0
FINANCIAL INSTITUTIONS REFORM RECOVERY AND ENFORCEMENT ACT OF 1989;10
NONBANK FINANCIAL COMPANY SUPERVISED BY THE BOARD OF GOVERNORS;6
SECTION 5136A OF THE REVISED STATUTES OF THE UNITED STATES;0
THE BANK HOLDING COMPANY ACT OF 1956 12 USC 1841 ET SEQ;9
GENERALLY APPLICABLE RISK-BASED CAPITAL REQUIREMENTS;0
THE BANK HOLDING COMPANY ACT OF 1956 12 USC 1843K6B;1
THE INTERNATIONAL BANKING ACT OF 1978 12 USC 3105D3;0
THE INTERNATIONAL BANKING ACT OF 1978 12 USC 3105E1;0
GENERALLY APPLICABLE LEVERAGE CAPITAL REQUIREMENTS;0
THE BANK HOLDING COMPANY ACT OF 1956 12 USC 1843J1;0
THE BANK HOLDING COMPANY ACT OF 1956 12 USC 1843J2;0
THE INTERNATIONAL BANKING ACT OF 1978 12 USC 3106A;2
NONBANK FINANCIAL COMPANY SUPERVISED BY THE BOARD;17
THE BANK HOLDING COMPANY ACT OF 1956 12 USC 1841;4
THE BANK HOLDING COMPANY ACT OF 1956 12 USC 1842;0
THE BANK HOLDING COMPANY ACT OF 1956 12 USC 1843;2
THE EMERGENCY ECONOMIC STABILIZATION ACT OF 2008;0
THE FEDERAL DEPOSIT INSURANCE ACT 12 USC 1818B3;0
THE FEDERAL DEPOSIT INSURANCE ACT 12 USC 1820B3;0
COMMITTEE ON BANKING HOUSING AND URBAN AFFAIRS;90
THE FARM CREDIT ACT OF 1971 12 USC 2001 ET SEQ;3
THE SECURITIES EXCHANGE ACT OF 1934 15 USC 78O;26
THE FEDERAL DEPOSIT INSURANCE ACT 12 USC 1818;9
COMMITTEE ON FINANCIAL SERVICES OF THE HOUSE;78
THE FEDERAL ADVISORY COMMITTEE ACT 5 USC APP;2
NATIONAL CREDIT UNION ADMINISTRATION BOARD;20
COMPTROLLER GENERAL OF THE UNITED STATES;55
CHAPTER 71 OF TITLE 5 UNITED STATES CODE;5
BUREAU OF CONSUMER FINANCIAL PROTECTION;91
DEMONSTRATED GOOD FAITH EFFORT RESOLVE;0
DEPOSITORY INSTITUTION HOLDING COMPANY;18
SECURITY-BASED SWAP EXECUTION FACILITY;48
SMALLER INSURED DEPOSITORY INSTITUTION;0
FINANCIAL STABILITY OVERSIGHT COUNCIL;20
SIGNIFICANT NONBANK FINANCIAL COMPANY;0
COMMODITY FUTURES TRADING COMMISSION;153
NATIONAL CREDIT UNION ADMINISTRATION;44
THE BANK HOLDING COMPANY ACT OF 1956;10
FEDERAL FINANCIAL REGULATORY AGENCY;3
FUNCTIONALLY REGULATED SUBSIDIARIES;2
PRIMARY FINANCIAL REGULATORY AGENCY;10
SECURITY-BASED SWAP DATA REPOSITORY;40
THE FINANCIAL STABILITY ACT OF 2010;2
APPROPRIATE FEDERAL BANKING AGENCY;166
DERIVATIVES CLEARING ORGANIZATION;171
FOREIGN NONBANK FINANCIAL COMPANY;0
FUNCTIONALLY REGULATED SUBSIDIARY;12
THE FEDERAL DEPOSIT INSURANCE ACT;55
SAVINGS AND LOAN HOLDING COMPANY;45
SIGNIFICANT BANK HOLDING COMPANY;0
COLLECTIVE BARGAINING AGREEMENT;4
TO THE FULLEST EXTENT POSSIBLE;12
INSURED DEPOSITORY INSTITUTION;151
ANNUAL GROSS REVENUES DERIVED;1
INTERNAL FINANCIAL ACTIVITIES;6
REVERSE REPURCHASE AGREEMENTS;1
TROUBLED ASSET RELIEF PROGRAM;1
AUDITED FINANCIAL STATEMENTS;4
INTERMEDIATE HOLDING COMPANY;16
OFF-BALANCE-SHEET ACTIVITIES;0
OFFICE OF FINANCIAL RESEARCH;1
OFFICE OF THRIFT SUPERVISION;219
RESEARCH AND ANALYSIS CENTER;0
US NONBANK FINANCIAL COMPANY;0
THE CLAYTON ACT 15 USC 18AC8;1
COMPTROLLER OF THE CURRENCY;153
SUBSECTIONS A1 A2 A7 AND C1;0
DEPARTMENT OF THE TREASURY;21
FINANCIAL TRANSACTION DATA;0
SPECIAL ADVISORY TECHNICAL;0
FREEDOM OF INFORMATION ACT;4
LEGALLY BINDING AGREEMENT;0
NONBANK FINANCIAL COMPANY;6
SECRETARY OF THE TREASURY;41
SUBPARAGRAPHS A THROUGH E;4
CAPITAL PURCHASE PROGRAM;0
CONSOLIDATED SUPERVISION;3
ELIMINATING EXPECTATIONS;0
FEDERAL BANKING AGENCIES;57
FEDERAL INSURANCE OFFICE;7
MUTUAL HOLDING COMPANIES;1
PROMPT CORRECTIVE ACTION;4
REQUESTS FOR INFORMATION;6
FLEXIBLE WORK SCHEDULES;1
JURISDICTIONAL DISPUTES;0
REVISIONS DEMONSTRATING;0
SWAP EXECUTION FACILITY;78
TAKE INTO CONSIDERATION;17
UNDERSERVED COMMUNITIES;5
WORKPLACE FLEXIBILITIES;2
SUBPARAGRAPHS C D AND E;2
SUBSECTIONS B THROUGH N;5
SUBSECTIONS C THROUGH G;0
SUBSECTIONS D THROUGH H;0
AS SOON AS PRACTICABLE;5
BANK HOLDING COMPANIES;16
DEPOSITORY INSTITUTION;71
DERIVATIVE TRANSACTION;12
FINANCIAL INSTITUTIONS;80
INSTITUTION-AFFILIATED;3
LIQUIDITY REQUIREMENTS;0
PERMANENT SELF-FUNDING;0
PROPOSED DETERMINATION;2
REPORTING REQUIREMENTS;18
SAFEGUARDS IMPLEMENTED;0
SYSTEMICALLY IMPORTANT;18
INVESTMENT COMPANY ACT;1
PARAGRAPHS 1 THROUGH 4;7
TO THE MAXIMUM EXTENT;8
ADVERSE CIRCUMSTANCES;0
DEMONSTRABLE PROGRESS;0
FINANCIAL TRANSACTION;15
PREDOMINANTLY ENGAGED;10
REEMPLOYED ANNUITANTS;1
REPURCHASE AGREEMENTS;2
WORKFORCE FLEXIBILITY;1
WORKPLACE FLEXIBILITY;0
SUBPARAGRAPHS A AND B;26
ACTIVITIES CONDUCTED;6
BANK HOLDING COMPANY;60
CAPITAL REQUIREMENTS;24
CHILDCARE ASSISTANCE;1
DISTRICT OF COLUMBIA;13
FINANCIAL ACTIVITIES;8
FINANCIAL INSTRUMENT;3
LIQUID 2-WAY MARKETS;0
ORIGINAL APPOINTMENT;0
PROPOSED ACQUISITION;1
PRUDENTIAL STANDARDS;0
RISK-RELATED FACTORS;1
RISK-WEIGHTED ASSETS;2
SWAP DATA REPOSITORY;51
CLAUSES I THROUGH IX;1
SECTION 113A OR 113B;0
LESS FREQUENTLY THAN;14
RULE OF CONSTRUCTION;57
APPROPRIATED MONEYS;0
CAPITAL REQUIREMENT;2
COMPROMISE POSITION;1
COMPTROLLER GENERAL;87
COMPUTING RESOURCES;0
CORPORATE STRUCTURE;0
DIVERSE BACKGROUNDS;1
ENGLISH TRANSLATION;0
ESSENTIAL LONG-TERM;0
FINANCIAL CONDITION;16
FINANCIAL STABILITY;29
IRREVOCABLE LETTERS;0
MARKET TRANSPARENCY;1
MATURITIES SUITABLE;3
OWNERSHIP STRUCTURE;0
PROPOSED ACCOUNTING;0
SECURITIES CONTRACT;6
SUCCESSION PLANNING;1
UNDERCAPITALIZATION;0
WRITTEN EXPLANATION;4
SUBSECTIONS A AND B;17
BENEFITS AND RISKS;1
BOARD OF GOVERNORS;329
CASE-BY-CASE BASIS;5
CONTINGENT CAPITAL;0
DISPUTE RESOLUTION;2
EMPIRICAL EVIDENCE;0
EXECUTIVE SCHEDULE;2
FARM CREDIT SYSTEM;9
FELLOWSHIP PROGRAM;0
FINANCIAL CONTRACT;0
FINANCIAL SERVICES;13
FOREIGN GOVERNMENT;16
INTERCONNECTEDNESS;1
INTERNAL FINANCIAL;1
OFFICER PERFORMING;1
POLICY DEVELOPMENT;1
REVENUES GENERATED;2
SOFTWARE DEVELOPED;0
SOURCE OF STRENGTH;5
STATUTES GOVERNING;0
TOTAL CONSOLIDATED;12
IN CONNECTION WITH;174
PARAGRAPHS 1 AND 3;3
UNITED STATES CODE;155
FOR THE PURPOSE OF;78
IN ACCORDANCE WITH;233
ADVANCED TRAINING;0
AVOID DUPLICATION;4
CAPITAL STANDARDS;3
DEPOSIT INSURANCE;31
EASILY ACCESSIBLE;1
FINANCIAL COMPANY;73
FINANCIAL MARKETS;16
FINANCIAL PRODUCT;56
FINANCIAL SYSTEMS;0
FORWARD CONTRACTS;3
HOLDING COMPANIES;36
INSURANCE COMPANY;30
INTERNAL TREASURY;1
JUDICIAL DISTRICT;11
MARKET DISCIPLINE;2
MARKET EFFICIENCY;0
OFF-BALANCE SHEET;3
OFF-BALANCE-SHEET;1
OPTIMAL STRUCTURE;0
OVER-ACCUMULATION;0
PHASED RETIREMENT;1
PROCEEDS CREDITED;3
PROCURE TEMPORARY;0
PROPOSED DECISION;0
PUBLIC DISCLOSURE;15
REPORTED PUBLICLY;6
STABILITY-RELATED;0
HART-SCOTT-RODINO;1
REASONABLE NOTICE;3
SUBSECTION A OR B;7
SUBTITLES A AND C;0
IN THE EVENT THAT;8
DECEMBER 31 2009;0
AFFIRMATIVE VOTE;12
ANSWER QUESTIONS;0
BECOME EFFECTIVE;31
COMMERCIAL PAPER;2
EXISTING REPORTS;6
FINANCIAL ASSETS;3
FINANCIAL SYSTEM;53
MAINTAIN METRICS;0
NONVOTING MEMBER;0
PERIOD BEGINNING;90
PREDOMINANT LINE;0
RESPONSIBILITIES;44
RISK MEASUREMENT;0
SIGNED STATEMENT;0
STANDARD-SETTING;0
THEREOF HAS BEEN;2
ATTRIBUTION RULE;0
NONAPPLICABILITY;0
ASSESSMENT BASE;6
CAPITAL-RAISING;0
CHARACTERISTICS;11
COMPETITIVENESS;2
CONFIDENTIALITY;44
CREDIT EXPOSURE;13
DIVERSIFICATION;1
ECONOMIC GROWTH;0
EMERGING MARKET;0
EXECUTIVE LEVEL;0
FORWARD-LOOKING;1
GUARANTEES TIED;0
HOLDING COMPANY;6
INSTRUMENTALITY;23
JUDICIAL REVIEW;12
POST-EMPLOYMENT;2
PUBLICLY TRADED;3
REPRESENTATIVES;110
RESPONSIBLE FOR;43
RISK MANAGEMENT;38
SHORT-TERM DEBT;0
STANDARDIZATION;1
STANDBY LETTERS;0
WRITTEN FINDING;3
ATTRIBUTABLE TO;4
THIS SUBSECTION;373
NOTWITHSTANDING;177
WITH RESPECT TO;656
RECOMMENDATIONS;110
JANUARY 1 2010;4
JANUARY 1 2013;3
OCTOBER 4 2010;0
ADMINISTRATIVE;80
BOARD OF TRADE;83
CLASSIFICATION;4
CONCENTRATIONS;2
CONSIDERATIONS;38
COUNTERPARTIES;32
EFFECTIVE DATE;101
FEDERAL AGENCY;58
GROSS REVENUES;2
IDENTIFICATION;24
IMPLEMENTATION;43
INTERCONNECTED;1
ORGANIZATIONAL;5
PARENTAL LEAVE;1
PARTICIPATIONS;1
PART-TIME WORK;1
QUANTITATIVELY;0
RECOMMENDATION;50
REPRESENTATIVE;36
LETTER SR-01-1;0
SECTION 154B1B;0
SECTION 3132A1;0
SECTION 7103A8;1
STUDY REQUIRED;51
SUBCHAPTER III;2
SUBPARAGRAPH A;391
SUBPARAGRAPH B;177
SUBPARAGRAPH C;65
SUBPARAGRAPH D;43
SUBSECTION B3A;0
THIS PARAGRAPH;185
AS A RESULT OF;24
IN ADDITION TO;29
IN NO INSTANCE;0
IN THE CASE OF;121
NOT LATER THAN;260
WITH REGARD TO;29
DETERMINATIONS;37
COMPLYING WITH;14
APPROPRIATELY;10
APPORTIONMENT;6
BALANCE SHEET;10
CIVIL SERVICE;3
COMMISSIONERS;2
COMPARABILITY;10
COMPREHENSIVE;23
CONCENTRATION;7
CONGRESSIONAL;8
CONSIDERATION;66
CONSOLIDATION;8
DELIBERATIONS;0
DETERMINATION;239
DIFFERENTIATE;6
DISCONTINUOUS;0
DISQUALIFYING;0
DISTRIBUTIONS;2
EFFECTIVENESS;55
FOREIGN BANKS;21
FOREIGN-BASED;1
INCREMENTALLY;0
INTEREST RATE;55
INTERNATIONAL;46
JURISDICTIONS;2
MAJORITY VOTE;2
MEMBER AGENCY;3
METHODOLOGIES;16
NONAFFILIATED;0
ORAL ARGUMENT;1
ORGANIZATIONS;28
PARTICIPATION;33
POSITION DATA;2
PROFESSIONALS;1
REGULATION OF;65
REIMBURSEMENT;13
RELATIONSHIPS;7
STANDARDIZING;3
SYSTEMIC RISK;29
TRANSFER DATE;80
UNITED STATES;311
VOTING MEMBER;0
VOTING SHARES;2
APPLICABILITY;28
APPLICABLE TO;89
CONSISTING OF;1
SUBSTANTIALLY;30
SECTION 113E3;0
SECTION 1206A;0
SECTION 154B1;0
SECTION 167B2;0
SECTION 3109B;0
SUBSECTION A1;47
SUBSECTION A2;22
SUBSECTION A4;9
SUBSECTION A6;2
SUBSECTION B2;34
SUBSECTION B3;5
SUBSECTION D1;10
SUBSECTION D2;3
THIS SUBTITLE;120
IN WHICH CASE;4
PROVIDED THAT;20
REGARDLESS OF;19
TO THE EXTENT;147
TOGETHER WITH;27
ESTABLISHMENT;57
PERIODICALLY;13
ACQUISITIONS;5
ADMINISTERED;15
ADVISABILITY;5
AFFILIATIONS;0
APPLICATIONS;7
APPROPRIATED;29
AVAILABILITY;49
CAPABILITIES;2
COMMISSIONER;13
COMPENSATION;146
CONCENTRATED;1
CONFIDENTIAL;34
CONSEQUENCES;3
CONSOLIDATED;13
CONSULTATION;133
COORDINATION;55
CORPORATIONS;3
COUNTERPARTS;1
COUNTERPARTY;93
CROSS-BORDER;1
DEFICIENCIES;5
DESCRIPTIONS;5
DEVELOPMENTS;5
EXAMINATIONS;76
EXPERIENCING;0
FOREIGN BANK;28
FUNCTIONS OF;57
IMPLICATIONS;3
INCORPORATED;15
INSTITUTIONS;68
INTELLECTUAL;0
INTERMEDIATE;4
INTERMITTENT;0
INTERRUPTION;0
INTERVENTION;0
JURISDICTION;154
MARKET SHARE;5
MODIFICATION;37
MULTILATERAL;5
NONDELEGABLE;2
NOTIFICATION;35
ORGANIZATION;73
PARTICIPANTS;68
PARTICIPATED;6
PARTICIPATES;7
PROFESSIONAL;24
PROGRAMMATIC;2
REEVALUATION;0
REGISTRATION;112
REIMBURSABLE;0
REQUIREMENTS;458
SHAREHOLDERS;29
STAKEHOLDERS;1
STRESS TESTS;0
SUBSIDIARIES;35
TRANSACTIONS;194
UNAFFILIATED;7
UNAUTHORIZED;0
UNEXPECTEDLY;0
ON BEHALF OF;63
PARAGRAPH 13;13
PARAGRAPH 1A;35
PARAGRAPH 1B;21
PARAGRAPH 22;6
PARAGRAPH 2A;21
PARAGRAPH 2B;20
PARAGRAPH 3B;9
PARAGRAPH 4B;9
PARAGRAPH 6B;2
REGULATION D;2
SECTION 10B3;0
SECTION 113B;0
SECTION 115C;0
SECTION 165A;0
SECTION 165D;0
SECTION 46A2;0
SECTION 4K4E;0
SECTION 4K6B;1
SECTION 5314;0
SECTION 5316;1
SECTION 7AC8;1
SUBSECTION A;225
SUBSECTION B;176
SUBSECTION C;62
SUBSECTION D;42
SUBSECTION E;37
THIS SECTION;733
EARLIER THAN;8
GREATER THAN;9
IN THE PLACE;2
RESPECTIVELY;76
SPECIFICALLY;36
DEFINITIONAL;1
SUBPARAGRAPH;86
ESTABLISHING;55
IMPLEMENTING;31
PROHIBITIONS;11
RESTRICTIONS;31
10000000000;13
15000000000;0
50000000000;8
APPROPRIATE;522
ENFORCEABLE;34
IMMEDIATELY;36
MAY 19 2010;0
SHORT-DATED;0
SIGNIFICANT;60
ACCEPTANCES;3
ACCOMPANIED;5
ACCUMULATED;0
ACQUISITION;30
ADJUSTMENTS;25
ANTIEVASION;0
APPLICATION;99
APPOINTMENT;97
ASSESSMENTS;50
AUTHORITIES;100
CHAIRPERSON;32
COMBINATION;9
COMMINGLING;2
COMMODITIES;25
COMMUNITIES;12
COMPENSATED;5
COMPETITIVE;21
COMPUTATION;1
CONCURRENCE;5
CONFLICTING;3
CONSOLIDATE;2
CONTRACTUAL;15
CONTROLLING;13
CONVERTIBLE;1
COORDINATED;9
CORPORATION;750
DATA CENTER;0
DEFINITIONS;108
DERIVATIVES;26
DESCRIPTION;64
DETERMINING;60
DEVELOPMENT;40
DIFFERENCES;11
DISCUSSIONS;1
DISRUPTIONS;4
DIVESTITURE;6
DUPLICATION;1
DUPLICATIVE;2
ENDORSEMENT;0
ENFORCEMENT;277
EVALUATIONS;3
EXAMINATION;130
EXPLANATION;34
FEASIBILITY;12
FORESEEABLE;4
GOVERNMENTS;5
IDENTIFYING;27
INDEPENDENT;60
INDIVIDUALS;56
INFORMATION;685
INSTITUTION;62
INSTRUMENTS;23
INVESTIGATE;11
INVESTMENTS;38
LEGISLATION;6
LEGISLATIVE;19
LIABILITIES;50
LIQUIDATION;69
MARKETPLACE;0
NECESSARILY;1
NON-FEDERAL;1
NONPUBLICLY;2
OBLIGATIONS;140
OPERATIONAL;18
OPPORTUNITY;42
PERFORMANCE;43
PRACTICABLE;29
PRESCRIBING;24
PROBABILITY;1
PROCEEDINGS;59
PROCUREMENT;1
PUBLICATION;43
REASONS FOR;10
RECOMMENDED;7
RECRUITMENT;3
REGULATIONS;381
REMEDIATION;16
REPRESENTED;11
REQUIREMENT;112
RESTORATION;0
SECURITIZED;3
SEGREGATION;18
STANDARDIZE;0
STREAMLINED;4
STRESS TEST;0
SUBMISSIONS;6
SUBSTITUTES;0
SUMMARIZING;7
SUPERVISION;77
SUPERVISORS;8
SUPERVISORY;67
TERMINATION;34
THREATENING;1
TRADITIONAL;2
TRANSACTION;415
TRANSFERRED;205
IN LIGHT OF;7
PURSUANT TO;410
REFERRED TO;116
RELATING TO;250
12 USC 3207;0
PARAGRAPH 1;372
PARAGRAPH 2;206
PARAGRAPH 3;88
PARAGRAPH 4;77
PARAGRAPH 6;24
SECTION 102;8
SECTION 113;4
SECTION 115;0
SECTION 119;0
SECTION 120;1
SECTION 152;0
SECTION 153;0
SECTION 154;0
SECTION 165;1
SECTION 167;0
SECTION 4J1;0
SECTION 4J2;0
SECTION 4J3;0
SECTION 552;19
SECTION 553;11
SECTION 7D3;0
SECTION 7E1;0
SECTION 8B3;0
SUBSECTIONS;34
SUBTITLE BS;0
DENOMINATOR;0
IN ADDITION;0
IN ANY CASE;9
IN ORDER TO;65
LONGER THAN;3
OR AT LEAST;0
RELEVANT TO;17
BEING TAKEN;0
SHORT TITLE;14
ESTABLISHED;260
ESTABLISHES;5
LIMITATIONS;82
PROHIBITING;14
PROHIBITION;57
PROMULGATED;24
TAKE EFFECT;57
25 PERCENT;2
5000000000;0
85 PERCENT;1
ACCEPTABLE;12
ADEQUATELY;8
CONSISTENT;118
INADEQUATE;2
INDIRECTLY;63
NEGATIVELY;1
REASONABLE;132
SEMIANNUAL;11
SUFFICIENT;31
ACCOUNTING;86
ACTIVITIES;260
ADJUSTMENT;27
ADMINISTER;21
AFFILIATED;14
AFFILIATES;37
ANALYTICAL;2
APPLICANTS;14
ASSESSMENT;56
ASSIGNABLE;0
ASSIGNMENT;18
ASSISTANCE;102
BANKRUPTCY;21
BASED UPON;19
BUSINESSES;10
CAPRICIOUS;5
COLLATERAL;34
COLLECTING;13
COLLECTION;33
COMMENCING;6
COMMERCIAL;46
COMMISSION;1567
COMMITTEES;31
COMPARABLE;52
COMPLEXITY;1
COMPLIANCE;280
COMPONENTS;2
COMPROMISE;5
CONDITIONS;120
CONDUCT OF;26
CONDUCTING;41
CONFIDENCE;6
CONSIDERED;66
CONSIST OF;3
CONSTITUTE;16
CONSULTING;8
CONTAINING;21
CONTINGENT;11
CONTROLLED;34
CONVERSION;24
COORDINATE;48
CREATIVITY;1
DEFINITION;96
DEPARTMENT;55
DESCRIBING;23
DEVELOPING;14
DISABILITY;3
DISCLOSURE;106
DISCRETION;84
DISCUSSION;4
DISPUTANTS;0
DISRUPTION;6
DUE REGARD;1
EFFICIENCY;8
EMPLOYMENT;43
ENTERPRISE;8
ENUMERATED;29
EVALUATION;22
EXECUTIVES;5
EXERCISING;15
EXPERIENCE;8
EXPIRATION;27
EXTENSIONS;8
EXTERNALLY;2
FACILITATE;42
FACILITIES;38
FULFILLING;2
GOVERNMENT;112
GUARANTEED;16
GUARANTEES;9
HEIGHTENED;4
HISTORICAL;3
HOUSEHOLDS;3
IDENTIFIES;4
IMPORTANCE;9
IMPOSITION;6
INCIDENTAL;22
INCREASING;10
INDICATORS;1
INDIVIDUAL;118
INITIATIVE;13
INNOVATION;3
INSOLVENCY;33
INTERLOCKS;0
INVESTMENT;135
LEADERSHIP;2
LOW-INCOME;8
MAINTAINED;31
MANAGEMENT;112
MECHANISMS;13
MEMBERSHIP;23
MITIGATION;3
MITIGATORY;0
MONITORING;27
NONBINDING;0
OBJECTIVES;34
OBTAINABLE;0
OPERATIONS;48
PARAMETERS;1
PERCENTAGE;62
PERFORMING;48
PERMISSION;3
PERMISSIVE;0
PERSONALLY;16
PRINCIPLES;11
PRIORITIES;6
PROCEDURES;208
PROCEEDING;113
PRODUCTION;30
PROMULGATE;30
PROVISIONS;262
PRUDENTIAL;27
REDEMPTION;6
REEVALUATE;0
REFERENCES;9
REFINEMENT;0
REFLECTING;0
REGISTERED;352
REGULATION;287
REGULATORS;38
REGULATORY;163
RESCISSION;10
RESOLUTION;70
RESPECTIVE;10
RISK-BASED;10
SAFEGUARDS;11
SECURITIES;453
SEPARATION;3
SETTLEMENT;77
SHORT-TERM;3
STATE BANK;28
STATEMENTS;23
STRINGENCY;0
SUBMISSION;45
SUBMITTING;9
SUBSIDIARY;152
SUCCESSION;1
SUPERVISED;30
SUPERVISOR;9
SYSTEMWIDE;0
TAX-EXEMPT;1
TECHNIQUES;1
TECHNOLOGY;7
THREATENED;1
TRANSITION;24
UNDERTAKEN;11
APPLICABLE;215
AS FOLLOWS;49
IDENTIFIED;67
IN GENERAL;612
PARTICULAR;30
SUBSEQUENT;16
THEREAFTER;35
THEREUNDER;41
CHAPTER 51;1
CHAPTER 53;1
SECTION 15;10
SECTION 38;1
SECTION 4C;16
SECTION 4K;7
SECTION 8A;8
SECTION 8T;0
SUBTITLE A;12
SUBTITLE B;41
THIS TITLE;569
TITLE VIII;1
AS LONG AS;3
BECAUSE OF;14
CONCERNING;51
EQUIVALENT;22
EXCEPTIONS;35
FEWER THAN;16
LIMITED TO;22
PREVIOUSLY;8
REPRESENTS;7
SUBJECT TO;498
ADDITIONAL;117
DEDUCTIONS;0
AMENDMENTS;148
PARAGRAPHS;33
RULEMAKING;108
LIMITATION;87
AUTHORIZED;161
AUTHORIZES;11
DESIGNATED;123
DETERMINED;132
DETERMINES;193
EXEMPTIONS;30
PRESCRIBED;210
SUPERVISES;1
15 MONTHS;2
18 MONTHS;19
ADVISABLE;4
NECESSARY;284
NO LONGER;6
PRIMARILY;14
QUARTERLY;5
REGULARLY;9
STRINGENT;2
ACADEMICS;3
AFFILIATE;122
APPLICANT;33
APPOINTED;98
ARBITRARY;5
ASSEMBLED;2
ASSESSING;17
ASSISTING;6
AUTHORITY;511
AVAILABLE;233
BONA FIDE;29
BORROWING;24
CARRY OUT;103
CERTIFIED;35
CHARTERED;22
COLLECTED;52
COMMITTEE;114
COMPANIES;136
COMPONENT;2
COMPUTING;5
CONCERNED;5
CONDITION;35
CONDUCTED;87
CONFIRMED;3
CONSIDERS;13
CONTRACTS;135
CONTUMACY;3
CONVERTED;2
CREDITORS;44
CURRENTLY;5
DECISIONS;20
DEPOSITED;33
DIRECTION;10
DIRECTORS;125
DISPUTING;0
EMERGENCY;41
EMPLOYEES;181
ENCOURAGE;12
EXECUTION;33
EXERCISES;2
EXPERTISE;15
EXPOSURES;13
EXPRESSED;6
EXTENSION;65
EXTRINSIC;0
FINANCIAL;387
FOREGOING;5
FUNCTIONS;111
GAO AUDIT;2
GOVERNORS;4
GUARANTEE;57
HAPPENING;0
HIGH-RISK;1
IMPLEMENT;48
INSOLVENT;17
INSURANCE;223
INTEGRITY;34
INTERFERE;2
INTRINSIC;0
LEVERAGED;4
LIABILITY;40
LIQUIDITY;27
LONG-TERM;9
MATERIALS;25
MECHANISM;3
NOMINATED;0
OFFICIALS;6
OMISSIONS;1
OPERATING;31
OPERATION;48
ORGANIZED;18
OVERSIGHT;73
OWNERSHIP;27
PERSONNEL;44
PHASED IN;0
POSITIONS;70
POTENTIAL;91
PRACTICES;81
PREFERRED;2
PRESENTED;7
PRESIDENT;37
PRINCIPAL;107
PRINCIPLE;3
PRIVILEGE;24
PROCEDURE;35
PROCESSES;11
PROPOSALS;5
PROTECTED;6
PROVIDERS;6
PROVIDING;136
PROVISION;374
PURCHASED;13
PURCHASES;14
QUALIFIED;24
RATIONALE;1
RECEIVING;28
RECOMMEND;16
REFERENCE;13
REGULATOR;35
REPAYMENT;32
REPORTING;143
REPRESENT;7
RESCINDED;2
RESULTING;24
RETENTION;45
REVISIONS;4
RISKINESS;0
SAFEGUARD;3
SECRETARY;313
SELECTION;9
SIGNATURE;4
SOUNDNESS;38
SPREADING;1
STABILITY;24
STANDARDS;258
STATEMENT;72
STRUCTURE;22
SUBMITTED;73
SUBPOENAS;9
SUCCESSOR;42
TAXPAYERS;18
TECHNICAL;18
TEMPORARY;26
TERMINATE;31
TESTIMONY;40
THRESHOLD;16
TIMEFRAME;0
TIMELINES;3
TREATMENT;62
UTILITIES;19
VALUATION;18
VIOLATION;190
WORKFORCE;11
BE SERVED;22
DIFFERENT;26
FOLLOWING;713
GENERALLY;20
2 CONTENT;12
CLAUSE II;52
SECTION 2;21
SECTION 3;45
SECTION 4;32
SECTION 7;1
SECTION 8;33
EXCLUDING;7
BEGINNING;20
EXCEPT AS;149
INCLUDING;710
INCLUSION;12
LESS THAN;54
MORE THAN;81
NUMERATOR;0
OTHERWISE;256
REGARDING;234
SIMILARLY;12
DEDUCTION;2
CONSTRUED;118
DESCRIBED;597
DETAILING;7
EFFECTIVE;74
ENACTMENT;276
INSERTING;1061
LISTED IN;10
SUPERSEDE;7
MANDATORY;35
DETERMINE;167
ENFORCING;11
ESTABLISH;221
EXCEPTION;68
EXEMPTING;2
EXEMPTION;93
PERMITTED;64
PRESCRIBE;195
REGULATED;62
REQUESTED;34
REQUIRING;46
SET FORTH;40
SPECIFIED;49
SUPERVISE;5
120 DAYS;5
180 DAYS;38
24 HOURS;5
ANNUALLY;34
CREDIBLE;4
DIRECTLY;123
PERIODIC;21
POSSIBLE;28
PROMPTLY;23
PROPERLY;4
RELEVANT;57
ACADEMIC;2
ACCOUNTS;57
ACTIVITY;78
ADEQUACY;13
ADOPTING;8
ADVISORS;8
ADVISORY;43
AGENCIES;157
AGREEING;2
ANALYSES;4
ANALYSIS;55
ANALYTIC;1
APPLYING;7
APPROVED;36
ATTRACTS;1
AVOIDING;9
BASELINE;7
BELIEVES;4
BENEFITS;75
BUSINESS;169
CAPACITY;61
CARRYING;43
CATEGORY;54
CHAIRMAN;61
CHANNELS;10
CLEARING;214
COMMENTS;11
CONCERNS;21
CONDUCTS;10
CONGRESS;149
CONSIDER;66
CONTEMPT;5
CONTINUE;44
CONTRACT;362
CONTROLS;54
CREDITED;27
CRITERIA;39
DATABASE;9
DECISION;52
DECLINES;0
DELIVERY;73
DEPOSITS;47
DERIVING;0
DESIGNEE;16
DETAILED;7
DIRECTOR;479
DISPUTES;3
DISTRESS;4
DISTRICT;55
DOMESTIC;10
ECONOMIC;40
ELIGIBLE;32
EMERGING;2
EMPLOYED;31
EMPLOYEE;172
ENFORCED;19
ENGAGING;15
ENHANCED;18
ENTIRETY;2
ENTITIES;154
EQUALITY;0
ESTIMATE;16
EXCHANGE;97
EXCLUDED;15
EXERCISE;101
EXISTING;63
EXPEDITE;1
EXPENDED;10
EXPENSES;46
EXPLICIT;1
EXPOSURE;12
FAILURES;1
FINDINGS;46
FULFILLS;1
GUIDANCE;24
HEARINGS;6
IDENTIFY;55
IMPLICIT;0
IMPOSING;12
INCLUDES;66
INDIRECT;13
INDUSTRY;24
INFORMED;9
INITIATE;29
INTENDED;17
INTEREST;245
INVESTED;12
INVESTOR;53
INVOLVED;24
ISSUANCE;49
JUDGMENT;30
LEVERAGE;12
MAINTAIN;91
MAJORITY;22
MANAGING;5
MATERIAL;85
MATURITY;9
MEASURES;31
MEETINGS;10
MINORITY;24
NATIONAL;124
NOTIFIED;8
OBTAINED;40
OFFICERS;22
OFFICIAL;15
OPERATES;14
OVERSEEN;0
PATTERNS;2
PHASE-IN;0
POLICIES;81
POSITION;96
PRACTICE;61
PRESENTS;8
PROBLEMS;11
PROCEEDS;20
PRODUCTS;52
PROGRAMS;61
PROJECTS;3
PROPERTY;232
PROPOSED;109
PROSPECT;3
PROVIDES;81
PUBLICLY;29
PUNISHED;4
PURPOSES;405
RECEIPTS;14
RECEIVED;107
RECEIVER;283
RECEIVES;46
RECOURSE;0
REFERRAL;8
REGISTER;54
RELIANCE;10
REMEDIAL;0
REMEDIES;33
REPORTED;27
REQUESTS;28
RESEARCH;15
RESUBMIT;1
REVISION;4
RULES OF;76
SCHEDULE;18
SECURITY;218
SEPARATE;35
SERVICES;239
SEVERELY;0
SOFTWARE;10
STANDARD;60
SUBPOENA;23
TELEWORK;1
TRAINING;13
TRANSFER;204
TREASURY;25
VALIDATE;0
VIOLATED;14
DOES NOT;170
SPECIFIC;56
THEREFOR;5
1 NOTICE;4
SUBTITLE;10
THIS ACT;330
TITLE 11;13
TITLE 31;20
TITLE II;9
WHENEVER;14
AT LEAST;41
EQUAL TO;39
NOT ONLY;0
PROVIDED;428
DEDUCTED;4
INCREASE;42
MAXIMIZE;6
MINIMIZE;25
BASED ON;81
DESCRIBE;16
MEANINGS;18
STATUTES;6
STRIKING;994
TAILORED;1
ALLOWING;7
APPROVAL;69
ENSURING;11
EVALUATE;22
LIMITING;31
MITIGATE;26
PROHIBIT;23
REQUIRED;506
REQUIRES;23
RESTRICT;13
10 DAYS;6
14 DAYS;1
15 DAYS;5
180-DAY;8
2 YEARS;22
30 DAYS;46
5 YEARS;28
6 YEARS;3
60 DAYS;31
90 DAYS;46
ALREADY;8
SHORTER;6
ABILITY;84
ABSENCE;9
ACCOUNT;187
ACQUIRE;21
ACTIONS;121
ADDRESS;43
ADVANCE;33
ADVERSE;6
AMOUNTS;122
APPLIED;35
APPOINT;19
ARISING;62
BACK-UP;3
BANKERS;3
BANKING;41
BELIEVE;24
BENEFIT;52
BINDING;4
CAPITAL;81
CATALOG;0
CHANGED;3
CHANGES;38
CLASSES;18
COLLECT;16
COMMENT;26
COMPANY;158
COMPLEX;16
CONDUCT;191
CONSENT;44
CONSULT;64
CONTAIN;36
CONTEST;0
CONTROL;79
COUNCIL;165
COUNSEL;26
COUNTRY;25
COVERED;42
CREATED;10
CURTAIL;0
DECLINE;4
DEFINED;326
DERIVED;14
DEVELOP;24
DISCUSS;1
DISMISS;2
DISPUTE;12
DISRUPT;1
ECONOMY;9
EFFECTS;19
EFFORTS;32
ENGAGED;88
ENHANCE;14
EVASION;18
EXAMINE;26
EXCLUDE;13
EXPLAIN;1
FACTORS;42
FAILURE;38
FEDERAL;523
FINANCE;82
FOREIGN;150
FORMATS;8
FUNDING;48
FUTURES;59
HEARING;71
HOUSING;112
IMPOSED;71
IMPROVE;27
INCLUDE;240
INITIAL;45
INSURED;77
INTERIM;23
INVITED;0
ISSUING;23
LENDING;58
LETTERS;0
LOCATED;46
MANAGED;11
MARKETS;70
MEASURE;15
MEETING;22
MEMBERS;105
MISSION;7
MONITOR;31
NONBANK;10
NOTICES;6
OFFICER;131
OFFICES;8
ONGOING;16
OPTIONS;34
ORDERLY;64
OUTCOME;3
PARTIES;27
PARTNER;10
PAYMENT;188
PERFORM;56
PERIODS;22
PERSONS;194
PLEDGED;8
PORTION;28
PREPARE;28
PRIMARY;33
PRIVATE;50
PROCESS;82
PRODUCT;67
PROFILE;0
PROMOTE;36
PROTECT;44
PROVIDE;318
PUBLISH;27
PURPOSE;69
QUALIFY;8
REASONS;12
RECEIPT;61
RECEIVE;62
RECORDS;131
REPORTS;206
REQUEST;155
RESCIND;7
RESOLVE;20
RESPOND;8
RESULTS;52
RETAINS;7
ROLE OF;11
SERVICE;104
SERVING;25
SETTING;23
SHARING;18
SOURCES;21
SPECIAL;47
SPONSOR;12
STARTUP;1
STATING;5
STUDIES;10
SUBJECT;37
SUCCEED;12
SUMMARY;9
SUPPORT;51
SURPLUS;6
SYSTEMS;60
TESTIFY;1
THREATS;0
TRADING;116
TREATED;39
UNSOUND;6
VACANCY;1
VOLUMES;1
WORKING;14
WRITING;64
WRITTEN;109
AGAINST;156
ANOTHER;62
BETWEEN;109
CERTAIN;96
CURRENT;44
FOLLOWS;48
GENERAL;134
MATTERS;33
OUTSIDE;23
PENDING;18
PRESENT;33
RELATED;125
SAVINGS;39
THEREOF;94
THERETO;45
THROUGH;232
WITHOUT;100
SECTION;40
TITLE 5;83
TITLE I;13
TITLE X;5
JOINTLY;95
NOTHING;92
EXCEEDS;16
GRANTED;41
GREATER;15
IN CASE;3
OVERALL;9
SIMILAR;106
SUCH AS;28
THAT IS;512
WHETHER;269
AVERAGE;9
MAXIMUM;40
MINIMUM;74
SMALLER;7
ADOPTED;36
CHAPTER;18
CONTENT;20
CONTEXT;7
MEANING;71
THEREIN;27
LIMITED;28
AMENDED;642
CONFORM;16
ENFORCE;124
PREVENT;64
REQUIRE;186
2-YEAR;15
3-YEAR;7
60-DAY;11
HIGHLY;3
LIKELY;27
ROBUST;8
TIMELY;50
ABROAD;2
ABSORB;0
ACCESS;92
ACTING;53
ACTION;365
ADJUST;13
ADVICE;71
ADVISE;10
AFFECT;76
AGENCY;432
AGENTS;16
AMOUNT;336
ANNUAL;116
APPEAL;42
APPEAR;14
ASSESS;18
ASSETS;191
ASSIST;22
BACKUP;17
BECOME;43
BELIEF;3
BRANCH;32
BROKER;123
BUDGET;38
BURDEN;9
BUREAU;786
CEASES;3
CHANGE;98
COPIES;13
COURSE;14
COURTS;23
CREATE;13
CREDIT;254
DEALER;148
DEFINE;27
DEGREE;11
DENIES;2
DETAIL;7
DIRECT;45
DIVEST;5
DUTIES;104
EFFECT;146
ENGAGE;42
ENTITY;197
EQUITY;53
ETHICS;13
EXISTS;12
EXPERT;0
EXTEND;35
EXTENT;82
FACTOR;9
FAILED;12
FILLED;0
FISCAL;97
FOLLOW;12
FORCED;1
FORMAT;17
FOSTER;1
FUTURE;74
GLOBAL;6
GROUPS;2
GROWTH;5
HARBOR;5
HEADED;2
HIRING;7
HYBRID;10
IMPACT;54
INFORM;10
INTENT;15
INVEST;6
ISSUED;170
ISSUES;57
LEVELS;19
LOSSES;41
MARKET;217
MEMBER;140
MERGER;14
MODELS;18
MODIFY;22
NATURE;51
NOTICE;248
NOTIFY;38
NUMBER;89
OBTAIN;53
OFFICE;254
ORDERS;96
PARENT;13
PERIOD;297
PERSON;904
POLICY;54
POWERS;79
PRICES;5
PUBLIC;308
REDUCE;29
REGARD;31
RELATE;18
RELIED;2
REMAIN;39
REPORT;511
RESULT;45
RETAIN;23
REVIEW;188
REVISE;12
RIGHTS;113
SAFETY;54
SECTOR;18
SECURE;40
SELLER;31
SENATE;140
SENIOR;43
SERIES;2
SHARED;4
SHARES;12
SHIELD;0
SOURCE;26
STAGES;0
STATUS;66
STRESS;2
SUBMIT;157
SYSTEM;168
TAKING;49
TARGET;4
THREAT;13
TIER 1;1
TIMING;17
TRADED;40
UNABLE;9
UNSAFE;3
UPDATE;10
USEFUL;4
VALUES;10
VOTING;10
COMMON;10
DURING;144
GIVING;9
HAVING;51
ITSELF;15
MAKING;92
TOWARD;2
BEFORE;324
DEDUCT;0
EXCEPT;156
HIGHER;17
LONGER;10
RATHER;0
RATIOS;1
SOLELY;64
UNLESS;178
WITHIN;198
EXCEED;69
LESSEN;0
ADDING;262
FILING;60
MANNER;170
MATTER;62
LIMITS;60
SHOULD;58
CANNOT;10
COMPLY;69
DEEMED;96
ENSURE;123
EXEMPT;77
IMPOSE;58
PERMIT;43
WAIVER;29
DAILY;13
GRAVE;0
THIRD;42
UNDUE;4
ADAPT;0
ADOPT;78
AGENT;66
AREAS;35
ARISE;12
ASSET;50
AUDIT;55
AVOID;22
BANKS;57
BASIC;13
BEGIN;8
BOARD;500
BONDS;2
BOOKS;30
BRING;19
CARRY;0
CEASE;3
CLASS;104
COSTS;62
COURT;195
COVER;16
CROSS;0
EARLY;0
EVADE;7
EVENT;31
FAILS;14
FINAL;117
FINDS;41
FIRMS;18
FLOOR;5
FORMS;10
FORUM;1
FUNDS;172
GOODS;26
GRANT;47
HOLDS;19
ISSUE;148
ITEMS;26
JOINT;31
LARGE;16
LEASE;34
LEGAL;83
LEVEL;34
LINES;13
LOANS;110
LOCAL;37
LOWER;5
MEANS;397
MEETS;43
MERGE;3
MINES;4
NAMES;5
NEEDS;20
OFFER;35
ORDER;246
OWNED;32
PARTY;108
PLACE;194
PLANS;34
POOLS;1
POSED;8
POSES;5
PRIOR;80
RAPID;1
RATES;31
RIGHT;78
RISKS;80
ROLES;0
RULES;507
SALES;28
SCALE;0
SCOPE;42
SERVE;52
SHARE;27
SHARP;0
SKILL;3
SMALL;18
SOUND;14
SPEND;0
STAFF;28
STATE;589
STEPS;27
STOCK;36
STUDY;241
SWAPS;213
TESTS;9
TIMES;27
TOOLS;3
TRUST;56
TYPES;40
UNITS;11
VALUE;115
VIEWS;12
YEARS;43
ABOUT;71
ABOVE;7
ALONG;4
AMONG;44
BEING;45
COULD;33
EVERY;28
FORTH;7
GIVEN;23
LATER;21
MAJOR;21
MAKES;40
TAKES;23
THEIR;100
THERE;88
THOSE;67
UNDER;2615
WHICH;936
WHOLE;21
WHOSE;31
WOULD;175
1833B;0
TITLE;23
OTHER;1448
UNTIL;48
WHERE;64
AFTER;857
RATIO;7
TOTAL;97
APPLY;206
BASIS;103
CITED;14
FOUND;23
KNOWN;31
TAKEN;74
TERMS;243
LIMIT;83
ALLOW;25
DEEMS;31
SHALL;3322
WAIVE;11
AREA;26
BANK;174
BEAR;8
BEST;16
BODY;19
CALL;15
COST;52
DATA;224
DATE;650
DEBT;85
DEEP;0
DUAL;6
FEES;108
FORM;120
FREE;9
FULL;29
FUND;244
GAPS;6
HARM;12
HEAD;16
HELD;82
HOME;81
KEEP;7
KEPT;7
LAST;10
LAWS;87
LEAD;5
LIST;27
LOAN;289
LOSS;53
MEET;65
NEED;22
OATH;7
OBEY;11
ORAL;16
OWNS;7
PAID;66
PLAN;130
POSE;15
RATE;100
RELY;8
RISK;104
RULE;423
SAFE;24
SALE;183
SEEK;20
SELL;22
SIZE;36
SOLD;18
TEST;4
TIME;236
TYPE;70
UPON;217
USED;147
VOTE;47
WAYS;11
WIDE;2
WORK;29
YEAR;218
BEEN;187
FROM;674
GIVE;18
HAVE;423
INTO;241
MADE;363
MAKE;196
PART;73
SAME;198
SOME;8
SUCH;2692
TAKE;113
THAN;243
THAT;2499
THEM;6
THEY;18
THIS;145
WERE;81
WHAT;22
WHOM;44
WILL;130
WITH;1181
ACTS;53
FACA;1
VIII;25
BOTH;53
EACH;670
WHEN;80
ALSO;45
LIKE;13
MORE;141
NEXT;4
ONLY;103
SOLE;33
THEN;32
LESS;20
OVER;66
ITEM;19
MEAN;9
RISE;10
SETS;12
TERM;730
DEEM;9
2/3;15
FIX;7
JOB;3
KEY;1
LAW;441
MIX;1
NEW;156
OUT;65
PAY;110
SEC;472
USE;216
ARE;702
FOR;2926
HAD;32
HAS;457
ITS;318
MAY;1324
ONE;55
OUR;1
OWN;36
THE;23903
WAS;175
WHO;284
101;6
102;4
113;1
115;0
119;0
120;9
152;0
153;0
154;0
165;0
167;0
ACT;168
III;451
VII;43
ALL;452
ANY;3835
AND;8724
BUT;101
NON;50
NOR;15
NOT;1058
WHY;12
END;448
12;71
15;70
23;14
62;11
EC;128
IT;167
US;120
VI;63
AN;1590
AT;725
BE;2035
BY;4731
DO;37
IN;5580
IS;1952
OF;13722
ON;1619
TO;6182
11;67
16;21
17;18
B2;7
F1;4
II;1080
IV;223
IX;21
NO;304
AS;2510
IF;541
OR;8480
1;1224
2;1035
3;611
4;399
5;296
6;222
7;268
8;160
9;210
A;7745
I;1214
B;1614
C;1067
D;718
E;677
F;248
H;172
J;50
K;42
L;90
M;78
N;103
R;167
T;134
V;151
X;54
Y;30
