PERSON ASSOCIATED WITH A SECURITY-BASED SWAP DEALER OR MAJOR SECURITY-BASED SWAP PARTICIPANT;0
ASSOCIATED PERSON OF A SECURITY-BASED SWAP DEALER OR MAJOR SECURITY-BASED SWAP PARTICIPANT;0
THE FEDERAL DEPOSIT INSURANCE CORPORATION IMPROVEMENT ACT OF 1991;3
THE EMPLOYEE RETIREMENT INCOME SECURITY ACT OF 1974 29 USC 1002;0
HOUSING ENTERPRISES FINANCIAL SAFETY AND SOUNDNESS ACT OF 1992;2
ASSOCIATED PERSON OF A SWAP DEALER OR MAJOR SWAP PARTICIPANT;0
THE WALL STREET TRANSPARENCY AND ACCOUNTABILITY ACT OF 2010;6
DODD-FRANK WALL STREET REFORM AND CONSUMER PROTECTION ACT;21
WALL STREET TRANSPARENCY AND ACCOUNTABILITY ACT OF 2010;0
ACCURATE CONFIRMATION PROCESSING NETTING DOCUMENTATION;0
THE SECURITIES EXCHANGE ACT OF 1934 15 USC 78A ET SEQ;13
THE EMPLOYEE RETIREMENT INCOME SECURITY ACT OF 1974;1
THE INTERNATIONAL BANKING ACT OF 1978 12 USC 3101B7;0
THE INTERNATIONAL BANKING ACT OF 1978 12 USC 3106A;2
COMMITTEES ON AGRICULTURE NUTRITION AND FORESTRY;0
THE BANK HOLDING COMPANY ACT OF 1956 12 USC 1841;3
THE BANK HOLDING COMPANY ACT OF 1965 12 USC 1841;0
THE SECURITIES EXCHANGE ACT OF 1934 15 USC 78P-2;0
COMMITTEE ON AGRICULTURE NUTRITION AND FORESTRY;1
THE COMMODITY FUTURES MODERNIZATION ACT OF 2000;0
THE SECURITIES EXCHANGE ACT OF 1934 15 USC 78CA;7
THE SECURITIES EXCHANGE ACT OF 1934 15 USC 78DD;0
THE SECURITIES EXCHANGE ACT OF 1934 15 USC 78FA;0
THE SECURITIES EXCHANGE ACT OF 1934 15 USC 78IB;0
THE SECURITIES EXCHANGE ACT OF 1934 15 USC 78MF;1
THE SECURITIES EXCHANGE ACT OF 1934 15 USC 78MM;0
THE SECURITIES EXCHANGE ACT OF 1934 15 USC 78OB;3
THE SECURITIES EXCHANGE ACT OF 1934 15 USC 78SB;5
COMMITTEE ON BANKING HOUSING AND URBAN AFFAIRS;96
THE FARM CREDIT ACT OF 1971 12 USC 2001 ET SEQ;3
THE SECURITIES EXCHANGE ACT OF 1934 15 USC 78F;0
THE SECURITIES EXCHANGE ACT OF 1934 15 USC 78I;1
THE SECURITIES EXCHANGE ACT OF 1934 15 USC 78L;0
THE SECURITIES EXCHANGE ACT OF 1934 15 USC 78M;3
THE SECURITIES EXCHANGE ACT OF 1934 15 USC 78O;23
THE SECURITIES EXCHANGE ACT OF 1934 15 USC 78Q;6
THE SECURITIES EXCHANGE ACT OF 1934 15 USC 78Y;0
THE FEDERAL DEPOSIT INSURANCE ACT 12 USC 1813;20
COMMITTEE ON FINANCIAL SERVICES OF THE HOUSE;84
EXTERNAL AUDIT FINDINGS SELF-REPORTED ERRORS;0
THE FEDERAL ADVISORY COMMITTEE ACT 5 USC APP;2
THE SECURITIES ACT OF 1933 15 USC 77A ET SEQ;3
THE SARBANES-OXLEY ACT OF 2002 15 USC 7246B;1
SECTION 552A OF TITLE 5 UNITED STATES CODE;2
COVERED JUDICIAL OR ADMINISTRATIVE ACTION;7
OFFICE OF THE COMPTROLLER OF THE CURRENCY;107
BANK PRODUCTS ACT OF 2000 7 USC 27 ET SEQ;0
THE COMMODITY EXCHANGE ACT 7 USC 1 ET SEQ;3
THE FEDERAL RESERVE ACT 12 USC 601 ET SEQ;0
SECURITY-BASED SWAP EXECUTION FACILITY;1
THE SECURITIES ACT OF 1933 15 USC 77BA;1
FEDERAL DEPOSIT INSURANCE CORPORATION;105
FINANCIAL STABILITY OVERSIGHT COUNCIL;13
MAJOR SECURITY-BASED SWAP PARTICIPANT;0
STANDARDIZED ALGORITHMIC DESCRIPTIONS;0
REVISED STATUTES OF THE UNITED STATES;13
THE COMMODITY EXCHANGE ACT 7 USC 12A7;0
THE COMMODITY EXCHANGE ACT 7 USC 21R1;0
THE COMMODITY EXCHANGE ACT 7 USC 25A1;0
THE COMMODITY EXCHANGE ACT 7 USC 6CA1;0
THE COMMODITY EXCHANGE ACT 7 USC 7A-1;1
THE SECURITIES ACT OF 1933 15 USC 77E;0
THE SECURITIES ACT OF 1933 15 USC 77Q;0
COMMODITY FUTURES TRADING COMMISSION;58
FEDERAL ENERGY REGULATORY COMMISSION;0
INTERNATIONAL FINANCIAL INSTITUTIONS;0
THE BANK HOLDING COMPANY ACT OF 1956;15
THE COMMODITY EXCHANGE ACT 7 USC 2A1;0
THE COMMODITY EXCHANGE ACT 7 USC 2C2;0
THE COMMODITY EXCHANGE ACT 7 USC 6C1;0
THE COMMODITY EXCHANGE ACT 7 USC 6M3;0
SECURITY-BASED SWAP DATA REPOSITORY;1
ALASKA NATIVE CLAIMS SETTLEMENT ACT;0
BANK PRODUCTS ACT OF 2000 7 USC 27A;0
THE COMMODITY EXCHANGE ACT 7 USC 12;1
THE COMMODITY EXCHANGE ACT 7 USC 13;0
THE COMMODITY EXCHANGE ACT 7 USC 16;0
THE COMMODITY EXCHANGE ACT 7 USC 21;0
THE COMMODITY EXCHANGE ACT 7 USC 24;0
THE INVESTMENT ADVISERS ACT OF 1940;48
THE SECURITIES EXCHANGE ACT OF 1934;66
APPROPRIATE FEDERAL BANKING AGENCY;147
BANK FOR INTERNATIONAL SETTLEMENTS;0
REGIONAL TRANSMISSION ORGANIZATION;0
SECURITIES AND EXCHANGE COMMISSION;71
THE COMMODITY EXCHANGE ACT 7 USC 2;0
THE COMMODITY EXCHANGE ACT 7 USC 6;0
THE COMMODITY EXCHANGE ACT 7 USC 7;0
THE COMMODITY EXCHANGE ACT 7 USC 9;0
THE INVESTMENT COMPANY ACT OF 1940;23
DERIVATIVES CLEARING ORGANIZATION;4
PREDISPUTE ARBITRATION AGREEMENTS;2
THE FEDERAL DEPOSIT INSURANCE ACT;60
PREDISPUTE ARBITRATION AGREEMENT;4
SAVINGS AND LOAN HOLDING COMPANY;45
FEDERAL RULES OF CIVIL PROCEDURE;7
COLLECTIVE BARGAINING AGREEMENT;4
ENVIRONMENTAL PROTECTION AGENCY;1
MATERIAL ANTICOMPETITIVE BURDEN;0
SECURITIES EXCHANGE ACT OF 1934;14
THE FUTURES TRADING ACT OF 1982;0
ACCURATE TRADE RECONSTRUCTIONS;0
EDUCATION INITIATIVES DESIGNED;0
IMPLEMENT CONFLICT-OF-INTEREST;0
INSURED DEPOSITORY INSTITUTION;157
PAYMENT AND SETTLEMENT SYSTEMS;0
UNITED STATES COURT OF APPEALS;3
ELIGIBLE CONTRACT PARTICIPANT;0
INTERNAL REVENUE CODE OF 1986;12
SECURITY-BASED SWAP AGREEMENT;1
AUDITED FINANCIAL STATEMENTS;5
DISTRICT OF COLUMBIA CIRCUIT;2
ELECTRONIC MATCHING PLATFORM;0
ELECTRONIC TRADING PLATFORMS;0
REVERSE REPURCHASE AGREEMENT;3
SELF-REGULATORY ORGANIZATION;40
ADMINISTRATIVE PROCEDURE ACT;0
FEDERAL SAVINGS ASSOCIATION;53
FUTURES COMMISSION MERCHANT;6
GLOBAL RULEMAKING TIMEFRAME;0
MEMORANDUM OF UNDERSTANDING;8
TECHNOLOGICALLY PRACTICABLE;0
WRITTEN PETITION REQUESTING;0
THE SECURITIES EXCHANGE ACT;0
DAMAGES PROXIMATELY CAUSED;0
DEPARTMENT OF THE TREASURY;21
FARM CREDIT ADMINISTRATION;10
GAINS AND LOSSES RESULTING;0
REAL-TIME PUBLIC REPORTING;0
SECURITY-BASED SWAP DEALER;0
SIMULTANEOUSLY MAINTAINING;0
STATUTORY DISQUALIFICATION;0
FREEDOM OF INFORMATION ACT;4
THE COMMODITY EXCHANGE ACT;10
THE SECURITIES ACT OF 1933;18
CENTRALIZED RECORDKEEPING;0
COMMITTEES ON AGRICULTURE;0
COMMODITY TRADING ADVISOR;6
COVERED FINANCIAL COMPANY;415
FEDERAL REGULATORY AGENCY;2
INDEMNIFICATION AGREEMENT;0
MASTER AGREEMENT CONTAINS;2
NONBANK FINANCIAL COMPANY;36
SECRETARY OF THE TREASURY;33
SPECIAL DAMAGES SUSTAINED;1
STATE SAVINGS ASSOCIATION;37
BANK PRODUCTS ACT OF 2000;1
SUBPARAGRAPHS A THROUGH C;2
SUBPARAGRAPHS D THROUGH F;1
SUBPARAGRAPHS E THROUGH G;0
ADMINISTRATIVE LAW JUDGE;0
COMMITTEE ON AGRICULTURE;1
CONTINUING QUALIFICATION;0
DEMONSTRATES INTENTIONAL;0
ELECTRIC ENERGY APPROVED;0
FOREIGN EXCHANGE FORWARD;0
HOUSE OF REPRESENTATIVES;33
INFORMATIONAL PARTITIONS;0
INSTITUTIONAL SAFEGUARDS;0
SECRETARY OF AGRICULTURE;3
THE HOME OWNERS LOAN ACT;11
ASSET-BACKED SECURITIES;19
BROAD-BASED ELIGIBILITY;4
COLLATERAL REQUIREMENTS;1
COMMODITY POOL OPERATOR;4
CULTURALLY DIVERSE POOL;0
DEPOSITORY INSTITUTIONS;16
EXTERNAL AUDIT FINDINGS;0
MISTAKENLY TRANSMITTING;0
RECORDED COMMUNICATIONS;0
SWAP EXECUTION FACILITY;2
TAKE INTO CONSIDERATION;12
UNREGULATED COMBINATION;0
WITHHOLD VOTES ENTITLED;0
WRITTEN REPRESENTATIONS;0
SUBCLAUSES I THROUGH VI;1
SUBPARAGRAPHS B C AND F;0
SUBPARAGRAPHS C D AND E;2
SUBSECTIONS D E G AND H;0
THE FEDERAL RESERVE ACT;23
IN CONNECTION THEREWITH;4
ATTEMPTED MANIPULATION;0
CEASE AND DESIST ORDER;6
CONTINUING ELIGIBILITY;0
DEPOSITORY INSTITUTION;75
ELECTRONICALLY CAPTURE;0
EXTERNAL AUDIT FINDING;0
MAJOR SWAP PARTICIPANT;1
REPORTING REQUIREMENTS;10
SELF-REGULATORY BODIES;0
SMALL BUSINESS LENDING;1
SUPPORT INFRASTRUCTURE;0
SYSTEMICALLY IMPORTANT;17
UNREASONABLE RESTRAINT;0
COMMODITY EXCHANGE ACT;0
GRAMM-LEACH-BLILEY ACT;5
PARAGRAPHS 1 THROUGH 3;1
PARAGRAPHS 1 THROUGH 4;7
PARAGRAPHS 2 THROUGH 5;2
TO THE MAXIMUM EXTENT;5
AGRICULTURAL PRODUCER;0
ANTICIPATES INCURRING;0
ANTICIPATES PROVIDING;0
CLEARING ORGANIZATION;13
CLEARING REQUIREMENTS;0
CONFLICTS OF INTEREST;39
DEPARTMENT OF JUSTICE;1
EDUCATION INITIATIVES;0
EXCESSIVE SPECULATION;0
FINANCIAL INSTITUTION;99
FOREIGN EXCHANGE SWAP;0
INDIVIDUAL PREVAILING;1
PARTICIPANT DIRECTION;0
POLITICAL SUBDIVISION;7
PREDOMINANTLY ENGAGED;9
PROCEEDING INSTITUTED;8
STABLE VALUE CONTRACT;0
SUCCESSFUL RESOLUTION;0
CLAUSES I THROUGH III;7
SECTION 10 15 USC 78J;0
SECTION 15 15 USC 78O;1
SECTION 16 15 USC 78P;0
SECTION 20 15 USC 78T;0
SECTION 408 7 USC 27F;0
SUBCLAUSES II AND III;0
SUBCLAUSES III AND IV;0
SUBPARAGRAPHS A AND B;21
SUBPARAGRAPHS B AND C;7
THE FEDERAL POWER ACT;0
ACTIVITIES CONDUCTED;5
BANK HOLDING COMPANY;116
CAPITAL REQUIREMENTS;31
CLEARING REQUIREMENT;3
CONFLICT OF INTEREST;7
CREDIT DEFAULT SWAPS;0
EXECUTED BILATERALLY;0
EXECUTION FACILITIES;4
FINANCIAL STATEMENTS;9
MARGINING CONFORMING;0
ORIGINAL INFORMATION;7
PARTICIPANT CREATING;0
PRUDENTIAL REGULATOR;44
REPURCHASE AGREEMENT;9
SELF-REPORTED ERRORS;0
SEPARATELY ACCOUNTED;0
SUBSTANTIAL POSITION;0
SWAP DATA REPOSITORY;2
VALIDATED COMPLAINTS;0
SECTION 402 7 USC 27;0
SECTION 9 15 USC 78I;0
LESS FREQUENTLY THAN;14
RULE OF CONSTRUCTION;52
30 LEGISLATIVE DAYS;0
CIVIL MONEY PENALTY;3
COMPROMISE POSITION;1
CREDIT DEFAULT SWAP;1
DEPARTMENT OF LABOR;2
DERIVATIVES MARKETS;1
ENTERPRISE OPERATED;0
FINANCIAL CONDITION;18
FINANCIAL STABILITY;67
GOOD FAITH MISTAKES;0
HEDGING TRANSACTION;0
IMPOSING PRUDENTIAL;0
INFORMATION-SHARING;3
INTERAGENCY WORKING;0
LIQUIDITY PRESSURES;0
MANAGERIAL STRENGTH;0
MARKET MANIPULATION;0
MATURITIES SUITABLE;3
PHYSICAL DELIVERIES;0
POSITION REDUCTIONS;0
PROPRIETARY TRADING;29
PROTOCOLS GOVERNING;0
READILY SUSCEPTIBLE;0
RECRUIT INDIVIDUALS;0
SAVINGS ASSOCIATION;62
SECURITY-BASED SWAP;3
TRADING CONVENTIONS;0
UNSATISFIED PORTION;1
VALIDATED COMPLAINT;0
WRITTEN EXPLANATION;3
IN CONJUNCTION WITH;4
CLAUSES I THROUGH V;1
PARAGRAPHS 3 AND 32;0
SECTION 20 7 USC 24;0
SUBPARAGRAPH A OR B;3
SUBPARAGRAPH F OR H;0
SUBSECTIONS A AND B;22
SUBSECTIONS B AND C;9
SUBSECTIONS C AND D;2
SUBSECTIONS D AND E;1
SUBSECTIONS F AND G;1
THE NATURAL GAS ACT;0
ON THE GROUNDS THAT;1
ALLEGING DISCHARGE;0
DERIVATIVE MARKETS;0
ANTICIPATES OWNING;0
BOARD OF GOVERNORS;518
BORROWED AGREEMENT;0
COMMODITY CONTRACT;6
DISPUTE RESOLUTION;2
ELECTRONIC TRADING;0
FARM CREDIT SYSTEM;5
FEDERAL ASSISTANCE;2
FINANCIAL SERVICES;17
FINANCIALLY SETTLE;0
INTERESTED PARTIES;2
INTRODUCING BROKER;1
INVESTMENT COMPANY;17
MONETARY SANCTIONS;5
NONCASH COLLATERAL;0
NON-DISCRIMINATORY;0
OFFICER PERFORMING;1
PROXIMATELY CAUSED;0
RULES OF THE BOARD;11
SCHEDULED MATURITY;0
SECURITIES-RELATED;1
SETTLEMENT SYSTEMS;0
SPECIFYING TRADING;0
TESTIMONY TOUCHING;0
TOTAL CONSOLIDATED;28
TRACKING UNCLEARED;0
TREAT FUNCTIONALLY;0
IN CONNECTION WITH;145
GRAMM-LEACH-BLILEY;1
PARAGRAPHS 1 AND 2;12
UNITED STATES CODE;150
FOR THE PURPOSE OF;60
IN ACCORDANCE WITH;205
ALLEGES DISCHARGE;1
ANTI-MANIPULATION;0
COMPUTER-READABLE;0
CUSTOMER PROPERTY;16
DEFERRED SHIPMENT;0
DEPOSIT INSURANCE;32
DISASTER RECOVERY;0
ELIGIBLE DEFERRED;0
ELIGIBLE EMPLOYER;0
EQUITY INDEX SWAP;1
FINANCIAL MARKETS;21
FORWARD CONTRACTS;3
HEARING EXAMINING;0
INSURANCE COMPANY;30
JUDICIAL DISTRICT;11
LAWFULLY ACCRUING;0
MARKET OPERATIONS;0
MASTER AGREEMENTS;0
NONENFORCEABILITY;2
PROCEEDS CREDITED;3
PROMOTE PRE-TRADE;0
PUBLIC DISCLOSURE;18
RECKLESSLY EVADES;0
REGULATORY REGIME;0
RELATIVE POSITION;0
TRADING PRACTICES;1
WRITTEN AGREEMENT;5
COMMONLY KNOWN AS;2
SUBSECTION A OR B;8
SUBSECTION B OR C;0
IN THE EVENT THAT;8
INCONSISTENT WITH;12
ACTING IN CONCERT;1
10 BUSINESS DAYS;1
ADVISING SPECIAL;0
ANTIMANIPULATION;0
ATTORNEY GENERAL;43
BECOME EFFECTIVE;28
BELIEVES AFFECTS;0
BENEFICIAL OWNER;6
CEASE AND DESIST;5
COURT OF APPEALS;10
CREDITWORTHINESS;0
EXECUTING TRADES;0
FINANCIAL ENTITY;0
FINANCIAL SYSTEM;66
FOREIGN EXCHANGE;4
FULLY GUARANTEED;2
INSTANT MESSAGES;0
MATURITY OFFERED;0
OPERATIONAL RISK;3
OVER-THE-COUNTER;1
PERIOD BEGINNING;87
RESOURCE PACKAGE;0
RESPONSIBILITIES;42
SECURITIES-BASED;0
SENIORITY STATUS;2
TRADING PRACTICE;0
UNTRUE STATEMENT;0
WITH RELATION TO;0
CLAUSES I AND II;6
LEACH BLILEY ACT;0
PARAGRAPH 1 OR 2;6
PARAGRAPH 1 OR 7;0
SECTION 2C OR 2F;0
FOR THE PURPOSES;24
IN ANY SUCH CASE;0
ACTIVELY TRADED;0
ADVERSE EFFECTS;9
APPROPRIATENESS;3
CHARACTERISTICS;10
COMMERCIAL RISK;0
CONFIDENTIALITY;40
CONSERVATORSHIP;4
CORE PRINCIPLES;0
CREDIT EXPOSURE;30
CREDIT FACILITY;34
CURTAIL TRADING;0
DECISION-MAKING;1
DISCOUNT WINDOW;3
ELECTRONIC MAIL;3
FEDERAL RESERVE;162
IMPLEMENTATIONS;0
INSIDER TRADING;0
INSTRUMENT SOLD;0
INSTRUMENTALITY;18
INTERPRETATIONS;8
JUDICIAL REVIEW;13
LEGAL CERTAINTY;1
ORDINARY COURSE;9
PUBLICLY TRADED;6
REPRESENTATIVES;116
RESPONSIBLE FOR;33
RISK MANAGEMENT;40
RISKS AND COSTS;1
SECURITIES LAWS;32
STATE-CHARTERED;7
TELEPHONE CALLS;1
TRADING VOLUMES;0
TUITION PROGRAM;3
WRITTEN FINDING;3
WRITTEN REQUEST;8
ASSOCIATED WITH;87
IN FAVOR OF THE;3
IN LIEU THEREOF;0
IN THE LIGHT OF;0
THIS SUBSECTION;339
NOTWITHSTANDING;152
UNCONDITIONALLY;2
WITH RESPECT TO;535
RECOMMENDATIONS;141
ACCEPTING BIDS;0
ACCOUNTABILITY;29
ACTUAL DAMAGES;1
ADMINISTRATION;35
ADMINISTRATIVE;61
ANTIDISRUPTIVE;0
BANKING SYSTEM;5
BOARD OF TRADE;4
BROAD SPECTRUM;0
CERTIFIED MAIL;4
CLEARED OPTION;0
CLEARING HOUSE;0
CLEARINGHOUSES;0
CLOSING RANGES;0
COMMODITY POOL;2
COMMODITY SWAP;2
CONSIDERATIONS;37
CORRESPONDENCE;4
COUNTERPARTIES;19
CROSS-CURRENCY;1
DISCRIMINATION;8
EFFECTIVE DATE;77
EXPERT WITNESS;4
FEDERAL AGENCY;56
IDENTIFICATION;19
IMPLEMENTATION;48
INSURED BRANCH;2
INTERMEDIARIES;1
INTERPRETATION;18
INVESTIGATIONS;21
KNOWINGLY FAIL;0
LIQUIDITY RISK;0
MARGIN-SETTING;0
MISAPPROPRIATE;0
MOTION PICTURE;0
ORDER-MATCHING;0
RECOMMENDATION;63
RELATED ACTION;6
REPRESENTATION;10
REPRESENTATIVE;27
RESPONSIBILITY;14
SECURITY-BASED;0
SIMULTANEOUSLY;0
SPECIAL ENTITY;0
SPECIFICATIONS;2
SWAP AGREEMENT;6
TRADE MATCHING;0
TRADING VENUES;0
TRANSPORTATION;1
WHISTLEBLOWERS;11
COMMONLY KNOWN;0
SECTION 457E1A;0
SECTION 723A1B;0
STUDY REQUIRED;56
SUBCHAPTER III;2
SUBPARAGRAPH A;318
SUBPARAGRAPH B;148
SUBPARAGRAPH C;56
SUBPARAGRAPH D;41
SUBPARAGRAPH E;10
SUBPARAGRAPH F;5
SUBPARAGRAPH G;4
SUBPARAGRAPH L;2
SUBSECTION B3B;6
SUBSECTION C1A;3
THIS PARAGRAPH;160
AS A RESULT OF;22
FOR ANY REASON;2
IN ADDITION TO;30
IN THE CASE OF;113
NOT LATER THAN;259
WITH REGARD TO;16
DETERMINATIONS;37
COMPLYING WITH;14
PRIOR APPROVAL;6
APPROPRIATELY;10
DECEMBER 2008;1
IN THE FUTURE;4
SIGNIFICANTLY;10
ADMINISTERING;6
ADMINISTRATOR;5
APPROPRIATION;11
ASSASSINATION;0
AWARD PROGRAM;1
BALANCE SHEET;11
CALCULATE NET;0
CENTRAL BANKS;1
CERTIFICATION;55
CIRCUMSTANCES;9
COMMUNICATION;7
COMPARABILITY;3
COMPREHENSIVE;9
CONGRESSIONAL;5
CONSIDERATION;63
CONTRAVENTION;3
CONTRIBUTIONS;6
CORRESPONDING;2
CREDIT UNIONS;7
CURRENCY SWAP;2
DAILY TRADING;0
DETERMINATION;215
DISCRETIONARY;4
DISSEMINATION;2
DOCUMENTATION;17
EFFECTIVENESS;55
ENVIRONMENTAL;0
EXTINGUISHING;0
FORCE MAJEURE;0
HARMONIZATION;3
INCONSISTENCY;9
INSTITUTIONAL;6
INTEREST RATE;52
INTERNATIONAL;43
INVESTIGATION;27
LAST SENTENCE;3
MANIPULATIONS;0
MANUFACTURING;0
MATERIAL FACT;0
MERCHANDISING;0
NATIONAL BANK;62
NONCOMPLIANCE;9
NONDEFAULTING;1
NONOCCURRENCE;0
NONPRUDENTIAL;0
NORMAL COURSE;3
OF SECURITIES;43
PARTICIPATING;14
PARTICIPATION;23
POSITION DATA;6
QUALITATIVELY;0
RECORDKEEPING;12
REGULATION OF;46
REIMBURSEMENT;13
REINSTATEMENT;3
SELF-REPORTED;0
SYSTEMIC RISK;21
TECHNOLOGICAL;4
THIRD PARTIES;9
TRANSFER DATE;81
UNENFORCEABLE;1
UNITED STATES;365
URBAN AFFAIRS;6
WHISTLEBLOWER;43
APPLICABILITY;15
APPLICABLE TO;86
PARAGRAPH 12A;1
PARAGRAPH 17A;1
PARAGRAPH 18A;0
PARAGRAPH 47B;0
SECTION 12E2B;0
SECTION 15B11;0
SECTION 3A68A;0
SECTION 501C3;2
SECTION 552B3;3
SECTION 721A1;0
SECTION 723A3;0
SECTIONS 2A13;0
SECTIONS 721C;0
SUBCHAPTER II;2
SUBSECTION A1;38
SUBSECTION A2;18
SUBSECTION A3;4
SUBSECTION A4;9
SUBSECTION A7;1
SUBSECTION AA;5
SUBSECTION B1;13
SUBSECTION B2;30
SUBSECTION B4;6
SUBSECTION C1;6
SUBSECTION C2;6
SUBSECTION C7;0
SUBSECTION CC;1
SUBSECTION D1;6
SUBSECTION D2;3
SUBSECTION E1;0
SUBSECTION E2;5
SUBSECTION F1;2
SUBSECTION G1;4
SUBSECTION G2;3
SUBSECTION G3;2
SUBSECTION H1;0
SUBSECTION H2;3
SUBSECTION H6;0
SUBSECTION H7;0
SUBSECTION H8;0
THIS SUBTITLE;102
AS OPPOSED TO;0
CONDITIONALLY;2
IN WHICH CASE;4
PROVIDED THAT;19
REGARDLESS OF;13
TO THE EXTENT;135
TOGETHER WITH;25
REDESIGNATING;89
SUBPARAGRAPHS;5
COMPLIES WITH;6
ESTABLISHMENT;60
INSUFFICIENT;10
PERIODICALLY;8
SUFFICIENTLY;10
AFFIRMATIONS;1
AGRICULTURAL;0
APPROPRIATED;28
ARRANGEMENTS;13
ASSOCIATIONS;28
AVAILABILITY;46
BLOCK TRADES;0
BUSINESS DAY;13
CENTRAL BANK;2
CLEARED SWAP;0
COMMENCEMENT;8
COMMISSIONER;14
COMPENSATION;149
COMPUTERIZED;1
CONCURRENTLY;2
CONFIDENTIAL;37
CONSOLIDATED;19
CONSULTATION;129
COORDINATION;62
COUNTERPARTY;10
CREDIT UNION;14
DESCRIPTIONS;2
DETER ABUSES;0
DEVELOPMENTS;8
DISCIPLINARY;9
DISCRIMINATE;7
DISGORGEMENT;10
DISSEMINATED;0
DISTRIBUTION;14
ECONOMICALLY;4
FDIC INSURED;0
FLOOR BROKER;0
FLOOR TRADER;0
FOREIGN BANK;33
FREQUENCY OF;7
FUNCTIONALLY;1
FUNCTIONS OF;50
GOVERNMENTAL;18
GUARANTEEING;6
IDENTIFIABLE;10
INCORPORATES;0
INDEBTEDNESS;2
INDIVIDUALLY;3
INSTITUTIONS;63
JURISDICTION;120
MANIPULATION;3
MANIPULATIVE;3
MANUFACTURED;4
MANUFACTURES;0
MARKET ABUSE;0
MARKET POWER;0
MERCHANDISES;0
MODIFICATION;39
MULTILATERAL;3
MUNICIPALITY;4
NARROW-BASED;0
NONFINANCIAL;30
NOTIFICATION;30
ORDER ISSUED;15
ORGANIZATION;63
PARTICIPANTS;22
PARTICIPATES;5
PREENACTMENT;0
PRIVATE FUND;29
PROFESSIONAL;31
PROGRAMMATIC;3
PROMULGATING;0
QUANTITATIVE;16
RECEIVERSHIP;28
REGISTRATION;53
REPOSITORIES;4
REQUIREMENTS;358
SATISFACTION;11
SHAREHOLDERS;28
SIGNIFICANCE;5
SIMULTANEOUS;4
SOLICITATION;19
STANDARDIZED;4
SURVEILLANCE;6
SWAP MARKETS;0
SWAPS ENTITY;0
SYSTEMICALLY;0
TRANSACTIONS;113
TRANSMISSION;7
TRANSPARENCY;18
UNAFFILIATED;8
BY VIRTUE OF;8
ON BEHALF OF;60
15 USC 80A3C;1
PARAGRAPH 10;3
PARAGRAPH 11;7
PARAGRAPH 12;6
PARAGRAPH 13;12
PARAGRAPH 14;2
PARAGRAPH 17;2
PARAGRAPH 18;1
PARAGRAPH 1A;33
PARAGRAPH 1B;19
PARAGRAPH 22;6
PARAGRAPH 23;0
PARAGRAPH 28;0
PARAGRAPH 29;0
PARAGRAPH 2A;19
PARAGRAPH 2B;14
PARAGRAPH 30;0
PARAGRAPH 31;0
PARAGRAPH 38;0
PARAGRAPH 39;0
PARAGRAPH 3B;8
PARAGRAPH 40;0
PARAGRAPH 41;1
PARAGRAPH 46;0
PARAGRAPH 4A;4
PARAGRAPH 51;1
PARAGRAPH 5A;1
PARAGRAPH 5B;0
PARAGRAPH 68;0
PARAGRAPH 9A;2
SECTION 1001;0
SECTION 1132;0
SECTION 1221;0
SECTION 1303;0
SECTION 13F1;0
SECTION 13M2;0
SECTION 15B1;0
SECTION 15B4;0
SECTION 15BB;1
SECTION 15C3;0
SECTION 17R1;0
SECTION 201F;0
SECTION 202A;2
SECTION 206A;0
SECTION 206B;0
SECTION 206E;0
SECTION 2112;1
SECTION 22A1;0
SECTION 2A11;1
SECTION 2A13;0
SECTION 2A1A;0
SECTION 2C2A;0
SECTION 2C2B;1
SECTION 2C2D;3
SECTION 2H8B;0
SECTION 303F;0
SECTION 308B;1
SECTION 36A1;0
SECTION 3A10;0
SECTION 3A13;0
SECTION 3A68;0
SECTION 3A77;3
SECTION 3A78;0
SECTION 402B;0
SECTION 403B;0
SECTION 457B;0
SECTION 5136;4
SECTION 552B;0
SECTION 6G1A;0
SECTION 6G5B;0
SECTION 7064;0
SECTION 721B;0
SECTION 721C;0
SECTION 721D;0
SECTIONS 206;0
SECTIONS 2A1;0
SECTIONS 404;0
SECTIONS 408;0
SECTIONS 556;0
SUBCLAUSE II;13
SUBCLAUSE IV;4
SUBSECTION A;247
SUBSECTION B;143
SUBSECTION C;47
SUBSECTION D;39
SUBSECTION E;33
SUBSECTION F;21
SUBSECTION G;11
SUBSECTION I;9
SUBSECTION J;7
SUBSECTION K;7
SUBSECTION M;5
THIS SECTION;629
IN EXCESS OF;11
RESPECTIVELY;68
SPECIFICALLY;28
REDESIGNATED;37
SUBPARAGRAPH;70
ESTABLISHING;36
IMPLEMENTING;30
RESTRICTIONS;32
10000000000;12
50000000000;15
APPROPRIATE;437
ENFORCEABLE;33
JUNE 1 2010;0
PERMISSIBLE;13
SIGNIFICANT;61
SUBSTANTIAL;35
ACCOMPANIED;4
ACQUISITION;34
ALTERNATIVE;18
ANONYMOUSLY;2
APPLICATION;98
APPOINTMENT;97
ARBITRATION;18
ARRANGEMENT;14
ASSESSMENTS;51
ASSOCIATION;59
AUDIT TRAIL;0
AUTHORITIES;90
BACK OFFICE;0
BLOCK TRADE;0
BUCKET SHOP;0
CARRIES OUT;3
CENTRALIZED;1
CERTIFICATE;12
CHAIRPERSON;58
CIRCULATION;1
COMBINATION;9
COMMINGLING;1
COMMISSIONS;10
COMMITMENTS;1
COMMODITIES;6
COMMUNICATE;1
COMPARATIVE;1
COMPETITION;7
COMPETITIVE;25
COMPLAINING;0
COMPOSITION;1
CONFLICTING;3
CONSEQUENCE;1
CONSISTENCY;10
CONSTITUTES;9
CONTEMPLATE;0
CONTINGENCY;2
CONTRIVANCE;0
CONTROLLING;12
CONVENIENCE;2
COOPERATION;4
CORPORATION;768
CREDIT RISK;21
DEFINITIONS;102
DERIVATIVES;9
DESCRIPTION;51
DESIGNATION;24
DETERMINING;59
DETRIMENTAL;2
DEVELOPMENT;40
DIFFERENCES;13
DISCHARGING;0
DISCLOSURES;62
DISPOSITION;22
DISRUPTIONS;2
DISSEMINATE;3
DISTRIBUTED;8
DIVESTITURE;5
DUPLICATIVE;3
ELIGIBILITY;7
ENFORCEMENT;248
EVIDENCE ON;0
EXAMINATION;128
EXIST NOVEL;0
EXPLANATION;33
FACILITATES;3
FEASIBILITY;11
FULFILLMENT;3
FUNCTION OF;21
FURTHERANCE;12
IDENTIFYING;25
INDEPENDENT;57
INDIVIDUALS;52
INFORMATION;566
INSTITUTION;64
INSTRUMENTS;32
INTERAGENCY;0
INVENTORIES;0
INVESTIGATE;6
INVESTMENTS;31
INVOLVEMENT;3
KEEPS BOOKS;0
LEGISLATORS;2
LIABILITIES;54
LIQUIDATION;69
MAINTENANCE;10
MEASUREMENT;0
MERCHANDISE;0
METHODOLOGY;13
MINISTERIAL;1
OBLIGATIONS;115
OPERATIONAL;13
OPPORTUNITY;53
ORIGINATING;4
OUTSTANDING;26
OVERLAPPING;0
PARI-MUTUEL;0
PARTICIPANT;18
PARTNERSHIP;23
PERMUTATION;0
POSSESSIONS;0
PRACTICABLE;29
PREPARATION;6
PRESCRIBING;20
PRESUMPTION;4
PROCEEDINGS;58
PROPRIETARY;9
PROSECUTION;5
PROTECTIONS;7
PUBLICATION;39
REASONS FOR;10
RECOMMENDED;10
REFERENCING;0
REGISTRANTS;0
REGULATIONS;356
REINVESTING;0
REMEDIATION;5
RENEGOTIATE;0
REPRESENTED;10
REQUIREMENT;91
RESTITUTION;6
RETALIATION;4
SEGREGATION;1
SETTLEMENTS;0
SINGLE TYPE;0
SMALL BANKS;0
SPECULATORS;0
SUBMISSIONS;4
SUPERVISION;77
SUPERVISORS;6
SUPPLEMENTS;6
SURROUNDING;0
SWAP DEALER;1
TERMINATION;29
TERRITORIAL;5
TERRITORIES;2
THIRD-PARTY;11
TRADITIONAL;2
TRANSACTION;264
TRANSFERRED;207
TRANSMITTAL;5
TRANSMITTED;8
TRANSPARENT;4
UNDERTAKING;1
UNDERWRITER;17
VOLUNTARILY;4
WALL STREET;0
PURSUANT TO;284
REFERRED TO;108
RELATING TO;208
THERETOFORE;0
15 USC 78J1;0
15 USC 78O7;0
15 USC 78U1;1
GRANDFATHER;0
PARAGRAPH 1;340
PARAGRAPH 2;171
PARAGRAPH 3;88
PARAGRAPH 4;63
PARAGRAPH 5;25
PARAGRAPH 6;24
PARAGRAPH 7;14
PARAGRAPH 9;8
SECTION 101;7
SECTION 102;7
SECTION 10A;3
SECTION 113;13
SECTION 12F;0
SECTION 13N;1
SECTION 15A;4
SECTION 15B;6
SECTION 15D;1
SECTION 15E;3
SECTION 15F;1
SECTION 17A;4
SECTION 19B;3
SECTION 1B7;1
SECTION 21A;6
SECTION 21C;1
SECTION 222;0
SECTION 225;0
SECTION 22A;1
SECTION 25A;2
SECTION 28A;0
SECTION 2A1;0
SECTION 2C2;5
SECTION 2H1;2
SECTION 2H3;0
SECTION 2H4;0
SECTION 2H5;0
SECTION 2H7;0
SECTION 2H8;0
SECTION 311;2
SECTION 321;0
SECTION 3C2;6
SECTION 402;2
SECTION 403;0
SECTION 408;0
SECTION 4C1;0
SECTION 529;0
SECTION 552;19
SECTION 5E1;0
SECTION 619;0
SECTION 6CD;0
SECTION 717;0
SECTION 718;0
SECTION 724;0
SECTION 727;1
SECTION 729;0
SECTION 731;0
SECTION 732;0
SECTION 739;0
SECTION 741;0
SECTION 746;0
SECTION 761;0
SECTION 9A2;0
SECTIONS 10;0
SECTIONS 17;0
SECTIONS 23;0
SECTIONS 4A;0
SUBCLAUSE I;23
SUBSECTIONS;33
EXCLUSIVELY;10
CONSIDERING;4
IN ANY CASE;9
IN ORDER TO;71
IN THE CASE;1
LONGER THAN;4
OF ANY KIND;1
RELATIVE TO;8
RELEVANT TO;14
EFFECTIVELY;10
POTENTIALLY;8
PROSPECTIVE;10
RULEMAKINGS;0
SHORT TITLE;14
DISAPPROVED;4
ESTABLISHED;244
ESTABLISHES;5
LIMITATIONS;75
PROHIBITING;16
PROHIBITION;36
PROMULGATED;19
TAKE EFFECT;52
10 PERCENT;15
30 PERCENT;1
90 PERCENT;1
ACCEPTABLE;9
ACCURATELY;1
CONSISTENT;103
ILL-SUITED;0
INADEQUATE;2
INDIRECTLY;45
OCTOBER 30;1
REASONABLE;111
REASONABLY;45
SEMIANNUAL;8
SUFFICIENT;18
TWO-THIRDS;0
ACCEPTANCE;15
ACCOMPLISH;4
ACTIVITIES;246
ADMINISTER;22
AFFILIATED;14
AFFILIATES;37
AFFIRMANCE;11
AGREEMENTS;49
ALLEGATION;1
ALLOCATION;19
ANTICIPATE;0
ASSIGNMENT;15
ASSISTANCE;105
ASSOCIATED;38
ATTENDANCE;6
ATTRIBUTED;0
BANKRUPTCY;19
BASED UPON;12
BASIS SWAP;2
BOX OFFICE;0
CALCULATED;5
CANDIDATES;1
CATEGORIES;8
CLASSIFIED;1
COLLATERAL;28
COLLECTION;29
COMMENCING;5
COMMERCIAL;38
COMMINGLED;0
COMMISSION;842
COMMITTEES;33
COMPARABLE;34
COMPARISON;3
COMPLAINED;0
COMPLETION;17
COMPLIANCE;162
CONCURRENT;2
CONDITIONS;85
CONDUCT OF;27
CONDUCTING;37
CONGESTION;0
CONNECTION;0
CONSIDERED;50
CONSTITUTE;14
CONSULTING;8
CONTAINING;21
CONTINGENT;12
CONTRAVENE;0
CONTROLLED;33
CONVERSION;19
CONVEYANCE;0
CONVICTION;0
COORDINATE;48
CURRENCIES;3
CUSTODIANS;1
DAY-TO-DAY;0
DEFENDANTS;1
DEFINITION;69
DELEGATION;3
DELIVERING;2
DEPARTMENT;51
DEPOSITING;1
DEPOSITORS;3
DEPRESSING;0
DERIVATIVE;3
DESCRIBING;23
DEVELOPING;13
DISCIPLINE;1
DISCLOSING;6
DISCLOSURE;98
DISCRETION;68
DISCUSSION;4
DISRUPTION;4
DISRUPTIVE;1
DISSENTING;0
DISTORTION;0
EFFECTUATE;9
ELECTRONIC;38
EMPLOYMENT;40
ENTERPRISE;4
ENUMERATED;25
EXPIRATION;26
FACILITATE;45
FACILITIES;20
FICTITIOUS;2
FIXED RATE;6
FRAUDULENT;12
FULL FAITH;0
GEOGRAPHIC;5
GOOD FAITH;14
GOVERNANCE;11
GOVERNMENT;95
GRAND JURY;1
GUARANTEED;16
GUARANTEES;10
HARMONIZED;0
HEIGHTENED;7
IDENTIFIES;5
ILLEGALITY;0
IMPOSITION;8
IMPRISONED;2
INACCURATE;6
INCENTIVES;11
INCIDENTAL;25
INDIVIDUAL;89
INHABITANT;0
INITIATION;0
INITIATIVE;10
INNOVATION;3
INSOLVENCY;32
INSPECTION;23
INSTRUMENT;14
INTERSTATE;6
INVESTMENT;113
KEEP BOOKS;0
LITIGATION;16
LOOK BACKS;0
MAINTAINED;28
MANAGEMENT;110
MANAGERIAL;4
MANIPULATE;0
MATERIALLY;8
MECHANISMS;10
MEMBERSHIP;21
MINISTRIES;1
MISCONDUCT;13
MISLEADING;3
MITIGATING;8
MITIGATION;5
MONITORING;19
NONINSURED;1
OBJECTIVES;30
OBLIGATION;94
OCCURRENCE;8
OPERATIONS;47
PARAMETERS;1
PERFORMING;39
PERMISSION;3
PETITIONER;1
PHYSICALLY;1
PORTFOLIOS;0
PREDICATES;0
PRESERVING;1
PREVENTION;11
PRINCIPLES;10
PRIVILEGES;22
PROCEDURES;142
PROCEEDING;90
PROCESSING;13
PRODUCTION;28
PROHIBITED;18
PROMULGATE;23
PROTECTING;7
PROTECTION;136
PROVISIONS;229
PRUDENTIAL;18
PURCHASING;10
QUOTATIONS;0
RECORDINGS;0
REDEMPTION;6
REFERENCES;6
REGISTERED;137
REGISTRANT;0
REGULATION;167
REGULATORS;35
REGULATORY;169
REPOSITORY;3
REQUESTING;6
RESOLUTION;94
RESPECTIVE;12
RESPONDENT;6
RESPONDING;6
RESUMPTION;0
REVIEWABLE;0
REVOCATION;3
RISK-BASED;17
SAFEGUARDS;11
SECURITIES;375
SEGREGATED;0
SETTLEMENT;54
SOLICITING;4
STATE BANK;29
STATEMENTS;23
STRUCTURAL;1
STRUCTURED;7
SUBMISSION;35
SUBMITTING;5
SUBSIDIARY;180
SUBSTITUTE;3
SUCCESSFUL;5
SUPERVISED;66
SUPPLEMENT;3
SUSPENSION;13
TIMEFRAMES;2
TRANSITION;15
UNDERLYING;10
UNDERMINES;0
UNDERTAKEN;9
UNDERTAKES;1
VIOLATIONS;48
VOLATILITY;3
WITHDRAWAL;8
APPLICABLE;198
AS FOLLOWS;42
IDENTIFIED;53
IN GENERAL;491
PARTICULAR;30
SUBSEQUENT;17
THEMSELVES;8
THEREAFTER;36
THEREUNDER;31
WHATSOEVER;0
CLAUSE III;29
CLAUSE VII;6
MEMORANDUM;1
SECTION 10;5
SECTION 12;2
SECTION 13;11
SECTION 16;2
SECTION 17;2
SECTION 19;3
SECTION 1B;3
SECTION 20;1
SECTION 21;1
SECTION 22;1
SECTION 24;6
SECTION 25;8
SECTION 2A;4
SECTION 2C;0
SECTION 2F;0
SECTION 2H;1
SECTION 30;0
SECTION 33;1
SECTION 36;0
SECTION 3A;5
SECTION 3B;0
SECTION 3C;7
SECTION 3D;0
SECTION 3Q;16
SECTION 4A;0
SECTION 4B;0
SECTION 4C;3
SECTION 4D;1
SECTION 4K;12
SECTION 5A;1
SECTION 5B;3
SECTION 5C;0
SECTION 5D;2
SECTION 5E;0
SECTION 6A;0
SECTION 6B;9
SECTION 6C;0
SECTION 6D;0
SECTION 6E;1
SECTION 8A;3
SECTION 8B;0
SECTION 8E;1
SECTION 9A;1
SECTION 9B;0
SECTIONS 1;0
SECTIONS 3;0
SECTIONS 4;2
SECTIONS 5;1
SECTIONS 6;0
SECTIONS 9;0
SUBSECTION;47
SUBTITLE A;12
SUBTITLE B;38
THIS TITLE;526
AS LONG AS;3
AS SOON AS;3
AS WELL AS;11
BECAUSE OF;13
CONCERNING;44
EQUIVALENT;19
ESPECIALLY;0
EXCEPTIONS;28
EXCLUSIONS;6
FEWER THAN;22
IN LIEU OF;7
INSOFAR AS;0
LATER THAN;13
LIMITED TO;18
PREVIOUSLY;8
REPRESENTS;6
SO LONG AS;2
SUBJECT TO;416
ADDITIONAL;110
AMENDMENTS;120
CONFORMING;24
DE MINIMIS;5
INVALIDATE;1
PARAGRAPHS;28
REFERENCED;3
RULEMAKING;96
SUBCHAPTER;10
LIMITATION;67
AUTHORIZED;150
AUTHORIZES;9
DESIGNATED;88
DETERMINED;113
DETERMINES;159
EXEMPTIONS;21
PRESCRIBED;171
100000000;3
12 MONTHS;22
15 MONTHS;2
18 MONTHS;22
24 MONTHS;6
30 MONTHS;5
EQUITABLE;20
IDENTICAL;1
NECESSARY;241
NO LONGER;7
PRESENTLY;2
PRIMARILY;10
QUARTERLY;4
REGULARLY;8
ACCEPTING;0
ACCOMPANY;1
ADHERENCE;1
ADMISSION;0
AFFILIATE;113
AGGREGATE;39
AGREEMENT;169
ALGORITHM;2
ANALYZING;3
ANTIFRAUD;6
ANTITRUST;2
APPLICANT;32
APPOINTED;104
ARBITRAGE;0
ASSISTING;6
ASSURANCE;0
ATTENDANT;0
ATTORNEYS;12
AUTHORITY;466
AUTOMATED;6
AVAILABLE;199
BELONGING;2
BONA FIDE;21
BROKERAGE;13
CARRY OUT;106
CAUSES OF;2
CESSATION;1
CHARACTER;9
CHARTERED;21
CLEARANCE;5
CLOSE OUT;0
COLLECTED;47
COMMITTED;17
COMMITTEE;113
COMMODITY;14
COMMUNITY;16
COMPELLED;9
COMPLAINT;44
COMPLETES;2
CONDITION;34
CONDUCTED;87
CONFERRED;1
CONFLICTS;8
CONSIDERS;13
CONSUMERS;167
CONTAINED;18
CONTINUAL;1
CONTINUED;8
CONTRACTS;48
CONTUMACY;3
CONVERTED;1
CONVEYING;0
CONVICTED;14
CREDITING;6
CUSTODIAN;24
CUSTOMERS;26
DECEPTIVE;29
DEFENDANT;6
DELIVERED;2
DEPENDENT;2
DEPOSITED;25
DESIGNATE;11
DESIGNEES;2
DETERRING;1
DEVELOPED;13
DIRECTING;1
DIRECTION;9
DIRECTORS;124
DISCHARGE;5
DISCLOSED;19
DISCOVERY;6
DISREGARD;4
DISRUPTED;1
DIVERSITY;9
DIVESTING;0
DOCUMENTS;45
DOMICILED;7
EFFECTING;2
EFFICIENT;11
ELIMINATE;5
EMERGENCY;31
EMISSIONS;1
ENDOWMENT;4
EXCHANGES;9
EXCLUSION;23
EXCLUSIVE;16
EXECUTING;2
EXECUTION;10
EXECUTORY;0
EXEMPTIVE;2
EXISTENCE;5
EXPEDITED;10
EXPERTISE;15
EXPOSURES;9
EXPRESSED;6
EXTENSION;60
FEDERALLY;25
FIDUCIARY;21
FINANCIAL;465
FINANCING;18
FOREGOING;5
FORMATION;5
FRAMEWORK;4
FREQUENCY;9
FUNCTIONS;103
FURNISHED;10
GENERATED;3
GOVERNING;27
GUARANTEE;36
IMPARTIAL;0
IMPARTING;0
IMPLEMENT;50
INCEPTION;1
INCIDENTS;0
INDEMNIFY;0
INITIATED;9
INSOLVENT;15
INSPECTOR;65
INSTITUTE;7
INSURANCE;226
INTEGRITY;20
INTERESTS;34
INTERVALS;0
INVESTING;1
INVESTORS;127
INVOLVING;39
JUDGMENTS;0
KNOWINGLY;11
KNOWLEDGE;13
LEVERAGED;2
LIABILITY;38
LIQUIDATE;4
LIQUIDITY;26
LOGISTICS;0
LONG-TERM;9
LOOK-BACK;1
MAINTAINS;9
MARGINING;13
MARKETING;12
MATERIALS;27
MEASURING;1
MECHANISM;3
MEMORANDA;3
MUNICIPAL;144
NEGOTIATE;9
NONPUBLIC;2
NOTIFYING;1
NUMERICAL;2
OBJECTION;13
OBJECTIVE;1
OCCUPYING;2
OPERATING;25
OPERATION;43
OPTIMIZED;0
ORGANIZED;23
OVERSIGHT;53
OWNERSHIP;28
PARAMETER;0
PENALTIES;36
PLAUSIBLE;0
PORTFOLIO;19
POSITIONS;32
POSSESSES;1
POTENTIAL;84
PRACTICAL;0
PRACTICES;76
PREPARING;2
PRINCIPAL;103
PRINCIPLE;5
PRIVILEGE;22
PROCEDURE;25
PROCESSED;7
PROCESSES;11
PRODUCING;2
PROMOTING;7
PROVIDING;119
PROVISION;337
PUBLISHED;31
PURCHASED;14
PURCHASES;13
QUALIFIED;25
QUALIFIES;1
REAL-TIME;0
RECEIVING;26
RECOMMEND;18
RECORDING;3
RECURRING;0
REDUCTION;28
REFERENCE;13
REFERRALS;4
REGULATOR;32
REPORTING;88
REPRESENT;7
RESOLVING;6
RESOURCES;25
RESULTING;23
RETAINING;2
RETESTING;0
REVIEWING;6
REVOLVING;1
SANCTIONS;8
SCREENING;0
SECRETARY;308
SEGREGATE;0
SEPARATED;2
SOUNDNESS;40
SPECIFIES;2
STABILITY;30
STANDARDS;240
STATEMENT;68
STATUTORY;10
SUBMITTED;58
SUBPOENAS;9
SUSPENDED;4
SUSTAINED;1
SYNDICATE;0
TAXPAYERS;16
TERMINATE;32
TERRORISM;0
TESTIMONY;49
THRESHOLD;17
TIMELINES;2
TRANSACTS;3
TRANSFERS;35
TREATMENT;59
UNCLEARED;0
VALUATION;18
VARIATION;2
VIOLATING;7
VIOLATION;163
VOLUNTARY;5
WILLFULLY;2
WITHDRAWN;4
WITHDRAWS;1
WITNESSES;6
BE SERVED;19
DIFFERENT;25
FOLLOWING;608
GENERALLY;16
PRECEDING;60
THEREFROM;0
12 USC 24;2
2 CONTENT;11
CHAPTER 5;6
CHAPTER 7;13
CLAUSE II;43
CLAUSE IV;15
CLAUSE VI;5
CLAUSE XI;0
PARAGRAPH;38
SECTION 1;2
SECTION 2;12
SECTION 3;32
SECTION 4;9
SECTION 5;8
SECTION 6;8
SECTION 8;29
SECTION 9;3
SUBCLAUSE;4
TITLE VII;2
EXCEPTING;0
EXCLUDING;6
BEGINNING;17
EXCEEDING;6
EXCEPT AS;130
INCLUDING;582
INCLUSION;12
INITIALLY;4
LESS THAN;51
MORE THAN;76
OTHERWISE;221
REGARDING;200
SIMILARLY;8
INCREASED;11
ADDITIONS;0
AMENDMENT;65
CONSTRUED;112
DEFERENCE;15
DESCRIBED;474
DETAILING;6
EFFECTIVE;64
ENACTMENT;226
EXPRESSLY;6
INSERTING;928
RESERVING;0
SEMICOLON;24
MANDATORY;21
ALLOWABLE;0
AUTHORIZE;8
DETERMINE;157
ESTABLISH;149
EXCEPTION;35
EXEMPTION;72
PERMITTED;56
PRESCRIBE;145
PROHIBITS;7
REGULATED;50
REGULATES;3
REQUESTED;30
REQUIRING;41
SET FORTH;43
SPECIFIED;45
10 YEARS;6
120 DAYS;5
180 DAYS;29
25000000;2
270 DAYS;7
360 DAYS;1
50000000;3
8 MONTHS;0
ADEQUATE;21
ANNUALLY;28
DIRECTLY;88
POSSIBLE;29
PROMPTLY;21
PROPERLY;4
RELEVANT;53
STRICTLY;1
ACCEPTED;7
ACCOUNTS;47
ACCRUING;3
ACCURACY;12
ACCURATE;15
ACQUIRED;15
ACQUIRES;1
ACTIVITY;84
ADEQUACY;10
ADOPTING;8
ADOPTION;7
ADVANCES;8
ADVISING;4
ADVISORS;7
ADVISORY;45
AFFECTED;19
AGENCIES;187
AGREEING;2
ANALYSIS;50
APPARENT;3
APPEALED;1
APPLYING;8
APPROVED;31
ARTIFICE;0
ASSURING;7
ATTACHED;0
AVOIDING;9
BACK PAY;3
BACKSTOP;0
BAILOUTS;0
BALANCED;2
BELIEVED;3
BIENNIAL;0
BUSINESS;116
CAPACITY;34
CARRYING;44
CATEGORY;16
CHAIRMAN;55
CLAIMING;2
CLEARING;49
CLERICAL;11
CLOSEOUT;0
COLLECTS;3
COMMERCE;16
COMPLETE;22
COMPOSED;3
CONCERNS;18
CONDUCTS;11
CONFLICT;17
CONGRESS;157
CONSIDER;62
CONTAINS;8
CONTEMPT;5
CONTINUE;41
CONTRACT;132
CONTROLS;56
COSTS OF;21
COVERING;0
CREATING;6
CREATION;3
CREDITED;25
CRIMINAL;12
CRITERIA;42
CURRENCY;25
CUSTOMER;50
DEADLINE;14
DECISION;60
DECLARED;3
DEFAULTS;9
DEFINING;5
DELEGATE;11
DELIVERY;16
DEPOSITS;48
DESIGNED;34
DESIGNEE;14
DILIGENT;0
DIMINISH;4
DIRECTOR;516
DISCLOSE;43
DISPUTES;2
DISTRICT;57
DIVIDEND;7
DIVISION;45
DOCUMENT;17
DOMESTIC;12
EARNINGS;7
ECONOMIC;41
EFFECTED;2
ELECTION;26
ELEMENTS;2
ELIGIBLE;28
EMPLOYEE;161
EMPLOYER;22
ENDEAVOR;0
ENHANCED;24
ENJOINED;2
ENTERING;5
ENTIRETY;2
ENTITIES;114
ENTITLED;27
EVASIONS;7
EVIDENCE;24
EVOLVING;0
EXCHANGE;55
EXCLUDED;12
EXECUTED;10
EXERCISE;88
EXISTING;59
EXPECTED;20
EXPENDED;10
EXPENSES;48
EXPLICIT;1
EXPOSURE;6
EXTENDED;25
FACILITY;26
FINANCED;4
FINDINGS;47
FORWARDS;0
FREQUENT;0
FUNCTION;8
GUARANTY;8
GUIDANCE;24
HANDLING;0
IDENTIFY;52
IDENTITY;16
IMPARTED;0
IMPLYING;1
IMPOSING;10
INCLUDED;24
INCLUDES;67
INDIRECT;13
INDUCING;0
INDUSTRY;24
INITIATE;18
INTENDED;16
INTEREST;188
INTERNAL;39
INVESTED;6
INVESTOR;51
INVOLVED;20
INVOLVES;10
ISSUANCE;45
JUDGMENT;24
JUDICIAL;24
LEVERAGE;17
LICENSED;27
LOCATION;5
MAINTAIN;59
MANAGERS;1
MANAGING;3
MARGINED;0
MATCHING;3
MATERIAL;74
MEASURES;29
MEETINGS;11
MINORITY;26
MONETARY;18
MORTGAGE;197
MOVEMENT;1
MULTIPLE;13
NATIONAL;103
NONPRICE;0
NOTIFIES;7
NOTIONAL;0
OBTAINED;42
OCCURRED;11
OFFERING;46
OPERATED;8
OPERATES;8
OPERATOR;10
ORIGINAL;18
OVERSEES;1
PAYMENTS;98
PER DIEM;2
PERFORMS;10
PERSONAL;23
PETITION;53
PHYSICAL;5
PLATFORM;0
POLICIES;71
POSITION;46
PRACTICE;60
PRECLUDE;2
PRESSURE;0
PROCEEDS;21
PRODUCES;2
PRODUCTS;42
PROPERTY;181
PROPOSAL;8
PROPOSED;108
PROPOSES;1
PROTECTS;1
PROVIDES;68
PUBLICLY;26
PUNISHED;4
PURCHASE;66
PURPOSES;385
QUANTITY;0
QUESTION;9
RECEIPTS;9
RECEIVED;95
RECEIVES;39
RECKLESS;2
RECORDED;1
RECOVERY;11
REDUCING;3
REFERRAL;8
REGISTER;41
RELIABLE;4
REMEDIES;25
REPORTED;8
RESEARCH;29
RESERVED;3
RESOURCE;2
RESPONSE;44
RETAINED;15
REVIEWED;4
RULES OF;52
SANCTION;7
SCALABLE;0
SCHEDULE;18
SECURING;17
SECURITY;114
SEPARATE;32
SERVICES;245
SOLICITS;1
SPOOFING;0
SQUEEZES;0
STANDARD;56
STRADDLE;0
STRENGTH;0
STRICTER;0
SUBPOENA;21
SUPPLIED;1
TAXPAYER;10
THREATEN;3
TRANSFER;191
TRANSMIT;14
TREASURY;25
UNIVERSE;0
VEHICLES;1
VIOLATED;10
VIOLATES;9
VOIDABLE;1
WAGERING;0
CONTENTS;21
DOES NOT;155
OPPOSITE;0
SPECIFIC;56
THEREFOR;5
1 NOTICE;5
3 REPORT;10
CLAUSE I;115
THIS ACT;228
TITLE 11;8
TITLE 18;17
TITLE 28;6
TITLE II;11
WHENEVER;18
WHEREVER;0
ACTUALLY;2
AT LEAST;38
EQUAL TO;40
PREVIOUS;17
PROVIDED;366
SO AS TO;12
MINIMIZE;14
NEGATIVE;12
BASED ON;73
BECOMING;1
CONTRARY;7
DESCRIBE;16
EXCLUDES;0
MEANINGS;14
SENTENCE;77
STRIKING;880
THEMSELF;0
UNLAWFUL;12
ALLOWING;6
APPROVAL;67
DIRECTED;8
ENSURING;9
EVALUATE;20
EXCEPTED;15
EXEMPTED;7
GRANTING;8
LIMITING;34
MITIGATE;26
PROHIBIT;20
REGULATE;4
REPEALED;10
REQUIRED;444
REQUIRES;17
1000000;8
15 DAYS;5
2 YEARS;26
21 DAYS;1
28 DAYS;0
30 DAYS;49
5 YEARS;29
60 DAYS;31
90 DAYS;36
ALREADY;8
PERCENT;21
PRUDENT;2
SERIOUS;11
SHORTER;7
ABILITY;71
ABUSIVE;21
ACCEPTS;4
ACCOUNT;153
ACHIEVE;7
ACQUIRE;22
ACTIONS;124
ADDRESS;42
ADVISOR;7
AFFECTS;7
AGENCYS;6
ALLEGED;26
AMOUNTS;120
ANALYZE;7
APPEALS;6
APPLIED;34
APPOINT;21
ARISING;52
ATTEMPT;3
BALANCE;24
BANKING;34
BECOMES;10
BELIEVE;15
BENEFIT;43
BIDDING;0
BINDING;5
BROUGHT;45
CAPITAL;96
CAPTURE;0
CARRIED;4
CAUSING;2
CEASING;0
CFTCSEC;0
CHANGES;44
CHANNEL;1
CHARGES;33
CIRCUIT;3
CLASSES;11
CLAUSES;4
CLEARED;4
CLEARLY;6
CLOSING;14
COLLECT;21
COMMENT;24
COMPANY;311
COMPLEX;14
CONCERN;2
CONDUCT;169
CONFIRM;0
CONSENT;45
CONSULT;60
CONTAIN;29
CONTROL;81
CONVERT;4
CORNERS;0
COUNCIL;377
COUNSEL;27
COUNTRY;28
COURSES;4
COVERED;40
CREATED;10
CREATES;2
CREDITS;10
DAMAGES;43
DEALERS;103
DEALING;5
DECLINE;4
DEFAULT;66
DEFINED;249
DEFRAUD;2
DELIVER;4
DEPOSIT;29
DERIVED;11
DETAILS;10
DEVELOP;25
DISPOSE;5
DISPUTE;18
EFFECTS;21
EFFORTS;30
ELEMENT;0
ENABLES;1
ENACTED;8
ENGAGED;71
ENGAGES;11
ENHANCE;16
ENTERED;26
EVADING;2
EVASION;11
EXAMINE;25
EXCLUDE;7
EXECUTE;4
EXISTED;8
EXPENSE;6
EXPIRED;4
EXPOSED;1
EXTENDS;5
EXTREME;1
FACTORS;49
FAILURE;51
FEDERAL;518
FINANCE;84
FINDING;24
FITNESS;0
FOREIGN;106
FORMATS;11
FORWARD;15
FULFILL;6
FUNDING;52
FURNISH;16
FUTURES;16
GOVERNS;1
HANDLER;0
HEARING;71
HEDGERS;0
HEDGING;6
HOLDERS;9
HOLDING;5
HOUSING;111
IMPOSED;67
IMPROVE;26
INCLUDE;213
INDICES;2
INITIAL;33
INQUIRY;8
INSURED;77
INTERIM;20
INVOLVE;5
ISSUERS;60
ISSUING;23
KNOWING;3
LEGALLY;8
LENDING;59
LINKAGE;0
LISTING;8
LOCATED;39
MANAGED;12
MANAGER;5
MARKETS;38
MEASURE;14
MEETING;18
MEMBERS;87
METHODS;17
MONITOR;29
NETTING;4
OBJECTS;0
OBTAINS;5
OFFENSE;4
OFFERED;28
OFFEROR;0
OFFICER;56
OMITTED;0
ONGOING;15
OPENING;0
OPERATE;16
OPINION;5
OPTIONS;21
ORDERED;10
ORDERLY;70
PARTIES;21
PARTNER;9
PAYMENT;180
PENALTY;73
PERFORM;41
PERSONS;150
PLACING;6
PORTION;29
POSSESS;0
PREPARE;19
PRICING;2
PRIMARY;35
PRIVACY;12
PRIVATE;53
PROCESS;63
PRODUCE;11
PRODUCT;32
PROGRAM;144
PROMOTE;36
PROTECT;37
PROVIDE;291
PUBLICS;0
PUBLISH;31
PURPOSE;74
QUALIFY;6
QUALITY;14
RAISING;0
READILY;3
REASONS;12
RECEIPT;64
RECEIVE;57
RECORDS;91
RECOVER;17
REDUCES;2
REFLECT;24
REFUSAL;5
REGULAR;17
REMOVED;4
REPEALS;0
REPORTS;213
REQUEST;139
RESCIND;5
RESIDES;6
RESOLVE;15
RESULTS;48
REVERSE;4
REVIEWS;19
REVOKED;3
ROLE OF;10
ROLLING;0
SATISFY;17
SEEKING;23
SELLING;8
SERVICE;105
SETTING;16
SETTLED;0
SETTLES;1
SHARING;15
SHOWING;5
SOLICIT;5
SOURCES;18
SPECIAL;36
SPECIFY;6
STATING;4
STAYING;0
STORAGE;3
STUDIES;11
SUBJECT;40
SUBMITS;8
SUCCESS;1
SUPPORT;57
SUSPEND;8
SYSTEMS;46
TRADERS;0
TRADING;17
TREATED;45
TYPICAL;1
UNIFORM;19
VEHICLE;2
VICTIMS;10
VIOLATE;5
VOLUMES;1
WARRANT;4
WEATHER;1
WEBSITE;16
WITNESS;24
WRITING;66
WRITTEN;100
AGAINST;142
ANOTHER;52
APPLIES;17
BETWEEN;107
CERTAIN;96
CURRENT;45
FOLLOWS;41
GENERAL;130
MATTERS;28
OUTSIDE;20
PENDING;17
PRESENT;34
RELATED;104
SAVINGS;38
THEREOF;97
THEREON;1
THERETO;48
THROUGH;173
VARIOUS;8
WHEREBY;1
WHEREIN;1
WITHOUT;99
PART II;2
SECTION;33
TITLE 5;84
TITLE I;13
JOINTLY;85
NEITHER;6
NOTHING;69
BECAUSE;5
EVEN IF;5
EXCEEDS;13
FURTHER;33
GRANTED;37
GREATER;14
HOWEVER;2
IN CASE;4
IN THAT;11
LARGEST;4
ONLY IF;19
SIMILAR;73
THAT IS;366
WHETHER;240
MAXIMUM;40
MINIMAL;0
MINIMUM;67
ADOPTED;27
APPEARS;131
CONTEXT;4
MEANING;60
PROVISO;2
RESPECT;13
STATUTE;33
THEREIN;16
CENSURE;1
LIMITED;28
ALLOWED;28
AMENDED;516
APPROVE;16
CONFERS;0
CONFORM;10
DENYING;1
ENFORCE;88
PREVENT;44
REQUIRE;164
WAIVING;1
140000;0
1-YEAR;20
2-YEAR;16
3 DAYS;3
30-DAY;9
3-YEAR;7
90-DAY;16
HIGHLY;3
LIKELY;26
PROMPT;9
ROBUST;7
TIMELY;40
ABROAD;2
ACCEPT;16
ACCESS;78
ACTING;42
ACTION;341
ACTIVE;3
ACTUAL;20
ADJUST;12
ADOPTS;3
AFFECT;57
AFFIRM;6
AGENCY;366
AGENTS;15
AGREED;8
AGREES;2
AMOUNT;309
ANNUAL;113
APPEAL;47
APPEAR;17
ARISES;11
ASSERT;4
ASSESS;19
ASSETS;199
ASSIST;20
AWARDS;10
BACKED;1
BACKUP;9
BECOME;35
BOARDS;5
BODIES;1
BRANCH;30
BREAKS;0
BRIDGE;13
BROKER;107
BUYING;4
CANCEL;1
CARBON;0
CAUSES;3
CHANGE;91
CHOOSE;1
CLAIMS;85
CLEARS;0
COLLAR;2
COMPEL;5
COUNTY;6
COURSE;8
CREATE;14
CREDIT;260
DEALER;121
DECEIT;2
DEFINE;17
DEGREE;14
DEMOTE;1
DENIAL;3
DESIGN;3
DETECT;3
DEVICE;4
DIRECT;36
DIVEST;4
DUTIES;91
EFFECT;120
ELECTS;7
EMPLOY;4
ENABLE;9
ENERGY;2
ENGAGE;31
ENTERS;2
ENTITY;132
EQUITY;52
ETHICS;6
EUROPE;0
EVENTS;2
EXPIRE;5
EXTEND;33
EXTENT;97
FISCAL;89
FOLLOW;6
FUNDED;9
FUTURE;27
GAMING;0
GLOBAL;6
GROUND;3
GROWTH;5
HARASS;1
HYBRID;9
IMPACT;59
IMPART;0
INCOME;51
INDUCE;2
INTENT;13
INVEST;6
INVOKE;0
ISSUED;165
ISSUER;167
ISSUES;40
LAWFUL;2
LEVELS;18
LIABLE;17
LINKED;4
LOSSES;35
MANAGE;8
MARGIN;10
MARKET;106
MASTER;34
MEMBER;153
MODELS;17
MODIFY;21
MONIES;7
MONTHS;10
MOTION;18
NATURE;74
NORMAL;2
NOTICE;250
NOTIFY;39
NUMBER;87
OBTAIN;40
OFFERS;12
OFFICE;306
OFFSET;19
OPTION;38
ORDERS;86
OTHERS;9
OWNERS;4
OWNING;0
PACKER;0
PAPERS;14
PARENT;18
PAYOUT;0
PERIOD;265
PERSON;673
POLICY;47
POOLED;0
POSTED;0
PRICES;4
PROFIT;5
PROPER;9
PUBLIC;233
RAISED;7
REASON;16
RECORD;38
REDUCE;25
REFERS;1
REFUSE;5
REGARD;30
RELATE;14
RELIEF;37
RELIES;6
REMAIN;38
REPEAL;7
REPORT;467
RESULT;35
RETAIL;19
RETURN;20
REVEAL;3
REVIEW;152
REVOKE;2
RIGHTS;102
SAFETY;53
SCHEME;0
SECTOR;19
SECURE;15
SELECT;6
SELLER;30
SENATE;145
SENIOR;28
SERIES;2
SERVES;7
SETTLE;1
SHARED;4
SINGLE;17
SOURCE;29
SPREAD;2
STATUS;56
STAYED;5
STRIVE;0
SUBMIT;161
SYSTEM;149
TAKING;45
TARIFF;0
THREAT;22
TIMING;17
TRADED;3
TRADER;0
TRADES;2
TRAVEL;7
UPDATE;11
VALUES;9
VERIFY;6
VOLUME;13
VOTING;7
WAIVED;10
WHOLLY;1
ACROSS;7
COMMON;10
DURING;134
GIVING;9
HAVING;53
HEREBY;5
HEREOF;0
ITSELF;15
LISTED;4
MAKING;87
VERSUS;3
CLAUSE;42
PART I;1
BEFORE;300
DUE TO;10
EITHER;41
EXCEPT;138
HIGHER;15
LONGER;10
SECOND;35
SOLELY;55
THOUGH;5
UNLESS;112
WITHIN;155
EXCEED;68
TRIPLE;0
ADDING;212
FILING;47
MANNER;129
MATTER;50
LIMITS;34
SHOULD;52
ALLOWS;7
CANNOT;10
COMPLY;44
DEEMED;83
ENSURE;91
EXEMPT;45
IMPOSE;47
PERMIT;27
WAIVER;33
DAILY;2
FIRST;80
THIRD;40
TWICE;4
ABIDE;1
ABUSE;4
ADOPT;24
AGENT;56
AGREE;8
AMEND;15
AREAS;35
ARISE;6
ASSET;56
AUDIT;54
AWARD;26
BANKS;50
BOARD;466
BOOKS;20
BOUND;0
BRING;19
BROAD;1
BUYER;4
CAUSE;48
CEASE;4
CHIEF;4
CIVIL;82
CLAIM;114
CLASS;46
CLEAR;20
CLERK;2
COSTS;64
COURT;182
COVER;12
DEALT;1
DELAY;8
DETER;0
ELECT;15
ENTER;20
ENTRY;5
ERROR;13
EVADE;4
EVENT;24
EXIST;8
EXPEL;0
FACTS;11
FAILS;15
FALSE;7
FILED;56
FILES;14
FINAL;117
FINDS;32
FINED;2
FINES;9
FIRMS;18
FIXED;10
FLOOR;5
FORMS;10
FRAUD;34
FUNDS;145
GAINS;2
GOALS;9
GOODS;23
GRANT;39
GROUP;25
HANDS;2
HEDGE;2
HOLDS;14
INDEX;20
ISSUE;137
ITEMS;25
JOINT;25
KNOWS;4
LAPSE;0
LARGE;19
LEADS;0
LEASE;31
LEGAL;77
LEVEL;32
LOANS;104
LOWER;7
MAILS;5
MAKER;0
MEANS;355
MEDIA;8
MEETS;35
METAL;0
MIXED;0
MODEL;31
MONEY;28
MONTH;3
NEEDS;21
NOVEL;1
OATHS;1
OFFER;19
ORDER;182
OWNED;29
PARTY;96
PLACE;176
PLANS;36
POSTS;0
PRICE;16
PRIOR;67
RATES;27
RIGHT;72
RISKS;101
RULES;297
SCOPE;48
SEEKS;3
SELLS;7
SERVE;52
SHARE;20
SOUND;17
STATE;558
STEAL;0
STOCK;36
STUDY;235
SWAPS;9
TAXES;21
TESTS;10
THEFT;2
TIMES;24
TOOLS;3
TRADE;111
TREAT;6
TRIAL;14
TRUST;51
TYPES;38
USERS;10
USING;26
VALID;13
VALUE;89
VIEWS;6
YIELD;3
ABOUT;70
AMONG;56
ASIDE;28
BEING;41
CASES;10
COULD;43
GIVEN;17
LATER;17
MAJOR;7
MAKES;21
MIGHT;7
TAKES;23
THEIR;100
THERE;66
THESE;12
THOSE;71
UNDER;2407
WHICH;849
WHOLE;21
WHOSE;25
WOULD;167
12E2B;0
1467A;1
CODES;1
OTHER;1301
UNTIL;43
WHERE;61
AFTER;773
ALONE;3
IF SO;6
TOTAL;86
ADDED;59
APPLY;189
BASED;12
BASIS;95
CITED;13
FOUND;14
KNOWN;23
TAKEN;78
TERMS;194
LIMIT;71
ALLOW;17
DEEMS;38
SHALL;2833
WELL;9
AIDS;2
AREA;24
ASIA;0
BANK;161
BEAR;8
BEST;11
BIAS;0
BIDS;0
BODY;10
BOND;7
BOOK;3
CALL;5
CARE;17
CASE;19
CASH;12
CAST;1
CITY;2
CODE;13
COPY;37
CORE;0
CROP;1
DATA;163
DATE;600
DEAL;2
DEBT;87
DONE;2
DUAL;3
DUTY;34
FACT;8
FAIL;7
FAIR;32
FALL;1
FEES;104
FERC;0
FILE;46
FIRM;51
FLOW;2
FOIA;1
FORM;91
FUND;230
GAIN;5
GOAL;0
HEAD;20
HELD;51
HELP;9
HOLD;11
HOME;91
KEEP;6
KEPT;7
KNEW;1
LAWS;82
LINE;3
LIST;21
LOAN;282
LOSE;4
LOSS;53
MAIL;7
MARK;1
MEET;56
NEWS;3
NOTE;7
OBEY;7
OMIT;0
OPEN;25
OWED;12
OWNS;7
PAID;62
PLAN;137
POOL;2
POSE;28
POST;6
RATE;92
RELY;10
RING;2
RISK;109
RULE;232
SAFE;23
SAID;0
SALE;110
SEEK;22
SELL;19
SHOW;3
SIGN;5
SIZE;45
SOLD;19
SPOT;2
STAY;23
SUIT;13
SWAP;25
TEND;1
TIME;219
TYPE;36
UPON;197
USED;130
USER;3
USES;16
VOID;2
VOTE;47
WIDE;2
YEAR;201
BEEN;164
FROM;599
GIVE;17
HAVE;347
INTO;152
MADE;314
MAKE;162
MUST;12
ONCE;14
PART;69
SAME;181
SUCH;2430
TAKE;103
THAN;222
THAT;2122
THEY;16
THIS;116
WERE;87
WHAT;16
WHOM;40
WILL;102
WITH;1010
1002;1
1061;1
206B;0
2A13;0
2C2A;0
2C2B;0
3A78;0
78OB;0
ACTS;46
FACA;1
VIII;20
BOTH;40
EACH;513
WHEN;74
ALSO;29
LIKE;13
MORE;129
ONLY;88
SOLE;34
THEN;40
LESS;13
OVER;58
ITEM;14
KNOW;5
MEAN;9
READ;33
RISE;7
TERM;654
TEN;3
AID;7
BAN;2
BID;1
BUY;1
CAP;2
DAY;80
FEE;70
JOB;3
LAW;407
LED;8
NEW;144
OUT;63
PAY;113
PIT;1
RBI;0
SEC;433
TAX;31
USE;183
WAR;0
ARE;607
BAR;13
CAN;22
DID;5
FOR;2458
HAD;32
HAS;406
HIS;15
HOW;36
ITS;275
MAY;1150
OFF;6
ONE;62
OWN;29
PER;20
THE;21500
WAS;168
WHO;236
106;4
10B;0
11A;0
12A;0
12B;0
13A;1
17A;0
18A;0
18B;0
19A;1
206;3
212;1
22A;0
24F;0
3A4;0
403;1
53A;0
611;2
621;1
701;1
714;0
717;0
718;0
724;0
727;0
728;0
729;0
731;0
732;0
739;0
741;0
746;0
753;0
761;1
78B;0
78C;1
7B1;0
7B2;0
ACT;134
AII;1
III;340
SEQ;3
VII;27
XII;3
XVI;0
ALL;409
ANY;3134
AND;7695
BUT;83
NON;40
NOR;10
NOT;892
WHY;11
END;396
PUT;5
SET;52
10;38
12;65
15;48
20;14
23;8
25;18
30;12
31;12
35;17
50;4
62;9
EC;127
IT;98
US;69
VI;44
AN;1412
AT;648
BE;1679
BY;4134
DO;39
HE;3
IN;4751
IS;1627
OF;12203
ON;1371
TO;5406
UP;20
11;54
13;21
14;60
16;20
17;20
18;11
19;5
1A;7
1B;10
21;3
22;8
24;4
27;9
28;2
29;29
2A;2
2B;7
2C;2
2F;0
2H;0
32;5
36;10
38;3
39;9
3A;2
3B;2
3C;6
3D;1
40;8
41;2
42;17
43;2
44;2
46;3
47;3
48;7
49;2
4A;5
4B;3
4C;4
4D;6
4I;0
4K;0
4L;0
4S;0
51;2
54;3
5A;1
5B;2
5C;1
5D;2
5I;0
68;2
6B;0
6D;2
8A;2
8E;0
A1;4
A2;5
A3;2
A4;2
A6;2
A7;1
AA;48
B2;7
B6;0
BB;39
C1;3
C2;1
CC;33
E1;1
E2;1
F1;4
II;800
IV;174
IX;19
L2;0
XI;7
NO;263
AS;2039
IF;493
OR;6693
SO;74
1;1095
2;942
3;561
4;344
5;255
6;185
7;147
8;136
9;188
A;6368
I;904
B;1357
C;848
D;619
E;624
F;214
H;142
J;47
K;41
L;82
M;68
N;91
O;43
P;77
Q;22
R;157
T;123
U;85
V;110
X;35
Y;30
