THE ENHANCING FINANCIAL INSTITUTION SAFETY AND SOUNDNESS ACT OF 2010;2
THE INTERNATIONAL LENDING SUPERVISION ACT OF 1983 12 USC 3907A1;0
NONBANK FINANCIAL COMPANY SUPERVISED BY THE BOARD OF GOVERNORS;67
DODD-FRANK WALL STREET REFORM AND CONSUMER PROTECTION ACT;24
THE BANK HOLDING COMPANY ACT OF 1956 12 USC 1841 ET SEQ;4
GRANDFATHERED UNITARY SAVINGS AND LOAN HOLDING COMPANY;0
THE FEDERAL DEPOSIT INSURANCE ACT 12 USC 1811 ET SEQ;4
THE SMALL BUSINESS INVESTMENT ACT OF 1958 15 USC 662;0
THE BANK HOLDING COMPANY ACT OF 1956 12 USC 1841A5E;0
THE BANK HOLDING COMPANY ACT OF 1956 12 USC 1841A5F;0
THE BANK HOLDING COMPANY ACT OF 1956 12 USC 1841C2B;0
THE BANK HOLDING COMPANY ACT OF 1956 12 USC 1841C2D;0
THE BANK HOLDING COMPANY ACT OF 1956 12 USC 1841C2F;0
THE BANK HOLDING COMPANY ACT OF 1956 12 USC 1841C2H;0
THE BANK HOLDING COMPANY ACT OF 1956 12 USC 1842D1A;0
THE BANK HOLDING COMPANY ACT OF 1956 12 USC 1843J2A;0
THE BANK HOLDING COMPANY ACT OF 1956 12 USC 1843K6B;1
THE COMMUNITY REINVESTMENT ACT OF 1977 12 USC 2903C;0
THE BANK HOLDING COMPANY ACT OF 1956 12 USC 1841C2;0
THE BANK HOLDING COMPANY ACT OF 1956 12 USC 1841O4;0
THE BANK HOLDING COMPANY ACT OF 1956 12 USC 1843L1;0
THE BANK HOLDING COMPANY ACT OF 1956 12 USC 1844C1;0
THE BANK HOLDING COMPANY ACT OF 1956 12 USC 1844C2;0
THE BANK HOLDING COMPANY ACT OF 1956 12 USC 1844C5;0
THE INTERNATIONAL BANKING ACT OF 1978 12 USC 31017;0
THE INTERNATIONAL BANKING ACT OF 1978 12 USC 3106A;2
ASSOCIATED PERSON OF A SECURITIES HOLDING COMPANY;0
NONBANK FINANCIAL COMPANY SUPERVISED BY THE BOARD;1
THE BANK HOLDING COMPANY ACT OF 1956 12 USC 1841P;0
THE BANK HOLDING COMPANY ACT OF 1956 12 USC 1842C;0
THE BANK HOLDING COMPANY ACT OF 1956 12 USC 1843K;4
THE BANK HOLDING COMPANY ACT OF 1956 12 USC 1844B;0
THE INVESTMENT ADVISERS ACT OF 1940 15 USC 80B-3M;0
THE BANK HOLDING COMPANY ACT OF 1956 12 USC 1841;3
THE BANK HOLDING COMPANY ACT OF 1956 12 USC 1843;2
THE FEDERAL DEPOSIT INSURANCE ACT 12 USC 1813Q1;1
THE FEDERAL DEPOSIT INSURANCE ACT 12 USC 1828C5;0
COMMITTEE ON BANKING HOUSING AND URBAN AFFAIRS;96
THE FARM CREDIT ACT OF 1971 12 USC 2001 ET SEQ;3
THE SECURITIES EXCHANGE ACT OF 1934 15 USC 78Q;6
THE CONSUMER FINANCIAL PROTECTION ACT OF 2010;68
THE FEDERAL DEPOSIT INSURANCE ACT 12 USC 1813;19
THE FEDERAL DEPOSIT INSURANCE ACT 12 USC 1815;0
THE FEDERAL DEPOSIT INSURANCE ACT 12 USC 1818;10
THE FEDERAL DEPOSIT INSURANCE ACT 12 USC 1823;0
THE FEDERAL DEPOSIT INSURANCE ACT 12 USC 1828;0
COMMITTEE ON FINANCIAL SERVICES OF THE HOUSE;84
THE SECURITIES ACT OF 1933 15 USC 77A ET SEQ;7
THE HOME OWNERS LOAN ACT 12 USC 1461 ET SEQ;3
FEDERAL AGRICULTURAL MORTGAGE CORPORATION;1
OFFICE OF THE COMPTROLLER OF THE CURRENCY;108
THE FEDERAL RESERVE ACT 12 USC 611 ET SEQ;0
COMPTROLLER GENERAL OF THE UNITED STATES;60
GOVERNMENT NATIONAL MORTGAGE ASSOCIATION;0
DEPOSITORY INSTITUTION HOLDING COMPANY;12
FEDERAL HOME LOAN MORTGAGE CORPORATION;6
FEDERAL DEPOSIT INSURANCE CORPORATION;90
FEDERAL NATIONAL MORTGAGE ASSOCIATION;6
FINANCIAL STABILITY OVERSIGHT COUNCIL;20
SUPERVISED SECURITIES HOLDING COMPANY;0
REVISED STATUTES OF THE UNITED STATES;7
THE FEDERAL RESERVE ACT 12 USC 371C-1;0
THE INTERNATIONAL BANKING ACT OF 1978;3
COMMODITY FUTURES TRADING COMMISSION;134
THE BANK HOLDING COMPANY ACT OF 1956;10
THE FEDERAL RESERVE ACT 12 USC 461B7;0
THE HOME OWNERS LOAN ACT 12 USC 1464;0
THE HOME OWNERS LOAN ACT 12 USC 1468;1
FUNCTIONALLY REGULATED SUBSIDIARIES;1
LEAD INSURED DEPOSITORY INSTITUTION;0
PRIMARY FINANCIAL REGULATORY AGENCY;35
REGULATORY IMPROVEMENTS ACT OF 2010;0
SECURITIES AND EXCHANGE ACT OF 1934;1
THE FINANCIAL STABILITY ACT OF 2010;5
THE SECURITIES EXCHANGE ACT OF 1934;84
APPROPRIATE FEDERAL BANKING AGENCY;115
SECURITIES AND EXCHANGE COMMISSION;141
THE FEDERAL RESERVE ACT 12 USC 248;5
THE FEDERAL RESERVE ACT 12 USC 371;3
THE FEDERAL RESERVE ACT 12 USC 375;0
THE INVESTMENT COMPANY ACT OF 1940;26
FUNCTIONALLY REGULATED SUBSIDIARY;4
THE FEDERAL DEPOSIT INSURANCE ACT;55
SAVINGS AND LOAN HOLDING COMPANY;16
SUPPORTING MATERIALS RELIED UPON;0
TO THE FULLEST EXTENT POSSIBLE;7
INSURED DEPOSITORY INSTITUTION;112
ANNUAL GROSS REVENUES DERIVED;1
INTERNAL FINANCIAL ACTIVITIES;3
INTERNAL REVENUE CODE OF 1986;14
INTERSTATE MERGER TRANSACTION;0
REVERSE REPURCHASE AGREEMENTS;2
FEDERAL DEPOSIT INSURANCE ACT;4
THE INTERNATIONAL BANKING ACT;0
AUDITED FINANCIAL STATEMENTS;4
CERTIFIED HISTORIC STRUCTURE;0
INTEREST-BEARING TRANSACTION;0
INTERMEDIATE HOLDING COMPANY;21
OFFICE OF THRIFT SUPERVISION;216
REVERSE REPURCHASE AGREEMENT;2
SELF-REGULATORY ORGANIZATION;45
SOURCE OF FINANCIAL STRENGTH;0
THE BANK HOLDING COMPANY ACT;1
THE CLAYTON ACT 15 USC 18AC8;1
COMPTROLLER OF THE CURRENCY;142
FEDERAL SAVINGS ASSOCIATION;41
FINANCIAL HOLDING COMPANIES;0
FUTURES COMMISSION MERCHANT;36
MEMORANDUM OF UNDERSTANDING;4
REHABILITATION EXPENDITURES;0
CODE OF FEDERAL REGULATIONS;12
HOLDING COMPANY ACT OF 1956;2
SECTION 5C5B 12 USC 1844C5B;0
SECURITIES HOLDING COMPANY;0
THE SECURITIES ACT OF 1933;21
COMMODITY TRADING ADVISER;0
FINANCIAL HOLDING COMPANY;6
INDUSTRIAL LOAN COMPANIES;0
INVESTIGATIVE PROCEEDINGS;0
STATE SAVINGS ASSOCIATION;28
SUBPARAGRAPHS A THROUGH D;4
SUBPARAGRAPHS A THROUGH E;3
CERTIFICATION MATERIALLY;1
CONSOLIDATED SUPERVISION;1
FEDERAL BANKING AGENCIES;41
MUTUAL HOLDING COMPANIES;1
REQUESTS FOR INFORMATION;4
SECTION 10A 12 USC 1848A;0
THE HOME OWNERS LOAN ACT;3
AGREEMENT TO REPURCHASE;0
ASSET-BACKED SECURITIES;19
BONA FIDE MARKET-MAKING;0
CALENDAR YEAR PRECEDING;2
CHIEF EXECUTIVE OFFICER;6
COMMODITY POOL OPERATOR;9
CONFLICTING SUPERVISORY;0
CONTRACTUALLY COMMITTED;0
DEPOSITORY INSTITUTIONS;25
INTERSTATE ACQUISITIONS;0
QUALIFIED THRIFT LENDER;0
REAL ESTATE INVESTMENTS;0
SWAP EXECUTION FACILITY;78
TAKE INTO CONSIDERATION;16
SECTION 10 12 USC 1467A;1
SECTION 38 12 USC 1831O;0
SUBPARAGRAPHS A B AND C;1
THE FEDERAL RESERVE ACT;27
TO THE EXTENT FEASIBLE;3
AFFILIATE TRANSACTIONS;0
BANK HOLDING COMPANIES;51
CEASE AND DESIST ORDER;2
DEPOSITORY INSTITUTION;64
DERIVATIVE TRANSACTION;1
FEDERAL BANKING AGENCY;14
MAJOR SWAP PARTICIPANT;150
MUTUAL HOLDING COMPANY;0
POTENTIAL CONSEQUENCES;1
REPORTING REQUIREMENTS;17
SMALL BUSINESS CONCERN;3
SMALL BUSINESS LENDING;1
PARAGRAPHS 2 THROUGH 4;1
PARAGRAPHS 3 THROUGH 5;1
ASSET BACKED SECURITY;0
ASSET-BACKED SECURITY;28
BUSINESS OF INSURANCE;14
CONFLICTS OF INTEREST;77
CONVERSION IMPLEMENTS;0
INVESTMENT ACTIVITIES;0
LARGE FINANCIAL FIRMS;0
MARKET-MAKING-RELATED;0
POLITICAL SUBDIVISION;10
REPURCHASE AGREEMENTS;4
CLAUSES I THROUGH III;6
SUBPARAGRAPHS A AND B;24
RULES OF CONSTRUCTION;5
ACTIVITIES CONDUCTED;6
ALLOCATION OF CREDIT;1
BANK HOLDING COMPANY;91
CAPITAL REQUIREMENTS;44
CONFLICT OF INTEREST;15
FINANCIAL ACTIVITIES;26
FINANCIAL INSTRUMENT;4
IN DANGER OF DEFAULT;14
PROPOSED ACQUISITION;1
REPURCHASE AGREEMENT;8
RISK-WEIGHTED ASSETS;1
STATE NONMEMBER BANK;0
SWAP DATA REPOSITORY;51
HOME OWNERS LOAN ACT;2
RULE OF CONSTRUCTION;60
BUSINESS ACTIVITIES;3
CAPITAL REQUIREMENT;5
COMPTROLLER GENERAL;90
COVERED TRANSACTION;25
FINANCIAL CONDITION;19
FINANCIAL STABILITY;62
PRIVATE EQUITY FUND;0
PROPOSED CONVERSION;0
PROPRIETARY TRADING;23
PROVIDES ASSISTANCE;0
SAVINGS ASSOCIATION;33
WRITTEN EXPLANATION;3
1 NOTICE PROCEDURES;0
15 USC 80A-1 ET SEQ;0
FEDERAL RESERVE ACT;5
SUBSECTIONS B AND D;1
SUBSECTIONS I AND J;0
SUBSECTIONS J AND K;0
UNDESIGNATED MATTER;7
BOARD OF GOVERNORS;504
CAPITAL REGULATION;0
FARM CREDIT SYSTEM;9
FINANCIAL SERVICES;17
INTERNAL FINANCIAL;1
INVESTMENT ADVISER;67
INVESTMENT COMPANY;18
PRINCIPALLY INVEST;0
REVENUES GENERATED;2
SOURCE OF STRENGTH;3
TOTAL CONSOLIDATED;28
IN CONNECTION WITH;169
PARAGRAPHS 1 AND 2;25
PARAGRAPHS 2 AND 3;9
SECTION 3C1 OR 3C7;1
FOR THE PURPOSE OF;79
IN ACCORDANCE WITH;246
GENERALLY DESCRIBE;0
AVOID DUPLICATION;2
CAPITAL STANDARDS;3
DEPOSIT INSURANCE;24
EXECUTIVE OFFICER;9
FINANCIAL COMPANY;73
FINANCIAL MARKETS;23
HIGH-RISK TRADING;0
HOLDING COMPANIES;27
INSURANCE COMPANY;22
INTERNAL TREASURY;2
NETTING AGREEMENT;0
OFF-BALANCE SHEET;3
RECEIVE DIVIDENDS;0
REPORTED PUBLICLY;6
RETAINED EARNINGS;0
STATE MEMBER BANK;3
HART-SCOTT-RODINO;1
PARAGRAPH 9 OR 13;0
REASONABLE NOTICE;1
SUBSECTION D OR E;1
IN THE EVENT THAT;8
ACTING IN CONCERT;1
NOVEMBER 23 2009;0
ACT TRANSACTIONS;0
ATTORNEY GENERAL;43
BECOME EFFECTIVE;31
COMMERCIAL FIRMS;0
CREDIT CARD BANK;0
EXISTING REPORTS;5
FINANCIAL ASSETS;5
FINANCIAL SYSTEM;61
LETTER OF CREDIT;1
PERIOD BEGINNING;87
RESPONSIBILITIES;51
THEREOF HAS BEEN;1
CLAUSES I AND II;10
FOR THE PURPOSES;27
DECEMBER 1 2009;0
APPROPRIATENESS;4
COMMERCIAL FIRM;0
COMPETITIVENESS;4
CONSIDER WAIVED;0
COUNTERCYCLICAL;0
CREDIT EXPOSURE;21
CROSS-MARKETING;0
DIFFERENTIATION;4
DIVERSIFICATION;1
FEDERAL RESERVE;168
FINANCIAL FIRMS;4
HOLDING COMPANY;4
INDUSTRIAL BANK;0
INTERPRETATIONS;9
MANAGING MEMBER;0
NONWITHDRAWABLE;0
PLACEMENT AGENT;1
PRICE MOVEMENTS;0
PRIME BROKERAGE;0
PUBLICLY TRADED;6
REPRESENTATIVES;117
RESPONSIBLE FOR;42
RISK MANAGEMENT;45
RISK-MITIGATING;0
SECURITIZATIONS;0
TRADING ACCOUNT;0
VENTURE CAPITAL;0
WRITTEN REQUEST;9
ASSOCIATED WITH;113
ATTRIBUTABLE TO;4
WITH REGARDS TO;0
12 USC 1831UB4B;0
SECTION 10A1DII;0
SECTION 5155G1A;0
THIS SUBSECTION;397
NOTWITHSTANDING;175
WITH RESPECT TO;640
RECOMMENDATIONS;137
ACCOUNTABILITY;38
ADMINISTRATION;35
BANKING ENTITY;0
CAPITAL LEVELS;0
COMMODITY POOL;16
COUNTERPARTIES;38
EFFECTIVE DATE;85
EXCHANGE RATIO;0
FEDERAL AGENCY;56
FURNISH COPIES;0
GROSS REVENUES;2
IMPLEMENTATION;47
INTERPRETATION;21
PARTICIPATIONS;1
PRIVATE EQUITY;0
RECOMMENDATION;59
REORGANIZATION;12
SECURITIZATION;6
SMALL BUSINESS;23
SPECIFICATIONS;4
12 USC 1467AE2;0
12 USC 1467AM3;0
SECTION 5200B3;0
STUDY REQUIRED;55
SUBPARAGRAPH A;390
SUBPARAGRAPH B;166
SUBPARAGRAPH C;65
SUBPARAGRAPH D;36
SUBPARAGRAPH F;6
SUBSECTION C9C;0
THIS PARAGRAPH;184
AS A RESULT OF;25
CONDITIONED ON;0
IN ADDITION TO;33
IN THE CASE OF;118
NOT LATER THAN;278
WITH REGARD TO;27
PRIOR APPROVAL;10
APPROPRIATELY;8
ACTIVELY SEEK;0
BALANCE SHEET;11
CERTIFICATION;73
COMMISSIONERS;3
COMPARABILITY;10
COMPREHENSIVE;22
CONCENTRATION;12
CONSIDERATION;70
CONSOLIDATION;7
DETERMINATION;272
DIFFERENTIATE;7
DISADVANTAGES;0
FOREIGN-BASED;7
GRANDFATHERED;0
ILLIQUID FUND;0
INAPPROPRIATE;3
INVESTIGATIVE;22
MODIFICATIONS;11
NATIONAL BANK;49
OF SECURITIES;57
RECORDKEEPING;26
REGULATION OF;67
REHABILITATED;0
RELATIONSHIPS;5
SELF-INTEREST;0
TAX-QUALIFIED;1
THIRD PARTIES;11
TRANSFER DATE;63
UNITED STATES;387
VOTING SHARES;1
APPLICABLE TO;91
SUBSTANTIALLY;29
SECTION 10C9A;0
SECTION 10C9C;0
SECTION 10C9D;0
SECTION 18D4A;0
SECTION 44B4B;0
SECTION 5200B;0
SECTION 908A1;0
SUBCLAUSE AII;0
SUBCLAUSE III;5
SUBSECTION A1;49
SUBSECTION A2;25
SUBSECTION B2;19
SUBSECTION C8;0
SUBSECTION D1;8
SUBSECTION D3;0
SUBSECTION D4;1
SUBSECTION H2;4
SUBSECTION H4;0
SUBSECTION K6;0
IN EVERY CASE;0
PROVIDED THAT;19
TO THE EXTENT;154
TOGETHER WITH;26
REDESIGNATING;93
SUBPARAGRAPHS;5
COMPLIES WITH;12
ESTABLISHMENT;61
INSUFFICIENT;10
UNACCEPTABLE;5
ACQUISITIONS;5
ASSOCIATIONS;31
AVAILABILITY;51
COMMENSURATE;1
CONCENTRATED;1
CONSOLIDATED;20
CONSULTATION;158
CONSUMMATION;18
COORDINATION;55
COUNTERPARTY;93
EXAMINATIONS;66
FOREIGN BANK;34
IMPROVEMENTS;14
INSTITUTIONS;56
INSURED BANK;6
INTERMEDIATE;6
JURISDICTION;153
MORAL HAZARD;4
NOTIFICATION;34
ORDER ISSUED;14
QUANTITATIVE;14
REGISTRATION;113
REQUIREMENTS;477
SHAREHOLDERS;29
SUBSIDIARIES;40
TRANSACTIONS;194
UNAFFILIATED;7
UNDERWRITING;21
BY REASON OF;12
BY VIRTUE OF;11
HAS SPECIFIC;0
ON BEHALF OF;68
12 USC 1817J;0
2 MORATORIUM;0
A MORATORIUM;0
B EXCEPTIONS;2
PARAGRAPH 11;7
PARAGRAPH 1A;34
PARAGRAPH 1B;19
PARAGRAPH 1C;6
PARAGRAPH 2A;21
PARAGRAPH 3B;9
SECTION 10B2;0
SECTION 10C2;0
SECTION 10E2;0
SECTION 10G1;0
SECTION 10M3;0
SECTION 18C5;0
SECTION 19B7;0
SECTION 203M;0
SECTION 22H9;0
SECTION 2A5E;0
SECTION 2A5F;0
SECTION 2C2B;4
SECTION 2C2D;7
SECTION 2C2F;0
SECTION 2C2H;0
SECTION 3D1A;0
SECTION 4J2A;0
SECTION 4K6B;1
SECTION 5136;4
SECTION 5154;0
SECTION 5B1B;0
SECTION 7AC8;1
SECTION 804C;0
SECTIONS 5C1;0
SUBCLAUSE II;15
SUBSECTION A;270
SUBSECTION B;165
SUBSECTION C;63
SUBSECTION D;41
SUBSECTION E;36
SUBSECTION F;23
SUBSECTION I;10
SUBSECTION J;8
SUBSECTION O;5
THIS SECTION;694
EARLIER THAN;8
RESPECTIVELY;73
SPECIFICALLY;36
ANTI-EVASION;0
REDESIGNATED;61
SUBPARAGRAPH;86
ESTABLISHING;55
IMPLEMENTING;32
PROHIBITIONS;7
RESTRICTIONS;18
10000000000;17
APPROPRIATE;525
IMMEDIATELY;35
PERMISSIBLE;8
SIGNIFICANT;74
ACCOMMODATE;0
ACQUISITION;19
ALTERNATING;0
APPLICATION;93
ASSOCIATION;64
AUTHORITIES;100
CAPITALIZED;0
CARRIED OUT;9
CARRIES OUT;3
CHAIRPERSON;58
COMMITMENTS;1
COMMODITIES;24
CONSISTENCY;11
CONSOLIDATE;2
CONTRACTION;0
CONTRACTUAL;12
CONTROLLING;11
CONVENIENCE;2
CONVERSIONS;1
COORDINATED;9
CORPORATION;766
CREDIT CARD;6
DECLARATION;3
DEFINITIONS;107
DERIVATIVES;26
DETERMINING;62
DETRIMENTAL;1
DIFFERENCES;14
DISPOSITION;18
DIVESTITURE;5
DUPLICATION;1
ELIMINATING;3
ELIMINATION;4
ENFORCEMENT;270
EXAMINATION;115
EXPLANATION;36
FULFILLMENT;7
FURTHERANCE;16
GOVERNMENTS;6
HEDGE FUNDS;2
INDEPENDENT;67
INFORMATION;710
INSPECTIONS;18
INSTITUTION;39
INSTRUMENTS;35
INVESTMENTS;30
LIABILITIES;50
OBLIGATIONS;139
OPERATIONAL;17
OPPORTUNITY;54
OUTSTANDING;31
PARTNERSHIP;17
PERFORMANCE;43
PRINCIPALLY;3
PROCEEDINGS;60
PROMOTIONAL;1
RECOMMENDED;11
REGULATIONS;403
REORGANIZED;0
REQUIREMENT;122
RESPONSIBLE;7
SHAREHOLDER;24
SPONSORSHIP;0
SUPERVISION;89
SUPERVISORY;64
SWAP DEALER;163
TERMINATION;36
TERRITORIES;2
TRANSACTION;384
UNDERWRITER;16
UNREGULATED;0
PURSUANT TO;405
REFERRED TO;116
RELATING TO;250
CONFORMANCE;0
PARAGRAPH 1;395
PARAGRAPH 2;201
PARAGRAPH 3;87
PARAGRAPH 4;74
PARAGRAPH 5;27
PARAGRAPH 7;15
SECTION 102;7
SECTION 10A;4
SECTION 10B;4
SECTION 10O;0
SECTION 11A;1
SECTION 13C;0
SECTION 18C;2
SECTION 18G;0
SECTION 19I;0
SECTION 1B7;1
SECTION 22D;0
SECTION 22H;0
SECTION 23A;0
SECTION 23B;0
SECTION 25A;3
SECTION 2C2;11
SECTION 2O4;0
SECTION 2O8;0
SECTION 311;2
SECTION 4L1;0
SECTION 5C2;0
SECTION 5C5;0
SECTION 5U3;0
SECTIONS 4L;0
SUBCLAUSE I;31
SUBSECTIONS;32
ACCORDINGLY;12
IN ORDER TO;74
RELEVANT TO;17
EFFECTIVELY;11
PROSPECTIVE;14
SHORT TITLE;14
ESTABLISHED;278
LIMITATIONS;71
PROHIBITION;58
RESTRICTION;4
TAKE EFFECT;41
10 PERCENT;11
15 PERCENT;1
25 PERCENT;2
ACCEPTABLE;14
ADEQUATELY;5
CONSISTENT;103
INDIRECTLY;50
MAY 1 2010;0
REASONABLE;138
REASONABLY;53
SUFFICIENT;32
ACCEPTANCE;13
ACCOUNTING;87
ACTIVITIES;253
ADVANTAGES;1
AFFILIATED;16
AFFILIATES;33
AGGREGATED;4
ASSESSMENT;57
ASSISTANCE;105
ASSOCIATED;44
BASED UPON;19
BUSINESSES;9
COMMENCING;4
COMMERCIAL;48
COMMISSION;1570
COMMITMENT;2
COMPARABLE;57
COMPLETION;16
COMPLIANCE;272
CONCLUDING;1
CONDITIONS;123
CONDUCT OF;28
CONDUCTING;43
CONSTITUTE;15
CONTROLLED;29
CONVERSION;10
COORDINATE;50
CURRENCIES;9
DEFINITION;94
DERIVATIVE;15
DEVELOPING;15
EFFICIENCY;10
EXERCISING;16
EXTENSIONS;6
EXTERNALLY;2
FACILITIES;39
GEOGRAPHIC;6
GOVERNMENT;122
HEDGE FUND;0
HOME STATE;14
HOUSEHOLDS;3
IMMATERIAL;0
IMPORTANCE;12
INCIDENTAL;25
INDIVIDUAL;121
INTERSTATE;24
INVESTMENT;113
MAINTAINED;32
MANAGEMENT;120
MANAGERIAL;7
MITIGATION;6
MONITORING;28
OBJECTIVES;33
OBLIGATION;97
OCCURRENCE;20
OPERATIONS;54
ORGANIZING;0
PRIVILEGES;24
PROHIBITED;19
PROMULGATE;34
PROTECTING;7
PROVISIONS;253
REDEMPTION;6
REGISTERED;351
REGULATION;296
REGULATORS;39
REGULATORY;165
REPUTATION;0
RESOLUTION;94
RESPECTIVE;12
RESPONDING;11
RISK-BASED;14
SECURITIES;442
SECURITIZE;0
SHORT-TERM;3
STATE BANK;10
STRATEGIES;6
STRENGTHEN;1
SUBSIDIARY;113
SUPERVISED;53
SUPERVISOR;5
TERMINATES;0
TRANSITION;27
TRUST BANK;0
UNDERTAKEN;12
APPLICABLE;213
AS FOLLOWS;42
IDENTIFIED;69
IN GENERAL;621
PARTICULAR;33
12 USC 84B;0
1467AA1DII;0
CLAUSE III;32
SECTION 11;6
SECTION 13;15
SECTION 15;10
SECTION 17;5
SECTION 18;6
SECTION 25;9
SECTION 27;2
SECTION 2P;0
SECTION 3C;17
SECTION 3Q;16
SECTION 47;0
SECTION 4C;15
SECTION 4K;12
SECTION 5B;10
SECTION 5D;3
SECTION 5I;0
SECTION 7J;0
SECTION 8A;8
SUBTITLE B;40
THIS TITLE;592
CONCERNING;58
EARLIER OF;7
EQUIVALENT;22
EXCEPTIONS;34
IN NO CASE;4
LATER THAN;19
REPRESENTS;8
SUBJECT TO;493
ADDITIONAL;111
MINIMIZING;2
AMENDMENTS;136
DE MINIMIS;5
MORATORIUM;0
PARAGRAPHS;33
REFERENCED;5
RULEMAKING;102
LIMITATION;87
AUTHORIZED;166
DETERMINED;137
DETERMINES;204
DISAPPROVE;4
EXEMPTIONS;34
PRESCRIBED;216
SUBJECTING;1
12 MONTHS;23
18 MONTHS;20
EQUITABLE;24
NECESSARY;295
PRIMARILY;14
ACQUIRING;4
ADJUSTING;14
AFFILIATE;95
AGGREGATE;49
AGREEMENT;262
APPLICANT;30
ASSESSING;19
ASSOCIATE;0
ATTESTING;0
AUTHORITY;533
AVAILABLE;244
BONA FIDE;25
BORROWING;17
BRANCHING;1
CARRY OUT;106
CERTIFIES;4
CHARTERED;15
COMMODITY;98
COMMUNITY;16
COMPANIES;198
CONDITION;38
CONDUCTED;82
CONSUMERS;168
CONTRACTS;135
CORPORATE;18
CUSTOMERS;31
DEPOSITOR;8
DIRECTORS;118
DISCLOSES;4
DIVIDENDS;10
DOCUMENTS;45
DOMICILED;7
ELIMINATE;6
EMPLOYEES;189
ENHANCING;1
EXCLUSION;27
EXPANSION;4
EXPOSURES;14
EXTENSION;62
FIDUCIARY;18
FINANCIAL;523
FOREGOING;4
FORMATION;5
FRAMEWORK;4
FREQUENCY;10
FUNCTIONS;111
FURNISHED;14
GUARANTEE;54
HIGH-RISK;1
IMPLEMENT;52
INSURANCE;230
INTERESTS;54
INVESTORS;129
INVOLVING;46
LIABILITY;42
LIQUIDITY;29
LOCATIONS;2
MARKETING;11
OPERATING;34
OPERATION;44
ORGANIZED;21
ORGANIZES;1
OVERSIGHT;74
OWNERSHIP;21
PERMANENT;10
PLACEMENT;6
PORTFOLIO;25
POSITIONS;67
PRACTICES;86
PRESENTED;7
PRINCIPAL;106
PROPOSING;5
PROVIDING;137
PROVISION;369
PURCHASER;11
PURCHASES;13
QUALIFIED;25
RECOMMEND;19
REFERRALS;4
REGISTERS;0
REGULATOR;32
REPAYABLE;0
REPORTING;147
REPRESENT;7
RESULTING;21
RETAINING;3
RETENTION;47
SELECTING;3
SOUNDNESS;22
SPONSORED;3
STABILITY;26
STANDARDS;294
STATEMENT;77
SUBMITTED;79
SUBSIDIES;1
SUBSTANCE;2
SYNTHETIC;0
TAXPAYERS;18
TERMINATE;33
TREATMENT;64
VALUATION;20
VARIATION;14
VIOLATION;190
BE SERVED;21
DIFFERENT;28
FOLLOWING;673
PRECEDING;72
12 USC 24;2
2 CONTENT;11
CLAUSE II;51
PARAGRAPH;35
SECTION 2;16
SECTION 3;43
SECTION 4;31
SECTION 5;18
SECTION 8;31
TITLE III;3
EXCEPT AS;147
INCLUDING;733
LESS THAN;59
MORE THAN;77
OTHERWISE;250
REGARDING;243
DECREASES;0
DEDUCTION;2
INCREASES;12
AMENDMENT;76
CONSTRUED;119
DEFERENCE;16
DESCRIBED;623
EFFECTIVE;78
ENACTMENT;281
EXPRESSLY;8
INSERTING;1026
SEMICOLON;25
APPROVALS;0
DETERMINE;166
ENFORCING;10
ESTABLISH;242
EXCEPTION;62
EXEMPTION;85
PERMITTED;49
PRESCRIBE;200
REGULATED;63
SATISFIED;5
SET FORTH;52
SPECIFIED;50
SUPERVISE;5
180 DAYS;38
2 MONTHS;1
270 DAYS;8
6 MONTHS;24
9 MONTHS;5
ANNUALLY;37
DIRECTLY;108
ONE YEAR;1
POSSIBLE;35
PROMPTLY;20
RELEVANT;59
TWO-YEAR;0
ACCOUNTS;56
ACHIEVES;1
ACQUIRED;16
ACTIVITY;80
ADEQUACY;12
ADJUSTED;27
ADOPTING;11
ADVANCES;8
ADVISORY;45
AFFECTED;18
AGENCIES;194
APPLYING;8
APPROVED;35
ASSURING;6
BELIEVES;5
BENEFITS;79
BUILDING;6
BUSINESS;180
CAPACITY;59
CARRYING;47
CATEGORY;53
COMMENCE;10
COMPANYS;7
COMPLETE;37
COMPLIED;2
CONCERNS;19
CONDUCTS;8
CONGRESS;166
CONSIDER;76
CONTINUE;45
CONTRACT;360
CONTROLS;41
CRITERIA;45
DECLARED;2
DELIVERY;73
DEPOSITS;40
DESIGNED;38
DILUTION;0
DIRECTOR;510
DISCOUNT;23
DISTRESS;14
DIVIDEND;1
ECONOMIC;42
ELECTIVE;0
ELIGIBLE;32
EMPLOYEE;177
ENGAGING;15
ENTITIES;156
ENTITLED;31
EVASIONS;7
EXERCISE;101
EXISTING;65
EXPECTED;20
EXPENSES;50
EXPOSURE;13
EXTENDED;25
FINDINGS;49
GUARANTY;8
GUIDANCE;20
HISTORIC;0
HOLDINGS;0
IDENTIFY;59
ILLIQUID;0
IMPOSING;10
INCLUDED;25
INCLUDES;73
INDIRECT;12
INHERENT;0
INSIDERS;0
INTEREST;222
INTERNAL;46
INVESTED;12
INVESTOR;53
INVOLVES;11
ISSUANCE;49
JUDGMENT;30
LEVERAGE;22
MAJORITY;20
MARKETED;1
MATERIAL;88
MID-TIER;0
MINORITY;25
NONBANKS;0
NOTIFIES;9
OBTAINED;44
OFFERING;52
OFFICERS;23
PREPARED;17
PRESENTS;8
PROPERTY;232
PROPOSED;108
PROVIDES;81
PURCHASE;93
PURPOSES;410
RECEIVED;107
RECEIVES;43
REGISTER;54
RELIANCE;11
RESERVED;3
RESIDENT;1
RULES OF;77
SECURITY;217
SERVICES;242
SPONSORS;0
STRATEGY;13
TANGIBLE;15
TRANSFER;205
TRANSMIT;17
TROUBLED;0
TRUSTEES;1
VIOLATED;14
VIOLATES;10
WITHDRAW;0
CONTENTS;20
DOES NOT;161
SPECIFIC;56
3 REPORT;10
CLAUSE I;135
CLAUSE V;11
THIS ACT;340
TITLE 13;0
TITLE VI;0
WHENEVER;18
AT LEAST;42
GREATEST;4
PROVIDED;414
SO AS TO;13
DEDUCTED;2
INCREASE;46
NEGATIVE;12
BASED ON;90
CONTRARY;9
MEANINGS;17
SECTIONS;33
SENTENCE;88
STRIKING;963
APPROVAL;67
ENSURING;11
EVALUATE;21
EXCEPTED;16
LIMITING;33
PRESUMED;2
REGULATE;5
REPEALED;11
REQUIRED;517
RESTRICT;12
2 YEARS;25
30 DAYS;50
45 DAYS;4
5 YEARS;32
90 DAYS;47
INVALID;0
PERCENT;21
SHORTER;7
ABILITY;82
ACCOUNT;191
ACQUIRE;14
ACTIONS;129
ADDRESS;41
ADVANCE;31
ADVISED;9
AGENCYS;7
AMOUNTS;126
ARISING;59
ATTRACT;0
AUDITOR;2
BACK-UP;4
BANKING;32
BECOMES;13
BELIEVE;24
BENEFIT;52
BROKERS;95
CAPITAL;95
CHANGES;45
CHARGES;40
CLIENTS;12
CLOSING;22
COLLECT;21
COMMENT;28
COMPANY;273
CONDUCT;205
CONSENT;46
CONSULT;67
CONTROL;71
CONVERT;3
COUNCIL;368
DEALERS;104
DEFAULT;69
DEFINED;314
DEMANDS;1
DISPOSE;5
ECONOMY;10
ENGAGED;86
ENGAGES;18
ENHANCE;16
ENSURES;2
ENTERED;61
EVASION;18
EXAMINE;26
EXTENDS;5
FACTORS;57
FEDERAL;520
FINDING;15
FOREIGN;181
FULFILL;8
FUNDING;52
HEARING;91
HEDGING;12
IMPOSED;74
INCLUDE;250
INDICES;5
INITIAL;40
INSIDER;4
INSURED;75
INVESTS;2
INVOLVE;3
ISSUING;21
LENDING;47
LOCATED;38
MANAGED;6
MANAGER;4
MARGINS;8
MEASURE;17
MEMBERS;114
MERGERS;1
MONITOR;32
NATURAL;24
NONBANK;58
OFFERED;30
OFFICER;132
ONGOING;18
PARTNER;9
PAYMENT;183
PERFORM;56
PERIODS;22
PERSONS;195
PLEDGED;8
PORTION;29
PREPARE;29
PROGRAM;151
PROMOTE;39
PROTECT;39
PROVIDE;324
QUALIFY;8
RECEIPT;71
RECEIVE;60
RECORDS;132
REDUCED;12
REFLECT;24
REPORTS;219
REQUEST;180
RESULTS;59
RETAINS;6
SECURED;59
SELLING;11
SERVICE;108
SERVING;35
SPECIAL;48
SPECIFY;12
SPONSOR;6
SUBJECT;45
SURPLUS;7
SYSTEMS;61
TRADING;116
TREATED;43
TRUSTEE;20
UNSOUND;3
WARRANT;4
WELFARE;0
WRITING;64
WRITTEN;114
AGAINST;154
ANOTHER;62
BETWEEN;108
CERTAIN;101
DE NOVO;2
FOLLOWS;43
GENERAL;134
OUTSIDE;22
PENDING;18
PRESENT;33
RELATED;129
SAVINGS;33
THEREOF;104
THROUGH;235
WITHOUT;108
1467AB2;0
1467AC2;0
SECTION;40
TITLE I;13
JOINTLY;92
NOTHING;95
EVEN IF;6
FURTHER;45
GRANTED;42
GREATER;17
ONLY IF;21
SIMILAR;109
SO THAT;10
SUCH AS;29
THAT IS;511
WHETHER;279
APPEARS;138
CONTENT;21
MEANING;67
STATUTE;36
LIMITED;29
AMENDED;601
APPROVE;16
CONFORM;16
ENFORCE;122
PREVENT;66
REQUIRE;211
30-DAY;13
60-DAY;6
LIKELY;27
ACCEPT;30
ACCESS;100
ACTION;373
ACTUAL;21
AFFECT;79
AGENCY;441
AGENTS;15
AMOUNT;331
ANNUAL;125
ASSETS;210
ASSUME;7
AVOIDS;1
BACKUP;17
BECAME;6
BECOME;43
BOARDS;13
BRANCH;29
CAUSED;5
CAUSES;2
CHANGE;94
CHARGE;36
CONFER;0
CREATE;16
CREDIT;268
DEFINE;29
DEGREE;14
DEMAND;44
DILUTE;0
DIRECT;49
DIVEST;6
DUTIES;118
EFFECT;153
ELECTS;7
ENDING;16
ENGAGE;34
ENTITY;205
EQUITY;53
EXPIRE;6
EXTEND;33
EXTENT;100
FORMAL;3
FUTURE;75
HOLDER;21
IMPACT;63
INCOME;53
INFORM;9
INSURE;3
INTENT;14
INVEST;6
ISSUED;167
ISSUER;177
ISSUES;59
LOSSES;41
MARKET;225
MEMBER;160
MERGER;9
MUTUAL;8
NATURE;69
NOTICE;256
NOTIFY;42
NUMBER;90
OBJECT;4
OBTAIN;53
OCCURS;11
OFFERS;18
OFFICE;312
OPTION;87
ORDERS;97
OTHERS;11
PARENT;18
PERIOD;296
PERSON;902
PLACED;13
PROFIT;5
PUBLIC;303
RAISED;7
RECORD;44
REDUCE;25
REMAIN;39
REPEAL;8
REPORT;555
RESELL;0
RESULT;44
RETAIN;20
REVIEW;202
RIGHTS;116
SAFETY;38
SELECT;11
SENATE;148
SERVES;6
SHARES;14
SOURCE;30
STATES;30
SUBMIT;177
SYSTEM;166
TAKING;50
THREAT;18
TIER 1;6
UNSAFE;2
UPDATE;11
WAIVED;9
ABSENT;2
BEHALF;2
COMMON;10
DURING;142
GIVING;8
HAVING;53
MAKING;101
1467AB;0
1467AO;0
CLAUSE;48
BEFORE;327
EITHER;51
EXCEPT;156
IN ALL;3
LONGER;10
SOLELY;56
UNLESS;181
WITHIN;197
EXCEED;64
ADDING;240
FILING;58
MANNER;168
MATTER;53
SUNSET;3
LIMITS;71
COMPLY;69
DEEMED;93
ENSURE;128
EXEMPT;74
IMPOSE;61
PERMIT;39
WAIVER;25
FIRST;89
UNDUE;2
ABUSE;11
ADOPT;76
ASSET;55
AVOID;23
BANKS;56
BEGIN;8
BOARD;398
BRING;20
CAUSE;57
CEASE;4
CHECK;12
CLASS;101
COSTS;65
ENTER;46
EVENT;35
FAILS;14
FILES;14
FINAL;136
FINDS;37
FOCUS;6
FULLY;26
FUNDS;173
GOODS;26
GRANT;46
GROUP;89
HOLDS;18
ISSUE;152
JOINT;31
LEASE;34
LOANS;106
LOCAL;38
MEANS;394
MEETS;44
MERGE;3
NEEDS;21
ORDER;237
OWNED;34
PLACE;197
POSED;8
PRIOR;85
RATES;33
REPAY;19
RIGHT;76
RISKS;99
RULES;498
SALES;29
SCOPE;52
SERVE;61
SHARE;25
SOUND;13
STATE;560
STOCK;24
STUDY;239
SWAPS;214
TIMES;24
TRUST;54
TYPES;40
VALUE;115
YEARS;42
AMONG;54
BORNE;2
COULD;47
GIVEN;23
GIVES;3
MAKES;42
MIGHT;10
TAKES;21
THEIR;113
THOSE;85
UNDER;2683
WHICH;939
WHOLE;20
WOULD;164
1467A;1
OTHER;1444
AFTER;853
WHILE;29
TOTAL;92
ADDED;67
APPLY;212
BASED;18
BASIS;124
CITED;14
COMMA;6
TAKEN;78
TERMS;236
LIMIT;83
SHALL;3460
WAIVE;10
WELL;2
BANK;146
COPY;41
COST;54
DATE;655
DEBT;92
DUTY;52
FIND;2
FIRM;56
FORM;122
FULL;28
FUND;234
HELD;83
HOME;92
KEEP;8
KEPT;6
LAWS;83
LOAN;287
LOSS;54
MAIN;1
MEET;66
NAME;18
NOTE;14
OATH;7
OWNS;7
PLAN;152
POSE;23
RELY;9
RISK;116
ROLE;8
RULE;413
SAFE;21
SALE;174
SEEK;19
SELL;20
SIZE;48
SOLD;19
SWAP;293
TIME;237
TYPE;68
UPON;222
USED;152
VOTE;55
YEAR;216
BEEN;187
FROM;688
GIVE;19
HAVE;430
INTO;238
MADE;354
MAKE;201
NEAR;1
PART;73
SAME;184
SUCH;2769
TAKE;119
THAN;245
THAT;2559
THIS;143
WERE;78
WILL;130
WITH;1204
1462;1
6G1A;0
VIII;25
EACH;677
WHEN;79
ALSO;46
MORE;155
ONLY;105
LESS;19
MEAN;9
READ;29
RISE;9
SETS;13
TERM;721
DEEM;10
2/3;21
DUE;27
FEE;69
IFI;20
LAW;424
MIX;5
NEW;162
OUT;66
PAY;113
SEC;466
TAX;33
USE;221
ARE;709
FOR;3012
HAD;33
HAS;462
ITS;330
MAY;1369
ONE;58
THE;24302
WAS;175
WHO;287
10A;1
13A;2
214;1
601;1
602;0
603;0
604;0
605;0
607;0
609;0
611;2
619;0
621;1
623;0
624;0
626;0
78C;10
ACT;169
III;439
SEQ;3
VII;42
ALL;453
ANY;3862
AND;8875
BUT;106
NON;40
NOT;1077
END;418
10;47
12;64
15;73
20;21
25;19
35;17
62;9
EC;136
IT;168
US;113
VI;63
AN;1561
AT;719
BE;2079
BY;4715
DO;41
IN;5599
IS;1908
OF;13894
ON;1630
TO;6383
11;71
13;25
14;64
16;26
17;24
18;19
1B;10
27;13
38;5
4A;8
AA;68
B9;1
BB;50
C1;2
CC;37
D1;2
F1;4
G1;2
II;1039
IV;221
NO;306
AS;2509
IF;549
OR;8448
SO;83
1;1253
2;1061
3;629
4;408
5;312
6;218
7;273
8;162
A;7757
I;1185
B;1621
C;1072
D;719
E;677
F;253
H;175
J;56
M;78
R;167
T;135
U;88
V;150
Y;30
Z;15
