MODEL REGULATIONS ON THE USE OF SENIOR-SPECIFIC CERTIFICATIONS AND PROFESSIONAL DESIGNATIONS IN THE SALE OF LIFE INSURANCE AND ANNUITIES;0
MODEL REGULATION ON THE USE OF SENIOR-SPECIFIC CERTIFICATIONS AND PROFESSIONAL DESIGNATIONS IN THE SALE OF LIFE INSURANCE AND ANNUITIES;0
NATIONAL ASSOCIATION OF INSURANCE COMMISSIONERS SUITABILITY IN ANNUITY TRANSACTIONS MODEL REGULATION MODEL 275;0
MODEL RULE ON THE USE OF SENIOR-SPECIFIC CERTIFICATIONS AND PROFESSIONAL DESIGNATIONS;0
SECTION 5136A OF TITLE LXII OF THE REVISED STATUTES OF THE UNITED STATES 12 USC 24A;0
HOUSING ENTERPRISES FINANCIAL SAFETY AND SOUNDNESS ACT OF 1992 12 USC 4519;0
MODEL STANDARD NONFORFEITURE LAW FOR INDIVIDUAL DEFERRED ANNUITIES;0
THE PUBLIC UTILITY HOLDING COMPANY ACT OF 1935 15 USC 79A ET SEQ;0
HOUSING ENTERPRISES FINANCIAL SAFETY AND SOUNDNESS ACT OF 1992;2
THE EMERGENCY ECONOMIC STABILIZATION ACT OF 2008 12 USC 5231K;0
SECTION 4 OF THE SECURITIES EXCHANGE ACT OF 1934 15 USC 78D;0
THE SECURITIES INVESTOR PROTECTION ACT OF 1970 15 USC 78DDD;1
THE SECURITIES INVESTOR PROTECTION ACT OF 1970 15 USC 78JJJ;0
THE SECURITIES INVESTOR PROTECTION ACT OF 1970 15 USC 78LLL;1
SECTION 8GE OF THE INSPECTOR GENERAL ACT OF 1978 5 USC APP;0
DODD-FRANK WALL STREET REFORM AND CONSUMER PROTECTION ACT;26
SECTION 5A OF THE INSPECTOR GENERAL ACT OF 1978 5 USC APP;2
SECTION 8G OF THE INSPECTOR GENERAL ACT OF 1978 5 USC APP;0
SECTION 8L OF THE INSPECTOR GENERAL ACT OF 1978 5 USC APP;0
PERSONAL CONSUMPTION EXPENDITURES CHAIN-TYPE PRICE INDEX;0
THE BANK HOLDING COMPANY ACT OF 1956 12 USC 1841 ET SEQ;9
SOLICITATION OF A MUNICIPAL ENTITY OR OBLIGATED PERSON;0
NATIONALLY RECOGNIZED STATISTICAL RATING ORGANIZATION;1
THE SECURITIES EXCHANGE ACT OF 1934 15 USC 78A ET SEQ;19
NORTH AMERICAN SECURITIES ADMINISTRATORS ASSOCIATION;0
SECTION 15GC2 OF THE SECURITIES EXCHANGE ACT OF 1934;0
SUITABILITY IN ANNUITY TRANSACTIONS MODEL REGULATION;0
THE FEDERAL DEPOSIT INSURANCE ACT 12 USC 1811 ET SEQ;5
THE SECURITIES EXCHANGE ACT OF 1934 15 USC 78 ET SEQ;0
MODEL STANDARD NONFORFEITURE LAW FOR LIFE INSURANCE;0
THE TRUST INDENTURE ACT OF 1939 15 USC 77AAA ET SEQ;0
SECTION 7 OF THE SECURITIES ACT OF 1933 15 USC 77G;0
THE INVESTMENT ADVISERS ACT OF 1940 15 USC 80B-10;0
THE INVESTMENT COMPANY ACT OF 1940 15 USC 80A-24F;0
THE SARBANES-OXLEY ACT OF 2002 15 USC 7201 ET SEQ;0
THE INVESTMENT COMPANY ACT OF 1940 15 USC 80A-30;0
NATIONAL ASSOCIATION OF INSURANCE COMMISSIONERS;3
SECTION 555 OF PUBLIC LAW 100461 22 USC 286HHA6;0
THE SECURITIES EXCHANGE ACT OF 1934 15 USC 78AA;0
THE SECURITIES EXCHANGE ACT OF 1934 15 USC 78AM;0
THE SECURITIES EXCHANGE ACT OF 1934 15 USC 78CA;13
THE SECURITIES EXCHANGE ACT OF 1934 15 USC 78EE;0
THE SECURITIES EXCHANGE ACT OF 1934 15 USC 78FB;0
THE SECURITIES EXCHANGE ACT OF 1934 15 USC 78KK;0
THE SECURITIES EXCHANGE ACT OF 1934 15 USC 78ME;0
THE SECURITIES EXCHANGE ACT OF 1934 15 USC 78MF;1
THE SECURITIES EXCHANGE ACT OF 1934 15 USC 78NA;0
THE SECURITIES EXCHANGE ACT OF 1934 15 USC 78NG;0
THE SECURITIES EXCHANGE ACT OF 1934 15 USC 78OB;4
THE SECURITIES EXCHANGE ACT OF 1934 15 USC 78OD;0
THE SECURITIES EXCHANGE ACT OF 1934 15 USC 78PA;0
THE SECURITIES EXCHANGE ACT OF 1934 15 USC 78SB;1
THE SECURITIES EXCHANGE ACT OF 1934 15 USC 78TA;0
THE SECURITIES EXCHANGE ACT OF 1934 15 USC 78TE;0
COMMITTEE ON BANKING HOUSING AND URBAN AFFAIRS;68
THE PAPERWORK REDUCTION ACT 44 USC 3501 ET SEQ;0
THE PUBLIC UTILITY HOLDING COMPANY ACT OF 1935;0
THE SECURITIES EXCHANGE ACT OF 1934 15 USC 78C;2
THE SECURITIES EXCHANGE ACT OF 1934 15 USC 78I;1
THE SECURITIES EXCHANGE ACT OF 1934 15 USC 78J;0
THE SECURITIES EXCHANGE ACT OF 1934 15 USC 78M;5
THE SECURITIES EXCHANGE ACT OF 1934 15 USC 78N;0
THE SECURITIES EXCHANGE ACT OF 1934 15 USC 78O;5
THE SECURITIES EXCHANGE ACT OF 1934 15 USC 78Q;2
THE SECURITIES EXCHANGE ACT OF 1934 15 USC 78X;0
THE SECURITIES INVESTOR PROTECTION ACT OF 1970;0
STATE SECURITIES OR LAW ENFORCEMENT AUTHORITY;0
THE CONSUMER FINANCIAL PROTECTION ACT OF 2010;71
THE FEDERAL DEPOSIT INSURANCE ACT 12 USC 1813;19
THE PRIVATE SECURITIES LITIGATION ACT OF 1995;0
THE SARBANES-OXLEY ACT OF 2002 15 USC 7215B4B;0
THE SARBANES-OXLEY ACT OF 2002 15 USC 7215B5A;0
THE SARBANES-OXLEY ACT OF 2002 15 USC 7215C7B;0
COMMITTEE ON FINANCIAL SERVICES OF THE HOUSE;56
NATIONAL ARCHIVES AND RECORDS ADMINISTRATION;0
THE FEDERAL ADVISORY COMMITTEE ACT 5 USC APP;2
THE SARBANES-OXLEY ACT OF 2002 15 USC 7215B5;0
THE SARBANES-OXLEY ACT OF 2002 15 USC 7215C6;0
THE SARBANES-OXLEY ACT OF 2002 15 USC 7217D3;0
THE SECURITIES ACT OF 1933 15 USC 77A ET SEQ;7
DEPARTMENT OF HOUSING AND URBAN DEVELOPMENT;45
FINANCIAL LITERACY AND EDUCATION COMMISSION;4
FINANCIAL ACCOUNTING STATEMENTS 166 AND 167;0
THE SARBANES-OXLEY ACT OF 2002 15 USC 72019;0
THE SARBANES-OXLEY ACT OF 2002 15 USC 7201A;0
THE SARBANES-OXLEY ACT OF 2002 15 USC 7213A;0
THE SARBANES-OXLEY ACT OF 2002 15 USC 7214A;0
THE SARBANES-OXLEY ACT OF 2002 15 USC 7216A;0
THE SARBANES-OXLEY ACT OF 2002 15 USC 7246A;0
THE SARBANES-OXLEY ACT OF 2002 15 USC 7246B;1
THE SARBANES-OXLEY ACT OF 2002 15 USC 7262B;0
NATIONAL CREDIT UNION ADMINISTRATION BOARD;19
PERSON ASSOCIATED WITH A MUNICIPAL ADVISOR;0
SECRETARY OF HOUSING AND URBAN DEVELOPMENT;29
RULE 12B2 OF THE COMMISSION 17 CFR 24012B2;0
SECTION 129CC2 OF THE TRUTH IN LENDING ACT;0
SECTION 552A OF TITLE 5 UNITED STATES CODE;2
THE SARBANES-OXLEY ACT OF 2002 15 USC 7211;0
THE SARBANES-OXLEY ACT OF 2002 15 USC 7212;0
THE SARBANES-OXLEY ACT OF 2002 15 USC 7216;0
THE SARBANES-OXLEY ACT OF 2002 15 USC 7219;0
THE SARBANES-OXLEY ACT OF 2002 15 USC 7246;0
COVERED JUDICIAL OR ADMINISTRATIVE ACTION;7
FEDERAL AGRICULTURAL MORTGAGE CORPORATION;1
OFFICE OF THE COMPTROLLER OF THE CURRENCY;108
COMPTROLLER GENERAL OF THE UNITED STATES;33
THE FEDERAL CREDIT UNION ACT 12 USC 1752;4
FINANCIAL INDUSTRY REGULATORY AUTHORITY;1
DEPOSITORY INSTITUTION HOLDING COMPANY;24
FEDERAL HOME LOAN MORTGAGE CORPORATION;4
SECTION 939D OF HR 4173 111TH CONGRESS;0
THE SECURITIES ACT OF 1933 15 USC 77BA;3
THE SECURITIES ACT OF 1933 15 USC 77FB;0
THE SECURITIES ACT OF 1933 15 USC 77VA;0
FEDERAL DEPOSIT INSURANCE CORPORATION;106
FEDERAL NATIONAL MORTGAGE ASSOCIATION;4
FINANCIAL STABILITY OVERSIGHT COUNCIL;23
MUNICIPAL SECURITIES RULEMAKING BOARD;0
NATIONAL ENDOWMENT FOR THE HUMANITIES;0
THE SECURITIES ACT OF 1933 15 USC 77D;0
THE SECURITIES ACT OF 1933 15 USC 77O;0
THE SECURITIES ACT OF 1933 15 USC 77S;0
COMMODITY FUTURES TRADING COMMISSION;153
FINANCIAL ACCOUNTING STANDARDS BOARD;0
NATIONAL CREDIT UNION ADMINISTRATION;41
STANDARD MAXIMUM CASH ADVANCE AMOUNT;0
FOREIGN AUDITOR OVERSIGHT AUTHORITY;0
GLOBAL ANALYST RESEARCH SETTLEMENTS;0
SECTION 61A3BIII 15 USC 80A60A3BIII;0
SECURITIES AND EXCHANGE ACT OF 1934;1
THE INVESTMENT ADVISERS ACT OF 1940;24
THE SECURITIES EXCHANGE ACT OF 1934;40
APPROPRIATE FEDERAL BANKING AGENCY;164
COLLATERALIZED MORTGAGE OBLIGATION;0
MISLEADING OR FRAUDULENT MARKETING;0
NATIONAL COUNCIL ON THE HUMANITIES;0
SECURITIES AND EXCHANGE COMMISSION;129
THE INVESTMENT COMPANY ACT OF 1940;14
FEDERAL LABOR RELATIONS AUTHORITY;0
FOREIGN LAW ENFORCEMENT AUTHORITY;0
PREDISPUTE ARBITRATION AGREEMENTS;2
SECTION 27AC1BII 15 USC 77Z2C1BII;0
THE FEDERAL DEPOSIT INSURANCE ACT;57
PREDISPUTE ARBITRATION AGREEMENT;4
FEDERAL RULES OF CIVIL PROCEDURE;4
CENTRAL REGISTRATION DEPOSITORY;0
COLLATERALIZED DEBT OBLIGATIONS;0
COLLECTIVE BARGAINING AGREEMENT;4
FINANCIAL ACCOUNTING FOUNDATION;0
SECURITIES EXCHANGE ACT OF 1934;3
INVESTMENT ADVISERS ACT OF 1940;1
ARCHIVIST OF THE UNITED STATES;0
COLLATERALIZED DEBT OBLIGATION;0
GUARANTEED INVESTMENT CONTRACT;0
INSURED DEPOSITORY INSTITUTION;165
NATIONAL ENDOWMENT OF THE ARTS;0
QUALIFIED RESIDENTIAL MORTGAGE;0
INVESTMENT COMPANY ACT OF 1940;0
THE SARBANES-OXLEY ACT OF 2002;0
APPROPRIATE FEDERAL REGULATOR;1
COUNCIL OF INSPECTORS GENERAL;0
COVERED FINANCIAL INSTITUTION;0
INTERNAL REVENUE CODE OF 1986;14
SELF-REGULATORY ORGANIZATIONS;1
TROUBLED ASSET RELIEF PROGRAM;1
FEDERAL DEPOSIT INSURANCE ACT;5
SECTION 10AI1B 15 USC 78J1I1B;0
SECTION 12D1J 15 USC 80A12D1J;0
SECTIONS 3C 101C 105 AND 107C;0
SECURITIES REFORM ACT OF 2010;0
ADVANTAGES AND DISADVANTAGES;0
AUDITED FINANCIAL STATEMENTS;5
NATIONAL COUNCIL ON THE ARTS;0
OFFICE OF THRIFT SUPERVISION;218
SELF-REGULATORY ORGANIZATION;14
THE FEDERAL CREDIT UNION ACT;4
ASSET-BACKED SECURITIZATION;0
COMPTROLLER OF THE CURRENCY;153
DIRECTOR OF THE PEACE CORPS;0
MUNICIPAL FINANCIAL PRODUCT;0
CODE OF FEDERAL REGULATIONS;5
HOLDING COMPANY ACT OF 1935;0
REGULATION FD 17 CFR 243100;0
SECTION 15CA2 15 USC 78O5A2;0
SECTION 21CC2 15 USC 78U3C2;0
THE INVESTMENT ADVISERS ACT;0
TRUST INDENTURE ACT OF 1939;0
DEPARTMENT OF THE TREASURY;20
FARM CREDIT ADMINISTRATION;12
STRUCTURED FINANCE PRODUCT;0
FREEDOM OF INFORMATION ACT;4
SARBANES-OXLEY ACT OF 2002;0
SECTION 213A 15 USC 80B13A;0
THE COMMODITY EXCHANGE ACT;62
THE INVESTMENT COMPANY ACT;0
THE SECURITIES ACT OF 1933;7
ADJUSTABLE RATE MORTGAGES;1
COMMODITY TRADING ADVISOR;9
FINANCIAL HOLDING COMPANY;10
SECRETARY OF THE TREASURY;39
UNIVERSAL RATINGS SYMBOLS;0
SECTION 13B1 15 USC 78MB1;0
SECTION 2063 15 USC 80B63;0
SECTION 21H2 15 USC 78UH2;0
SECTION 222 15 USC 80B18A;0
SUBPARAGRAPHS A THROUGH C;2
SUBPARAGRAPHS A THROUGH D;2
SUBPARAGRAPHS A THROUGH E;4
SUBPARAGRAPHS AVI AND BVI;0
CREATION OF MORAL HAZARD;0
CUSTOMER NAME SECURITIES;8
FEDERAL BANKING AGENCIES;46
HOUSE OF REPRESENTATIVES;36
INITIAL PUBLIC OFFERINGS;0
NAMED RATINGS CORRESPOND;0
SECTION 303 15 USC 77CCC;0
SECTION 308 15 USC 77HHH;0
SECTION 310 15 USC 77JJJ;0
SECTION 311 15 USC 77KKK;0
SECTION 326 15 USC 77ZZZ;0
SECTION 3A4 15 USC 77CA4;0
ASSET-BACKED SECURITIES;4
CALENDAR YEAR PRECEDING;1
CHIEF EXECUTIVE OFFICER;3
DEPOSITORY INSTITUTIONS;25
EMPLOYED INTERMITTENTLY;0
SUBSTANTIVE DIFFERENCES;0
TAKE INTO CONSIDERATION;15
INVESTOR PROTECTION ACT;0
SECTION 12K 15 USC 78LK;0
SECURITIES EXCHANGE ACT;0
SUBCLAUSES I THROUGH IV;0
SUBCLAUSES I THROUGH VI;1
SUBCLAUSES VII AND VIII;0
THE FEDERAL RESERVE ACT;27
AS SOON AS PRACTICABLE;5
TO THE EXTENT FEASIBLE;1
ALTERNATIVE APPROACHES;0
CREDIT RATING AGENCIES;0
DEPOSITORY INSTITUTION;86
ENCOURAGE ILLEGITIMATE;0
EXECUTIVE COMPENSATION;1
FEDERAL BANKING AGENCY;14
FINANCIAL INSTITUTIONS;81
HIGH-FREQUENCY TRADING;0
INACCURACY CONTRIBUTED;0
INFORMATION TECHNOLOGY;0
INSTITUTION-AFFILIATED;4
MISLEADING DESIGNATION;0
PROBABILITY OF DEFAULT;0
PROFESSIONAL STANDARDS;0
PROVIDING PERSONALIZED;0
REPORTING REQUIREMENTS;18
SECURITIES ACT OF 1933;0
UNFULFILLED REPURCHASE;0
ADVISORY COMMITTEE ACT;0
GRAMM-LEACH-BLILEY ACT;28
PARAGRAPHS 1 THROUGH 4;7
PARAGRAPHS 1 THROUGH 5;4
SECTION 4C 15 USC 78D3;0
SUBCLAUSES I THROUGH V;1
ANTI-MONEY LAUNDERING;1
ASSET-BACKED SECURITY;5
CHARGING COMMERCIALLY;0
COMPETITIVELY NEUTRAL;0
CONFLICTS OF INTEREST;55
DEPARTMENT OF JUSTICE;7
DESIGNATING DOCUMENTS;0
ENHANCE ACCESSIBILITY;0
FINANCIAL INSTITUTION;97
IMPRUDENT ORIGINATION;0
INDIVIDUAL PREVAILING;1
INVESTMENT STRATEGIES;0
NATIONALLY RECOGNIZED;2
NONACCELERATED FILERS;0
POLITICAL SUBDIVISION;7
PROCEEDING INSTITUTED;1
RESIDENTIAL MORTGAGES;1
CHAPTER 31 OF TITLE 5;0
CLAUSES I THROUGH III;6
SECTION 14 15 USC 78N;0
SECTION 15 15 USC 78O;1
SECTION 18 15 USC 77R;0
SUBPARAGRAPHS A AND B;22
SUBPARAGRAPHS B AND C;5
RULES OF CONSTRUCTION;5
ACCOUNTING STANDARDS;1
BANK HOLDING COMPANY;124
CAPITAL REQUIREMENTS;48
CONCLUDE PROCEEDINGS;0
CONFLICT OF INTEREST;14
CORPORATE GOVERNANCE;2
CREDIT RATING AGENCY;0
DISQUALIFYING FELONS;0
FINANCIAL INSTRUMENT;4
FINANCIAL STATEMENTS;6
FINDINGS CONCLUSIONS;2
INSURED CREDIT UNION;28
ORIGINAL INFORMATION;7
PRIVATE EQUITY FIRMS;0
PURPORTED CREDENTIAL;0
RESIDENTIAL MORTGAGE;4
CLAUSES I THROUGH IV;1
SECTION 2 15 USC 78B;0
SECTION 3 15 USC 78C;0
LESS FREQUENTLY THAN;12
RULE OF CONSTRUCTION;49
ASSISTANT SECRETARY;0
BUSINESS ACTIVITIES;3
CAREFULLY MONITORED;0
COMPTROLLER GENERAL;48
CONSUMER PROTECTION;17
CREDIT ENHANCEMENTS;1
ERRONEOUSLY AWARDED;0
INVESTMENT ADVISERS;7
INVESTMENT SERVICES;0
INVESTOR PROTECTION;6
MARKET TRANSPARENCY;1
MATURITIES SUITABLE;3
PROPRIETARY TRADING;10
SAVINGS ASSOCIATION;62
SECURITIES ANALYSTS;0
SYSTEMIC IMPORTANCE;9
UNSATISFIED PORTION;1
IN CONJUNCTION WITH;4
CLAUSES I THROUGH V;1
SUBSECTIONS A AND B;21
SUBSECTIONS B AND C;8
SUBSECTIONS D AND E;2
SUBSECTIONS E AND F;2
SUBSECTIONS F AND G;1
UNDESIGNATED MATTER;5
DISPROPORTIONATELY;1
ADVERSELY IMPACTED;0
BOARD OF GOVERNORS;522
CONTROLLED COMPANY;0
EXECUTIVE SCHEDULE;4
FARM CREDIT SYSTEM;9
FINANCIAL LITERACY;19
FINANCIAL SERVICES;16
FOREIGN GOVERNMENT;14
INTERESTED PARTIES;2
INVESTMENT ADVISER;48
INVESTMENT COMPANY;10
MONETARY SANCTIONS;7
QUALIFIED MORTGAGE;20
RULES OF THE BOARD;2
SECURITIES MARKETS;0
SUBSCRIPTION-BASED;0
IN CONNECTION WITH;160
15 US C 78A ET SEQ;0
15 USC 80A1 ET SEQ;0
15 USC 80B1 ET SEQ;2
17 CFR 243100B2III;0
CLAUSES II AND III;3
CLAUSES III AND IV;0
PARAGRAPHS 1 AND 3;4
PARAGRAPHS 2 AND 3;10
PARAGRAPHS 5 AND 6;2
SUBSECTIONS A OR B;0
THE SECURITIES ACT;0
UNITED STATES CODE;135
FOR THE PURPOSE OF;73
IN ACCORDANCE WITH;227
SEPTEMBER 22 1988;0
AGENCY SECURITIES;0
ALLEGES DISCHARGE;1
CREDIT-WORTHINESS;0
DEPOSIT INSURANCE;29
EASILY ACCESSIBLE;1
EXECUTIVE OFFICER;4
FINANCIAL PRODUCT;46
FORWARD CONTRACTS;3
INSURANCE COMPANY;27
JUDICIAL DISTRICT;8
MISREPRESENTATION;0
MUNICIPAL ADVISOR;0
NONENFORCEABILITY;1
PROCEEDS CREDITED;3
PROTECTIVE DECREE;5
PUBLIC DISCLOSURE;17
REPORTED PUBLICLY;7
RESOURCES DEVOTED;0
SECURITIES MARKET;0
STATE OF DOMICILE;6
UNUSUALLY LENGTHY;0
WIDELY PUBLICIZED;0
COMMONLY KNOWN AS;3
DIFFERENT CLASSES;1
12 USC 1831P 9 1C;0
15 USC 80A6A5AIVI;0
SECTION 229402C2X;0
SECTION 24017AD17;0
SUBSECTION A OR B;9
SUBSECTION D OR E;1
IN THE EVENT THAT;8
INCONSISTENT WITH;13
WITH REFERENCE TO;0
ATTORNEY GENERAL;42
BALLOON PAYMENTS;4
BECOME EFFECTIVE;30
BENEFICIAL OWNER;8
CEASE AND DESIST;5
CEASE-AND-DESIST;8
CHAIN-OF-COMMAND;0
COURT OF APPEALS;11
EXTRATERRITORIAL;1
FINANCIAL CRISIS;0
FINANCIAL SYSTEM;71
GOLDEN PARACHUTE;1
LAWSUITS DECIDED;0
MARKET STRUCTURE;0
MUNICIPAL ENTITY;0
OBLIGATED PERSON;0
PERIOD BEGINNING;84
PREPAID VARIABLE;0
RESPONSIBILITIES;50
SECONDARY ACTORS;0
SELF-LIQUIDATING;0
SENIORITY STATUS;2
SERVICE PROVIDER;61
STRONG INFERENCE;0
CLAUSES I AND II;10
CREDIT UNION ACT;0
PARAGRAPH 1 OR 2;5
PARAGRAPH 1 OR 3;0
PARAGRAPH 5 OR 6;2
REVISED STATUTES;3
SECTION 105B5BII;0
SECTION 3A4BVIII;0
CHARACTERIZED BY;1
FOR THE PURPOSES;28
IN PROPORTION TO;0
DISQUALIFICATION;0
DECEMBER 8 1997;0
JANUARY 14 2008;0
APPROPRIATENESS;4
ATTORNEY-CLIENT;1
CHARACTERISTICS;10
COLLATERALIZING;1
CONFIDENTIALITY;40
DEDICATED LEGAL;0
DIFFERENTIATION;2
ELIGIBLE ENTITY;8
FEDERAL RESERVE;165
FINANCIAL ASSET;0
FORWARD-LOOKING;1
GATEKEEPER ROLE;0
INCENTIVE-BASED;0
INSTRUMENTALITY;14
INVESTMENT BANK;1
JUDICIAL REVIEW;12
MONETARY POLICY;1
NON-COOPERATION;0
NONINTERFERENCE;0
ORDINARY COURSE;11
PLACEMENT AGENT;3
POST-EMPLOYMENT;2
PROPORTIONALITY;0
PUBLICLY TRADED;6
REGULATIONS FOR;2
REPRESENTATIONS;0
REPRESENTATIVES;71
RESPONSIBLE FOR;36
RETAIL CUSTOMER;0
RISK MANAGEMENT;44
SECURITIES LAWS;8
ASSOCIATED WITH;52
12 USC 2 1831P1;0
15 USC 78FFF3A1;0
15 USC 80A41E3A;0
15 USC 80B-2A11;0
PARAGRAPH 2AIII;0
SECTION 1514AB2;0
SECTION 19B1AIV;0
SECTION 6A5AIVI;0
SUBSECTION A55A;0
SUBSECTION C2BI;0
SUBSECTION H2DI;0
SUBSECTION L2AI;0
THIS SUBSECTION;338
NOTWITHSTANDING;167
WITH RESPECT TO;600
RECOMMENDATIONS;94
AUGUST 31 2011;0
JANUARY 1 2010;5
JANUARY 1 2011;0
JANUARY 1 2012;0
JANUARY 1 2014;0
OCTOBER 1 2010;2
OCTOBER 1 2011;0
ACCOUNTABILITY;20
ACKNOWLEDGMENT;0
ADMINISTRATION;30
ADMINISTRATIVE;63
ADMINISTRATORS;1
ADVERTISEMENTS;3
APPROPRIATIONS;21
BROKER-DEALERS;0
CAPITALIZATION;0
CERTIFICATIONS;8
CERTIFIED MAIL;4
CLASSIFICATION;4
COLLATERALIZED;1
COLLATERALIZES;0
COLLECTABILITY;0
COMMUNICATIONS;4
CONSIDERATIONS;35
CONSTITUTIONAL;3
CORRESPONDENCE;5
COVERED ENTITY;1
CREDIT RATINGS;1
DISCRIMINATION;10
DOCUMENT-BASED;0
EFFECTIVE DATE;90
EVENLY DIVIDED;0
EXPERT WITNESS;4
FEDERAL AGENCY;57
FINGERPRINTING;0
GROSS REVENUES;2
IDENTIFICATION;20
IMPLEMENTATION;37
INDUSTRY INPUT;0
INEFFICIENCIES;0
INTERMEDIARIES;1
INTERPRETATION;20
INVESTIGATIONS;15
ORGANIZATIONAL;3
RECOMMENDATION;61
REFERRING TIPS;0
REIMBURSEMENTS;1
RELATED ACTION;6
REPRESENTATION;7
REPRESENTATIVE;26
RESPONSIBILITY;20
SECURITIZATION;2
SOPHISTICATION;0
SUBSCRIBER-PAY;0
UNDERSTANDABLE;7
UNDERSTANDINGS;0
WHISTLEBLOWERS;6
WITH A VIEW TO;0
15 USC 77QQQA1;0
15 USC 78EEEA3;0
15 USC 78UD3CI;0
15 USC 80A2A19;0
15 USC 80A2A44;0
15 USC 80A9B4B;0
15 USC 80B2A11;1
15 USC 80B2A21;0
15 USC 80B9E3A;0
SECTION 105B4B;0
SECTION 105B5A;0
SECTION 105C7B;0
SECTION 1514AA;0
SECTION 15BB2E;0
SECTION 15EH2B;0
SECTION 17AC4C;0
SECTION 202A11;2
SECTION 202A21;0
SECTION 209E3A;0
SECTION 21D3CI;0
SECTION 21FH2A;0
SECTION 22910A;0
SECTION 229402;0
SECTION 230262;0
SECTION 230506;0
SECTION 3518C1;0
STUDY REQUIRED;27
SUBPARAGRAPH A;349
SUBPARAGRAPH B;147
SUBPARAGRAPH C;60
SUBPARAGRAPH D;39
SUBPARAGRAPH E;8
SUBPARAGRAPH G;6
SUBPARAGRAPH H;8
SUBPARAGRAPH J;0
SUBPARAGRAPH K;0
SUBPARAGRAPH L;2
SUBSECTION A2E;0
SUBSECTION B1C;1
SUBSECTION B3B;2
SUBSECTION C1A;4
SUBSECTION D1A;0
SUBSECTION D1C;0
SUBSECTION K4B;0
THIS PARAGRAPH;177
AS A RESULT OF;25
IN ADDITION TO;32
IN RELATION TO;3
IN THE CASE OF;116
NOT LATER THAN;220
DETERMINATIONS;39
COMPLYING WITH;10
ESTABLISHMENTS;0
PRIOR APPROVAL;11
APPROPRIATELY;10
IN THE FUTURE;5
MARCH 31 2010;0
SIGNIFICANTLY;11
ACCESSIBILITY;0
ACCREDITATION;3
APPORTIONMENT;7
APPROPRIATION;1
AWARD PROGRAM;1
BALANCE SHEET;7
BROKER-DEALER;0
CALENDAR YEAR;8
CERTIFICATION;58
CIRCUMSTANCES;13
CIRCUMVENTING;0
CIVIL SERVICE;4
CLARIFICATION;9
COLLATERALIZE;0
COMMUNICATING;1
COMMUNICATION;5
COMPREHENSIVE;23
CONGRESSIONAL;8
CONSIDERATION;59
CONSOLIDATION;7
CONTRAVENTION;8
CREDIT RATING;0
CREDIT UNIONS;10
DETERMINATION;248
DISTRIBUTIONS;2
DOCUMENTATION;20
DUE DILIGENCE;6
EFFECTIVENESS;34
EQUITY MARKET;0
EXPEDITIOUSLY;2
FEE STRUCTURE;0
FUNDAMENTALLY;0
HARMONIZATION;1
INAPPROPRIATE;3
INDEPENDENTLY;1
INSTITUTIONAL;1
INTEREST RATE;55
INTEREST-ONLY;1
INTERNATIONAL;55
INVESTIGATION;27
INVESTIGATIVE;22
KNOWLEDGEABLE;0
MACROECONOMIC;0
MAJORITY VOTE;2
MATCH FUNDING;0
MATERIAL LOSS;0
METHODOLOGIES;2
MISMANAGEMENT;0
MODIFICATIONS;10
NATIONAL BANK;63
NONCOMPLIANCE;24
NONDISCLOSURE;2
NONFORFEITURE;0
OF SECURITIES;31
ORGANIZATIONS;34
PARTICULARITY;0
PROBABILITIES;0
PROFESSIONALS;1
PROFITABILITY;0
QUALIFICATION;9
RATING AGENCY;0
REAPPLICATION;0
RECORDKEEPING;28
REGULATION OF;56
REINSTATEMENT;3
RELATIONSHIPS;6
REPUBLICATION;0
RESTRUCTURING;1
RETROSPECTIVE;0
SHORT SELLING;2
SOLICITATIONS;0
STANDARDIZING;1
STRENGTHENING;1
SUBSTANTIATED;0
SUPPLEMENTARY;0
SYSTEMIC RISK;31
TECHNOLOGICAL;4
THIRD PARTIES;11
TRANSNATIONAL;0
UNANTICIPATED;0
UNDERSTANDING;12
UNITED STATES;346
URBAN AFFAIRS;6
USER-FRIENDLY;0
VICE CHAIRMAN;7
WHISTLEBLOWER;36
APPLICABILITY;28
APPLICABLE TO;82
SUBSTANTIALLY;24
12 USC 1790DJ;0
15 USC 77DDDB;0
15 USC 77SD6A;0
15 USC 77TD3A;0
15 USC 77WWWB;0
15 USC 78CA47;0
15 USC 78FFF3;0
15 USC 78GC1A;0
15 USC 78QB1B;0
15 USC 78QE1A;0
15 USC 78U4B2;0
15 USC 80A17F;0
15 USC 80A35A;0
15 USC 80A37B;0
15 USC 80A9D1;0
15 USC 80B3I1;0
PARAGRAPH 2AI;2
PARAGRAPH 2BI;4
PARAGRAPH 53A;0
SECTION 105B3;0
SECTION 105B5;0
SECTION 105C1;0
SECTION 105C4;0
SECTION 105C6;0
SECTION 107D3;0
SECTION 150D2;0
SECTION 1513E;0
SECTION 1514A;0
SECTION 15B6A;0
SECTION 15BC4;0
SECTION 15BC8;0
SECTION 15BD2;0
SECTION 15C1A;0
SECTION 17B1B;0
SECTION 17E1A;0
SECTION 19D6A;0
SECTION 203I1;0
SECTION 205A1;0
SECTION 20D3A;0
SECTION 212C2;1
SECTION 21DB2;0
SECTION 21FA3;0
SECTION 317A1;0
SECTION 42E3A;0
SECTION 552B3;3
SECTION 552B5;0
SECTION 552B8;0
SECTION 5703B;0
SECTION 7B1EI;0
SUBCLAUSE III;2
SUBSECTION A1;43
SUBSECTION A2;24
SUBSECTION A3;3
SUBSECTION A4;9
SUBSECTION AA;4
SUBSECTION B1;13
SUBSECTION B2;33
SUBSECTION B4;6
SUBSECTION C1;6
SUBSECTION C2;7
SUBSECTION C4;1
SUBSECTION D1;10
SUBSECTION D2;3
SUBSECTION E2;6
SUBSECTION F1;2
SUBSECTION F2;3
SUBSECTION G1;3
SUBSECTION G2;1
SUBSECTION G3;2
SUBSECTION J1;0
THIS SUBTITLE;105
PROVIDED THAT;20
REGARDLESS OF;20
TO THE EXTENT;147
TOGETHER WITH;22
WITH EMPHASIS;0
REDESIGNATING;67
AUTHORIZATION;26
ESTABLISHMENT;56
CONSISTENTLY;2
JUNE 16 2013;0
SEPTEMBER 30;3
SUFFICIENTLY;6
ACCOMPANYING;1
ADVISABILITY;3
AMORTIZATION;8
APPLICATIONS;5
APPROPRIATED;24
ARRANGEMENTS;23
ASSET-BACKED;0
ASSOCIATIONS;9
AUDIT REPORT;1
AVAILABILITY;51
BUSINESS DAY;17
CALCULATIONS;0
CENTRALIZING;0
CIRCUMSTANCE;2
COMMISSIONER;14
COMPENSATING;1
COMPENSATION;49
COMPENSATORY;4
CONCURRENTLY;3
CONFIDENTIAL;35
CONSEQUENCES;4
CONSOLIDATED;22
CONSTRUCTING;0
CONSULTATION;150
COORDINATION;62
COUNTERPARTS;1
CREDIT UNION;7
CURE DEFECTS;0
DEFICIENCIES;4
DELIBERATION;0
DEMONSTRATED;2
DESIGNATIONS;4
DESIRABILITY;0
DISCIPLINARY;11
DISCRIMINATE;7
DISGORGEMENT;4
DISQUALIFIED;0
DUTY OF CARE;2
EXAMINATIONS;51
EXPECTATIONS;1
FIXED-INCOME;0
FLUCTUATIONS;0
FREQUENCY OF;1
FUNCTIONALLY;1
FUNCTIONS OF;50
GOVERNMENTAL;15
HIGH CALIBER;0
IMPLICATIONS;3
IMPROVEMENTS;7
INDEPENDENCE;18
INSTITUTIONS;67
INSTRUCTIONS;2
INSURED BANK;9
INTERMEDIARY;1
JURISDICTION;139
MANIPULATION;28
MANIPULATIVE;6
MODIFICATION;40
MUTUAL FUNDS;0
NECESSITATES;0
NOTIFICATION;29
OBSERVATIONS;0
ORGANIZATION;65
PARTICIPANTS;68
PARTICIPATED;5
PAYING AGENT;0
PERSONALIZED;0
PRIVATE FUND;29
PRODUCTIVITY;0
PROFESSIONAL;24
PROGRAMMATIC;3
QUANTITATIVE;11
RAISES NOVEL;0
RECEIVERSHIP;32
RECKLESSNESS;0
REGISTRATION;100
REINVESTMENT;0
RELATIONSHIP;5
REPRESENTING;1
REQUIREMENTS;430
RESTATEMENTS;0
SALESPERSONS;0
SECURITIZERS;0
SENIOR-LEVEL;0
SHAREHOLDERS;19
SHORTCOMINGS;0
SIGNIFICANCE;5
SOLICITATION;4
STANDARDIZED;6
STREAMLINING;1
SUBORDINATED;2
SUBORDINATES;0
SUBSIDIARIES;46
SURVEILLANCE;6
THEN-CURRENT;0
TRANSACTIONS;195
TRANSFERRING;5
TRANSMISSION;7
TRANSPARENCY;12
UNDERTAKINGS;5
UNDERWRITERS;4
UNDERWRITING;17
UNREASONABLE;2
VERIFICATION;5
WORK-PRODUCT;0
BY REASON OF;12
ON BEHALF OF;57
15 USC 77CA2;0
15 USC 77CA8;0
15 USC 78A3A;0
15 USC 78SH4;0
15 USC 78U2A;0
15 USC 78U-4;0
15 USC 78UA1;0
15 USC 80A30;0
15 USC 80A3C;2
15 USC 80A43;0
15 USC 80A48;0
15 USC 80A49;0
15 USC 80B14;0
15 USC 80B3F;0
15 USC 80B5A;0
PARAGRAPH 10;6
PARAGRAPH 11;4
PARAGRAPH 12;7
PARAGRAPH 13;14
PARAGRAPH 17;2
PARAGRAPH 1A;29
PARAGRAPH 1B;17
PARAGRAPH 1C;5
PARAGRAPH 22;6
PARAGRAPH 2A;19
PARAGRAPH 2B;15
PARAGRAPH 3A;12
PARAGRAPH 3B;9
PARAGRAPH 41;1
PARAGRAPH 4A;3
PARAGRAPH 4B;7
PARAGRAPH 6B;2
PARAGRAPH 9A;2
REGULATION D;2
RULE 45C3AII;0
SECTION 103A;0
SECTION 104A;2
SECTION 105B;0
SECTION 106A;0
SECTION 107B;0
SECTION 10A1;0
SECTION 11C5;0
SECTION 121K;0
SECTION 1319;0
SECTION 15A7;0
SECTION 15AB;0
SECTION 15BA;0
SECTION 15BB;2
SECTION 15BC;0
SECTION 15BD;0
SECTION 15CC;0
SECTION 15EM;0
SECTION 15EW;0
SECTION 15GA;0
SECTION 17A1;0
SECTION 17F1;0
SECTION 17F2;0
SECTION 19B1;0
SECTION 19B3;0
SECTION 19B4;0
SECTION 19H4;0
SECTION 203B;6
SECTION 203F;0
SECTION 205A;0
SECTION 205B;0
SECTION 216J;0
SECTION 21A1;0
SECTION 21BA;0
SECTION 2A11;1
SECTION 2A19;0
SECTION 2A44;0
SECTION 304B;0
SECTION 308B;1
SECTION 3109;0
SECTION 3114;0
SECTION 323B;0
SECTION 3A12;0
SECTION 3A47;1
SECTION 3A62;0
SECTION 3A77;1
SECTION 404B;0
SECTION 4D1C;0
SECTION 5316;1
SECTION 7104;0
SECTION 7C1A;0
SECTION 922A;0
SECTION 939D;0
SECTION 9B4B;0
SUBCLAUSE II;16
SUBCLAUSE IV;3
SUBSECTION A;231
SUBSECTION B;143
SUBSECTION C;53
SUBSECTION D;31
SUBSECTION E;27
SUBSECTION F;16
SUBSECTION G;10
SUBSECTION H;12
SUBSECTION I;11
SUBSECTION J;6
SUBSECTION K;4
SUBSECTION L;2
SUBSECTION P;2
THIS SECTION;654
A VARIETY OF;1
CONSTITUTING;3
EARLIER THAN;8
GREATER THAN;14
IN EXCESS OF;11
PARTICULARLY;3
RESPECTIVELY;59
SPECIFICALLY;32
SUBSEQUENTLY;4
REDESIGNATED;52
SUBPARAGRAPH;85
ESTABLISHING;48
DISAPPROVING;0
IMPLEMENTING;33
RESTRICTIONS;31
002 PERCENT;0
APPROPRIATE;487
DECEMBER 31;5
ENFORCEABLE;34
IMMEDIATELY;31
PERMANENTLY;0
PERMISSIBLE;14
SIGNIFICANT;69
SUBSTANTIAL;25
TEMPORARILY;1
UNNECESSARY;3
ACCELERATED;1
ACCOUNTANTS;3
ACQUISITION;32
ADJUDICATED;0
ADJUSTMENTS;18
ADVERTISING;2
ALLEGATIONS;1
ALTERNATIVE;13
ANONYMOUSLY;1
APPLICATION;102
APPOINTMENT;92
ARBITRATION;13
ARRANGEMENT;18
ASCERTAINED;2
ASSESSMENTS;47
ASSET-LEVEL;0
ASSOCIATION;36
ASSUMPTIONS;1
ATTESTATION;0
AUTHORITIES;92
CALCULATION;9
CARRIED OUT;7
CHAIRPERSON;56
COLLECTIONS;0
COMMISSIONS;17
COMMODITIES;24
COMMUNICATE;2
COMPETITION;10
COMPETITIVE;23
CONCLUSIONS;3
CONCURRENCE;5
CONSECUTIVE;0
CONSTITUTES;11
CONSULTANTS;1
CONSUMMATED;13
CONTINGENCY;6
CONTROLLING;13
CONVERSIONS;3
COOPERATION;6
COORDINATED;9
CORPORATION;762
CORRECTIONS;3
CORRELATION;0
COUNTERFEIT;0
CREDIT RISK;7
DEFINITIONS;101
DEPARTMENTS;5
DERIVATIVES;23
DESCRIPTION;48
DESIGNATION;38
DETERMINING;46
DEVELOPMENT;43
DIFFERENCES;14
DIMINISHING;0
DISCLOSURES;42
DISCUSSIONS;4
DISPOSITION;21
DISRUPTIONS;4
DISTRIBUTED;7
DISTRIBUTES;0
DISTURBANCE;0
EDUCATIONAL;9
EFFICIENTLY;1
ELIMINATING;2
ELIMINATION;3
ENCOUNTERED;1
ENFORCEMENT;225
ENGAGEMENTS;0
ENGINEERING;0
ENHANCEMENT;10
ENTERPRISES;1
ESCHEATMENT;0
EVALUATIONS;2
EXAMINATION;122
EXPERIENCES;1
EXPLANATION;33
FEASABILITY;0
FEASIBILITY;10
FILING DATE;6
FORESEEABLE;1
FULFILLMENT;6
FUNCTION OF;21
FUNCTIONING;2
FURTHERANCE;8
GATEKEEPERS;0
GOVERNMENTS;6
HEDGE FUNDS;4
IDENTIFIERS;0
IDENTIFYING;23
IMPROVEMENT;3
INDEPENDENT;35
INDIVIDUALS;34
INFLUENCING;3
INFORMATION;582
INFORMATIVE;0
INITIATIVES;6
INJUNCTIONS;0
INNOVATIONS;0
INSPECTIONS;3
INSTALLMENT;5
INSTITUTION;65
INSTRUMENTS;35
INTERPRETED;3
INTERVIEWED;0
INVESTIGATE;10
INVESTMENTS;36
INVOLVEMENT;5
IRREVOCABLE;0
ITEMIZATION;1
LEGISLATION;5
LEGISLATIVE;14
LEGISLATORS;1
LIQUIDATING;4
LIQUIDATION;70
MAINTAINING;14
MAINTENANCE;21
METHODOLOGY;8
MISDEMEANOR;0
MULTIFAMILY;1
NOMINATIONS;0
OBLIGATIONS;132
OPPORTUNITY;42
ORIGINATION;19
ORIGINATORS;6
OUTSTANDING;28
PARTICIPANT;25
PARTICIPATE;20
PARTNERSHIP;25
PEACE CORPS;0
PEER REVIEW;0
PERFORMANCE;22
PERSPECTIVE;0
PRACTICABLE;27
PRE-DISPUTE;1
PREPARATION;7
PROACTIVELY;0
PROBABILITY;1
PROCEEDINGS;46
PROPRIETARY;8
PROSECUTION;3
PROSECUTORS;0
PROTECTIONS;7
PUBLICATION;28
QUALITATIVE;0
REASONS FOR;7
RECOGNITION;2
RECOMMENDED;11
RECOVERABLE;1
REGULATIONS;371
RELIABILITY;0
REPRESENTED;9
REPUTATIONS;0
REQUIREMENT;112
RESIDENTIAL;19
RESOLUTIONS;8
RESPONSIBLE;7
RESTATEMENT;0
RETALIATION;4
SAFEKEEPING;0
SALESPERSON;0
SCHOLARSHIP;1
SECURITIZED;3
SECURITIZER;0
SENSITIVITY;0
SERIOUSNESS;0
SHAREHOLDER;7
SHORT-SWING;0
SPECIALISTS;0
SPECIALIZED;0
STABILIZING;0
STATISTICAL;4
STATUTORILY;0
STREAMLINED;4
SUBMISSIONS;5
SUBSISTENCE;2
SUBSTANTIVE;0
SUFFICIENCY;2
SUGGESTIONS;0
SUMMARIZING;8
SUPERVISION;89
SUPERVISORS;7
SUPERVISORY;62
TERMINATION;34
TERMINOLOGY;0
THIRD-PARTY;11
TRADITIONAL;2
TRANSACTION;416
TRANSFERRED;204
TRANSITIONS;1
TRANSMITTAL;5
TRANSMITTED;8
TRANSPARENT;9
UNCERTAINTY;0
UNCONTESTED;0
UNDERTAKING;1
UNDERWRITER;10
VOLUNTARILY;4
IN LIGHT OF;8
PURSUANT TO;390
REFERRED TO;102
RELATING TO;225
15 USC 17AS;0
15 USC 77H1;0
15 USC 78FM;0
15 USC 78U1;1
15 USC 80B3;4
15 USC 80B4;1
15 USC 80B5;1
15 USC 80B9;0
PARAGRAPH 1;330
PARAGRAPH 2;184
PARAGRAPH 3;79
PARAGRAPH 4;69
PARAGRAPH 5;22
PARAGRAPH 6;19
PARAGRAPH 7;12
PARAGRAPH 8;13
PARAGRAPH 9;9
SECTION 101;7
SECTION 102;6
SECTION 106;3
SECTION 109;0
SECTION 10A;3
SECTION 10B;4
SECTION 10C;0
SECTION 13B;0
SECTION 13E;0
SECTION 13F;0
SECTION 14A;0
SECTION 14C;0
SECTION 14G;0
SECTION 15A;1
SECTION 15B;5
SECTION 15D;2
SECTION 15E;1
SECTION 15F;2
SECTION 16A;0
SECTION 17A;3
SECTION 17B;0
SECTION 17F;0
SECTION 18C;2
SECTION 19A;0
SECTION 19B;3
SECTION 202;8
SECTION 203;8
SECTION 204;2
SECTION 205;4
SECTION 206;3
SECTION 208;0
SECTION 209;1
SECTION 20A;0
SECTION 20E;0
SECTION 210;8
SECTION 211;1
SECTION 214;0
SECTION 21A;5
SECTION 21C;1
SECTION 21D;0
SECTION 21E;0
SECTION 21F;0
SECTION 22A;2
SECTION 24F;0
SECTION 28D;0
SECTION 28E;0
SECTION 29A;0
SECTION 2A9;0
SECTION 308;1
SECTION 36A;0
SECTION 38B;0
SECTION 38K;0
SECTION 39C;0
SECTION 3A2;0
SECTION 3A4;0
SECTION 3A5;1
SECTION 3A6;0
SECTION 3A8;0
SECTION 3E2;0
SECTION 404;0
SECTION 505;2
SECTION 552;10
SECTION 553;8
SECTION 5A3;0
SECTION 706;0
SECTION 753;0
SECTION 912;0
SECTION 914;0
SECTION 936;0
SECTION 941;0
SECTION 952;0
SECTION 9A1;0
SECTION 9D1;0
SUBCLAUSE I;29
SUBSECTIONS;24
EXCLUSIVELY;9
ACCORDINGLY;6
COMPARED TO;0
CONSIDERING;5
HEREINAFTER;0
IN ANY CASE;9
IN ORDER TO;70
IN THE CASE;3
RELEVANT TO;13
EFFECTIVELY;8
POTENTIALLY;10
RELIED UPON;1
SHORT TITLE;14
AUTHORIZING;5
DISAPPROVAL;2
DISAPPROVED;2
ESTABLISHED;231
IMPLEMENTED;4
LIMITATIONS;65
PROHIBITING;13
PROHIBITION;56
PROMULGATED;21
RESTRICTING;5
SUITABILITY;2
TAKE EFFECT;46
10 PERCENT;13
1000000000;2
1500000000;1
1750000000;0
2000000000;0
2250000000;0
2500000000;0
30 PERCENT;1
50 PERCENT;5
ADEQUATELY;8
CONSISTENT;118
FIVE-MONTH;0
INDIRECTLY;55
MARCH 2010;0
MULTI-YEAR;1
OCTOBER 30;1
REASONABLE;124
REASONABLY;41
SEMIANNUAL;7
SUFFICIENT;30
ACCESSIBLE;2
ACCOMPLISH;3
ACCOUNTANT;6
ACCOUNTING;22
ACTIVITIES;277
ADJUSTMENT;16
ADMINISTER;19
ADVOCATING;0
AFFILIATED;14
AFFILIATES;42
AGGREGATED;4
AGREEMENTS;65
ALLEGATION;1
ALLOCATION;14
ANALYTICAL;2
APPOINTING;3
APPROACHES;7
ASSESSMENT;46
ASSIGNMENT;18
ASSISTANCE;98
ASSOCIATED;17
ASSURANCES;4
ATTENDANCE;5
AUTO LOANS;0
BANKRUPTCY;20
BASED UPON;15
BENEFICIAL;3
BURDENSOME;2
BUSINESSES;10
CANDIDATES;1
CATEGORIES;16
CLARIFYING;0
COLLATERAL;33
COLLECTION;30
COMMERCIAL;44
COMMISSION;1000
COMMITTEES;34
COMMITTING;2
COMPARABLE;53
COMPARISON;3
COMPETENCE;3
COMPETENCY;1
COMPLAINTS;34
COMPLETING;2
COMPLETION;18
COMPLIANCE;258
CONCLUDING;1
CONCLUSION;7
CONDITIONS;109
CONDUCT OF;27
CONDUCTING;34
CONFIDENCE;3
CONSIDERED;54
CONSIST OF;3
CONSTITUTE;16
CONSULTANT;1
CONSULTING;5
CONTAINING;15
CONTINGENT;13
CONTINUING;3
CONTROLLED;30
COORDINATE;50
CORRECTIVE;1
CREDENTIAL;1
CUSTOMIZED;0
DEFENDANTS;1
DEFICIENCY;1
DEFINITION;86
DELIBERATE;0
DEPARTMENT;54
DEPOSITORS;3
DEPOSITORY;1
DERIVATIVE;16
DESCRIBING;21
DESIGNATES;3
DEVELOPING;14
DIFFERENCE;8
DISCIPLINE;2
DISCLOSING;5
DISCLOSURE;78
DISCOURAGE;0
DISCRETION;80
DISCUSSION;4
DISPLAYING;0
DISQUALIFY;0
DISRUPTION;6
DISTRIBUTE;3
ECONOMISTS;1
EFFICIENCY;6
ELECTRONIC;40
EMPLOYMENT;37
EMPOWERING;0
ENCOURAGES;1
ENGAGEMENT;2
ENTERPRISE;8
EVALUATING;3
EVALUATION;22
EVALUATIVE;0
EXECUTIONS;0
EXECUTIVES;4
EXERCISING;13
EXPERIENCE;6
EXPLICITLY;1
FACILITATE;42
FICTITIOUS;4
FINDS GOOD;0
FIRST-LOSS;0
FRAUDULENT;13
FREQUENTLY;0
FURNISHING;3
GENERALITY;0
GOOD FAITH;18
GOVERNANCE;19
GOVERNMENT;95
GRAND JURY;1
GUARANTEED;12
GUIDELINES;44
HIGHLIGHTS;0
HISTORICAL;1
IMPLEMENTS;0
IMPORTANCE;12
IMPOSITION;6
IMPRISONED;2
IN CONCERT;0
INACCURACY;0
INACCURATE;7
INCENTIVES;10
INCREASING;4
INDICATING;1
INDIVIDUAL;88
INFLUENCED;1
INITIATING;5
INJUNCTION;7
INSOLVENCY;33
INSPECTION;29
INSPECTORS;6
INSTRUCTED;0
INSTRUMENT;19
INTERSTATE;21
INVESTMENT;76
ISSUER-PAY;0
LIKELIHOOD;5
LITIGATION;17
LOAN-LEVEL;0
MANAGEMENT;102
MANAGERIAL;7
MATERIALLY;11
MEASURABLE;2
MECHANISMS;9
MEMBERSHIP;13
MISCONDUCT;3
MISLEADING;10
MITIGATING;10
MONITORING;30
MOTIVATION;0
NATIONWIDE;4
NEGOTIATED;4
NEGOTIATES;2
NOMINATING;0
NOMINATION;0
OBJECTIVES;29
OBLIGATION;92
OPEN-ENDED;0
OPERATIONS;55
ORIGINATOR;5
OVERSEEING;0
PERCENTAGE;58
PERFORMING;40
PRE-AGREED;0
PREPAYMENT;24
PRINCIPLES;8
PRIORITIES;6
PRIVILEGED;0
PRIVILEGES;24
PROCEDURAL;4
PROCEDURES;176
PROCEEDING;100
PROCESSING;28
PRODUCTION;18
PROFESSION;1
PROHIBITED;18
PROMULGATE;30
PROSECUTES;0
PROTECTING;6
PROTECTION;103
PROVISIONS;242
PUBLISHING;6
PURCHASING;13
RECEIVABLE;0
RECKLESSLY;4
RECOGNIZED;3
REDEMPTION;6
REFERENCES;8
REGISTERED;280
REGULATION;262
REGULATORS;33
REGULATORY;137
REMITTANCE;6
REPOSITORY;4
REQUESTING;6
RESOLUTION;90
RESPECTIVE;12
RESPONDENT;3
RESPONDING;11
RETIREMENT;26
REVOCATION;3
SAFEGUARDS;13
SATISFYING;0
SECURITIES;179
SEPARATELY;2
SEPARATION;1
SETTLEMENT;73
SHORT SALE;2
SOLICITING;7
SOLICITORS;0
STATE BANK;29
STATEMENTS;18
STRATEGIES;5
STREAMLINE;1
STRUCTURED;7
STRUCTURES;5
SUBMISSION;50
SUBSIDIARY;180
SUBSIDIZED;0
SUBSTITUTE;2
SUCCESSFUL;4
SUCCESSIVE;2
SUCCESSORS;1
SUGGESTION;0
SUPERVISED;67
SUPERVISOR;9
SUSPENSION;9
TECHNOLOGY;6
TESTIFYING;0
TIMEFRAMES;3
TRANSITION;28
UNDERLYING;15
UNDERSTAND;5
UNDERTAKEN;12
UNDERTAKES;2
VIOLATIONS;40
VOLATILITY;5
WARRANTIES;0
WITHDRAWAL;10
WORLD BANK;0
APPLICABLE;213
AS FOLLOWS;41
ELIMINATED;1
IDENTIFIED;54
IN GENERAL;568
PARTICULAR;21
SUBSEQUENT;18
THEMSELVES;5
THEREAFTER;26
THEREUNDER;36
THROUGHOUT;1
CLAUSE III;32
CLAUSE VII;9
SECTION 10;5
SECTION 12;4
SECTION 13;15
SECTION 14;2
SECTION 15;2
SECTION 16;2
SECTION 17;5
SECTION 19;5
SECTION 20;1
SECTION 21;4
SECTION 22;1
SECTION 24;7
SECTION 27;4
SECTION 2A;5
SECTION 31;0
SECTION 35;0
SECTION 38;2
SECTION 3A;12
SECTION 3C;16
SECTION 3Q;16
SECTION 42;0
SECTION 44;0
SECTION 48;0
SECTION 4D;9
SECTION 4G;0
SECTION 4H;0
SECTION 4I;0
SECTION 50;0
SECTION 6B;2
SECTION 8A;8
SECTION 9A;1
SUBSECTION;34
SUBTITLE A;13
SUBTITLE B;42
SUBTITLE E;14
SUBTITLE F;15
SUBTITLE G;3
SUBTITLE H;3
SUBTITLE I;1
THIS TITLE;550
USC 1831OK;0
AS WELL AS;11
BECAUSE OF;13
CONCERNING;54
EARLIER OF;8
EQUIVALENT;18
EXCEPTIONS;31
FEWER THAN;20
IN LIEU OF;7
LATER THAN;17
LIMITED TO;21
MULTIPLIED;3
PREVIOUSLY;8
RELATES TO;9
REPRESENTS;8
SUBJECT TO;496
SUCCEEDING;0
ADDITIONAL;97
MINIMIZING;2
AMENDMENTS;132
CONFORMING;24
PARAGRAPHS;27
RULEMAKING;92
LIMITATION;83
AUTHORIZED;166
AUTHORIZES;10
DESIGNATED;113
DETERMINED;126
DETERMINES;177
DISAPPROVE;1
EXEMPTIONS;31
INSTITUTED;4
OVERRULING;0
PERMITTING;5
PRESCRIBED;204
PREVENTING;5
SUPERVISES;1
100000000;2
12 MONTHS;18
15 MONTHS;2
150000000;1
18 MONTHS;17
200000000;1
24 MONTHS;5
250000000;0
30 MONTHS;5
300000000;1
5 PERCENT;2
EQUITABLE;24
IDENTICAL;3
JANUARY 1;2
NECESSARY;269
PER ANNUM;1
PRIMARILY;12
REGULARLY;9
STRINGENT;10
TRIENNIAL;0
ACADEMICS;1
ACCOMPANY;6
ACCOUNTED;1
ACHIEVING;0
ACQUIRING;5
ADDRESSED;2
ADHERENCE;2
ADJUSTING;5
ADVERSELY;4
ADVOCATES;2
AFFECTING;24
AFFILIATE;128
AFFIRMING;1
AGGREGATE;42
AGREEMENT;256
ALLOCABLE;0
ALLOCATED;4
ANCILLARY;1
ANNUITIES;2
ANONYMOUS;0
ANTIFRAUD;3
APPOINTED;95
ARBITRATE;0
ARRANGERS;0
ASSESSING;20
ASSIGNING;1
ASSISTING;6
ATTEMPTED;2
ATTENTION;3
ATTORNEYS;10
AUTHORITY;482
AUTOMATED;11
AVAILABLE;221
AWARENESS;5
BELONGING;7
BORROWING;21
BROKERAGE;14
CANCELLED;1
CARRY OUT;92
CERTIFIED;33
CERTIFIES;4
CHARACTER;10
CLEARANCE;7
COLLECTED;40
COMMANDED;0
COMMITTED;19
COMMITTEE;57
COMMODITY;96
COMPANIES;201
COMPELLED;4
COMPETENT;20
COMPLAINT;49
COMPLETED;6
COMPLETES;4
CONCERNED;5
CONCLUDED;0
CONDITION;36
CONDUCTED;73
CONFLICTS;6
CONFUSION;0
CONSENTED;1
CONSIDERS;13
CONSUMERS;156
CONTAINED;17
CONTINUED;10
CONTRACTS;132
CONVENING;0
CONVICTED;15
CORPORATE;11
COUNSELED;0
CREDITING;4
CREDITORS;43
CUSTODIAN;25
CUSTOMERS;26
DECEPTIVE;33
DECISIONS;14
DECLARING;0
DEFENDANT;6
DELIVERED;3
DEPOSITED;22
DESIGNATE;18
DESIGNEES;4
DETERRING;1
DEVELOPED;10
DIFFERING;0
DIRECTION;9
DIRECTORS;83
DISCHARGE;10
DISCLOSED;15
DISCLOSES;3
DISCOVERY;24
DISREGARD;6
DIVERSITY;9
DIVIDENDS;21
DIVISIONS;1
DOCUMENTS;27
DOMICILED;7
ECONOMIST;0
EDITORIAL;0
EDUCATION;47
EFFECTING;7
EFFICIENT;12
ELECTIONS;0
ELIMINATE;6
EMERGENCY;41
EMPLOYEES;158
EMPOWERED;1
ENCOURAGE;10
ENDOWMENT;4
ENGINEERS;0
ENHANCING;1
EQUIPMENT;1
ERRONEOUS;0
ESSENTIAL;4
ESTIMATED;7
ESTIMATES;2
EVALUATED;0
EXAMINERS;5
EXAMINING;3
EXCESSIVE;2
EXCHANGED;4
EXCHANGES;10
EXCLUSION;29
EXCLUSIVE;23
EXECUTIVE;23
EXISTENCE;8
EXPANSION;6
EXPERTISE;12
EXPRESSED;3
EXTENDING;8
EXTENSION;63
FEDERALLY;26
FIDUCIARY;15
FINANCIAL;471
FIREWALLS;0
FORMATION;3
FORMULAIC;0
FREQUENCY;10
FULFILLED;0
FULL-TIME;4
FUNCTIONS;107
FURNISHED;13
GOVERNING;50
GOVERNORS;3
GUARANTEE;57
HOUSEHOLD;4
IMPLEMENT;47
IMPROVING;4
INCENTIVE;7
INCUBATOR;0
INDENTURE;0
INFLATION;9
INITIATED;12
INITIATES;2
INSPECTED;0
INSPECTOR;23
INSTANCES;0
INSTITUTE;4
INSURANCE;212
INTEGRITY;29
INTERESTS;50
INVENTORY;0
INVESTING;1
INVESTORS;34
INVOLVING;34
ISSUANCES;0
KNOWINGLY;11
KNOWLEDGE;8
LIABILITY;40
LICENSING;29
LIQUIDITY;31
LOOK-BACK;6
LOW-LEVEL;0
MAGNITUDE;1
MARGINING;6
MARKETERS;0
MARKETING;4
MATERIALS;22
MECHANISM;3
MID-LEVEL;0
MORTGAGES;31
MORTGAGOR;10
MUNICIPAL;4
NONPROFIT;2
OBTAINING;19
OCCUPYING;3
OCCURRING;5
OFFERINGS;0
OFFICIALS;4
OMBUDSMAN;13
OPERATING;34
OPERATION;46
OPERATIVE;0
ORGANIZES;3
OVERSIGHT;39
PECUNIARY;0
PENALTIES;32
PERFORMED;15
PERSONNEL;39
PERTINENT;1
PLATFORMS;0
PLEADINGS;0
PORTFOLIO;12
POSITIONS;66
POTENTIAL;69
PRACTICES;78
PREPARING;4
PRESIDENT;37
PRINCIPAL;91
PRIVATELY;1
PRIVILEGE;21
PROACTIVE;0
PROCEDURE;35
PROCESSES;11
PROCESSOR;6
PRODUCING;1
PROJECTED;2
PROMOTING;6
PROMOTION;4
PROPOSALS;5
PROPOSING;6
PROSECUTE;1
PROTECTED;7
PROVIDERS;6
PROVIDING;116
PROVISION;346
PUBLISHED;20
PUBLISHES;0
PURCHASED;14
PURCHASER;13
PURCHASES;13
QUALIFIED;26
QUESTIONS;9
RECEIVING;26
RECIPIENT;5
RECLAIMED;0
RECOGNIZE;1
RECOMMEND;17
REDUNDANT;0
REFERENCE;14
REGULATOR;34
REIMBURSE;9
RENEWABLE;0
REPLACING;1
REPORTING;125
REPRESENT;6
RESOLVING;11
RESOURCES;42
RESPONSES;6
RESULTING;23
RETAINING;3
RETENTION;20
REVIEWING;11
REVOLVING;1
SAFEGUARD;3
SANCTIONS;4
SCHEDULED;11
SCHEDULES;4
SECRETARY;318
SELECTING;3
SERVICING;8
SIGNATURE;4
SOUNDNESS;40
SPONSORED;3
STABILITY;33
STANDARDS;233
STATEMENT;57
STATUTORY;12
STRUCTURE;13
SUBGRANTS;0
SUBGROUPS;0
SUBMITTED;63
SUBPOENAS;8
SUCCESSOR;23
SUMMARILY;0
SUSTAINED;1
TECHNICAL;19
TECHNIQUE;0
TELEPHONE;24
TEMPORARY;25
TERRITORY;7
TESTIMONY;49
THREATENS;0
TRANSFERS;34
TREATMENT;66
UNALTERED;0
UNDERTAKE;4
UNRELATED;1
UNSECURED;23
UNUSUALLY;0
VIABILITY;0
VIOLATING;5
VIOLATION;148
VIOLATORS;0
WARRANTED;2
WILLFULLY;4
WITHDRAWN;8
WITNESSES;9
WORKPLACE;0
BE SERVED;13
DIFFERENT;23
FOLLOWING;562
GENERALLY;16
PRECEDING;51
TYPICALLY;3
WHICHEVER;1
2 CONTENT;6
CLAUSE II;46
CLAUSE IV;14
CLAUSE VI;6
NONWAIVER;0
PARAGRAPH;37
RULE 436G;0
SECTION 2;21
SECTION 3;44
SECTION 4;32
SECTION 5;19
SECTION 6;8
SECTION 8;34
SECTION 9;3
ALTERNATE;0
BEGINNING;17
EXCEEDING;6
EXCEPT AS;145
HEREUNDER;1
INCLUDING;643
INCLUSION;12
INDICATES;1
LESS THAN;52
MORE THAN;72
OTHERWISE;241
REGARDING;218
THEREFORE;1
INCREASED;11
AMENDMENT;63
CONSTRUED;107
DESCRIBED;611
DESCRIBES;4
EFFECTIVE;71
ENACTMENT;233
INSERTING;808
LISTED IN;10
SEMICOLON;20
SENTENCES;2
MANDATORY;33
APPROVING;1
AUTHORIZE;11
DETERMINE;146
ESTABLISH;217
EVALUATES;1
EXCEPTION;62
EXEMPTION;74
JUSTIFIES;1
PERMITTED;64
PRESCRIBE;184
PROHIBITS;7
REGULATED;57
REQUESTED;33
REQUIRING;43
SATISFIED;4
SATISFIES;7
SET FORTH;52
SPECIFIED;45
SUPERVISE;4
10 YEARS;6
12-MONTH;4
180 DAYS;26
25000000;2
270 DAYS;6
360 DAYS;4
50000000;2
6 MONTHS;22
75000000;0
9 MONTHS;4
ADEQUATE;30
ANNUALLY;33
APRIL 30;0
CREDIBLE;5
DIRECTLY;106
IMPROPER;4
PERIODIC;21
POSSIBLE;30
PROMPTLY;22
RELEVANT;57
THOROUGH;0
ABETTING;0
ACADEMIC;2
ACCEPTED;13
ACCOUNTS;53
ACCURACY;9
ACCURATE;22
ACQUIRED;12
ACTIVITY;99
ADEQUACY;13
ADJUSTED;19
ADOPTING;10
ADOPTION;6
ADVANCES;5
ADVISERS;9
ADVISING;3
ADVISORS;5
ADVISORY;38
ADVOCATE;0
AFFECTED;18
AGENCIES;192
ALLEGING;1
ALLOCATE;4
ALTERING;15
ANALYSIS;44
ANALYSTS;1
APPEALED;1
APPENDIX;0
APPLYING;8
APPROVED;27
ARRANGED;2
ASSESSES;0
ASSISTED;1
ATTAINED;1
ATTESTED;0
ATTORNEY;23
AUDITING;3
AUDITORS;0
BACK PAY;3
BASELINE;4
BEHAVIOR;6
BELIEVED;3
BENEFITS;66
BORROWER;51
BUDGETED;0
BUSINESS;156
CAPACITY;54
CARRYING;40
CATEGORY;54
CHAIRMAN;41
CHARGING;3
CITIZENS;1
CLAIMANT;41
CLASSIFY;0
CLEARING;206
CLERICAL;12
CODIFIED;0
COINCIDE;0
COLLECTS;4
COMBINED;6
COMMENCE;9
COMMENTS;11
COMMERCE;30
COMPLETE;32
COMPLIED;2
COMPOSED;2
CONCERNS;16
CONDUCTS;9
CONFLICT;17
CONGRESS;123
CONSENTS;4
CONSIDER;59
CONSUMER;380
CONTAINS;16
CONTEMPT;5
CONTINUE;46
CONTRACT;343
CONTROLS;40
CONVEYED;2
COSTS OF;26
COVERAGE;43
CREATING;10
CREATION;2
CREDITED;20
CRIMINAL;14
CRITERIA;44
CRITICAL;9
CUSTOMER;73
DATABASE;10
DEADLINE;12
DECISION;62
DEFAULTS;10
DEFERRED;2
DEFINING;7
DELEGATE;12
DELIVERY;71
DEPOSITS;42
DESIGNED;33
DESIGNEE;9
DESIRING;1
DETAILED;8
DIMINISH;5
DIRECTOR;478
DISCLOSE;25
DISPUTES;3
DISRUPTS;0
DISTINCT;1
DISTRICT;46
DIVISION;19
DOCUMENT;9
DOMESTIC;10
DURATION;6
EARNINGS;6
ECONOMIC;40
EFFECTED;4
ELAPSING;0
ELECTION;25
ELEMENTS;6
ELIGIBLE;27
EMPLOYED;18
EMPLOYEE;154
EMPLOYER;22
ENFORCED;18
ENGAGING;13
ENHANCED;16
ENJOINED;3
ENTITIES;128
ENTITLED;29
ESTIMATE;9
EVIDENCE;25
EXAMINED;3
EXAMINER;4
EXAMINES;0
EXAMPLES;0
EXCHANGE;70
EXCISING;0
EXCLUDED;15
EXERCISE;99
EXISTING;58
EXPECTED;17
EXPENDED;7
EXPENSES;41
EXTENDED;25
FACILITY;78
FAILURES;1
FAIRNESS;2
FEATURES;2
FINDINGS;31
FORMERLY;0
FUNCTION;25
GUARANTY;8
GUIDANCE;23
IDENTIFY;49
IDENTITY;16
IMPOSING;13
IMPROVED;1
INACTION;3
INCLUDED;23
INCLUDES;61
INCURRED;24
IN-DEPTH;0
INDICATE;1
INDIRECT;11
INDUSTRY;22
INFORMED;8
INTENDED;16
INTEREST;204
INTERNAL;25
INTERNET;13
INVESTED;11
INVESTOR;6
INVOLVED;22
INVOLVES;10
ISSUANCE;28
JUDGMENT;27
JUDICIAL;26
MAINTAIN;92
MAJORITY;22
MANAGERS;1
MATERIAL;66
MEASURES;30
MEETINGS;10
MISSIONS;0
MONETARY;18
MORTGAGE;193
MULTIPLE;15
NARROWER;0
NATIONAL;65
NOTIFIES;8
OBTAINED;33
OCCURRED;12
OFFERING;50
OFFICERS;21
OFFICIAL;14
OMISSION;9
OPERATED;10
OPTIONAL;0
ORIGINAL;18
OUTLINED;0
OVERLAPS;0
PAYMENTS;93
PER DIEM;2
PERFORMS;7
PERSONAL;24
PHYSICAL;8
PLANNERS;0
PLANNING;6
PLEADING;0
POLICIES;61
POSITION;91
POSITIVE;0
PRACTICE;62
PREPARED;14
PRESENTS;10
PRESERVE;2
PROBLEMS;5
PROCEEDS;19
PROCURED;1
PRODUCED;4
PRODUCES;1
PRODUCTS;38
PROGRAMS;56
PROGRESS;2
PROMOTED;0
PROMOTES;1
PROPERTY;229
PROPOSAL;9
PROPOSED;68
PROVIDES;71
PUBLICLY;26
PURCHASE;97
PURPOSES;388
RECEIPTS;14
RECEIVED;92
RECEIVER;283
RECEIVES;40
RECENTLY;0
RECKLESS;4
RECOVERY;13
REDUCING;3
REFERRAL;8
REGIONAL;7
REGISTER;49
RELIABLE;7
RELIANCE;5
REMAINED;0
REMEDIES;28
REPORTED;27
REQUESTS;21
RESEARCH;30
RESIDUAL;1
RESPONSE;43
RESULTED;1
RETAINED;13
REVENUES;6
REVIEWED;4
REVISION;3
ROUNDING;0
RULES OF;50
SALARIES;3
SAMPLING;2
SANCTION;1
SECURITY;165
SEPARATE;26
SERVICER;49
SERVICES;213
STAFFING;2
STANDARD;37
STRATEGY;12
SUBCLASS;0
SUBGRANT;0
SUBJECTS;0
SUBPOENA;18
SUBUNITS;0
SUPPLIED;4
TANGIBLE;12
THREATEN;5
TRAINING;10
TRANCHES;0
TRANSFER;198
TRANSMIT;14
TREASURY;20
TURNOVER;0
UPDATING;3
VALUABLE;0
VARIABLE;4
VIOLATED;11
VIOLATES;10
VOIDABLE;3
WARRANTS;3
WITHHOLD;2
CONTENTS;13
DOES NOT;155
GENERALS;0
MODIFIED;13
RELATING;0
SPECIFIC;49
THEREFOR;3
3 REPORT;10
CLAUSE I;129
SUBTITLE;8
THIS ACT;293
TITLE 17;2
TITLE 18;9
TITLE 31;20
TITLE 44;3
TITLE II;10
ANYTHING;0
WHENEVER;17
ACTUALLY;1
ANYWHERE;0
AT LEAST;29
EQUAL TO;36
GREATEST;4
PREVIOUS;14
PROVIDED;394
SO AS TO;12
DECREASE;3
INCREASE;39
MINIMIZE;27
NEGATIVE;11
AMENDING;17
BASED ON;83
CONTRARY;6
DESCRIBE;11
SECTIONS;32
SENTENCE;63
STRIKING;777
MANDATED;6
UNLAWFUL;46
ALLOWING;5
APPROVAL;60
ASSIGNED;5
DIRECTED;9
ENABLING;4
ENSURING;11
EVALUATE;13
EXCEPTED;16
EXEMPTED;9
FRACTION;0
GRANTING;3
MITIGATE;38
OBLIGATE;0
PREVENTS;1
PROHIBIT;15
REGULATE;4
REPEALED;12
REQUIRED;434
REQUIRES;22
RESTRAIN;2
RESTRICT;11
SUITABLE;2
10 DAYS;7
1000000;9
10-YEAR;2
15 DAYS;5
150-DAY;0
180-DAY;3
2 YEARS;21
21 DAYS;2
30 DAYS;49
45 DAYS;3
5 YEARS;27
6 YEARS;3
60 DAYS;33
6-MONTH;1
8000000;0
90 DAYS;40
ALREADY;9
APRIL 1;0
APRIL 5;0
JUNE 30;1
MARCH 1;0
MILLION;1
MONTHLY;21
OPTIMAL;0
QUARTER;8
SERIOUS;12
SHORTER;6
UNUSUAL;5
ABETTED;0
ABILITY;76
ABSENCE;9
ACCEPTS;6
ACCOUNT;169
ACCRUED;7
ACHIEVE;15
ACTIONS;116
ADDRESS;40
ADVERSE;11
ADVISER;7
ADVISES;3
ADVISOR;8
AFFECTS;11
ALLEGED;17
ALLEGES;1
AMOUNTS;114
ANALYST;0
ANALYZE;5
ANNUITY;1
APPEALS;6
APPLIED;31
APPOINT;21
ARISING;58
ASCRIBE;0
ASSERTS;0
ASSIGNS;1
AUDITOR;2
AWARDED;1
BACKING;0
BALANCE;22
BANKING;42
BENEFIT;48
BINDING;5
BROADER;9
BROADLY;0
BROKERS;8
BROUGHT;31
BUBBLES;0
BURDENS;2
CAPITAL;108
CARRIED;5
CENTRAL;2
CERTIFY;3
CHAIRED;0
CHANGED;2
CHANGES;28
CHARGES;39
CLASS C;1
CLASSES;9
CLEARLY;6
CLIENTS;8
COLLARS;0
COLLECT;21
COMMENT;22
COMPANY;302
COMPARE;2
COMPLEX;11
CONCISE;0
CONDUCT;151
CONSENT;31
CONSULT;67
CONTAIN;32
CONTROL;71
CONVENE;1
CONVEYS;2
COUNCIL;370
COUNSEL;11
COURSES;4
COVERED;35
CREATED;10
CREATES;1
CREDITS;4
CUSTODY;24
DAMAGES;42
DEALERS;11
DEALING;8
DECEIVE;0
DEFAULT;67
DEFENSE;7
DEFINED;308
DERIVED;10
DETAILS;9
DEVELOP;26
DISCUSS;2
DISPUTE;17
DISRUPT;2
DOLLARS;0
ECONOMY;10
EDUCATE;5
EFFECTS;18
EFFORTS;29
ELECTED;6
EMPLOYS;5
ENACTED;6
ENGAGED;88
ENGAGES;17
ENHANCE;15
ENTERED;63
ETHICAL;0
EXAMINE;24
EXECUTE;10
EXHIBIT;0
EXPERTS;5
FACTORS;47
FACTUAL;0
FAILURE;54
FALSELY;0
FALSITY;0
FEATURE;0
FEDERAL;490
FINANCE;69
FINDERS;0
FINDING;20
FOREIGN;155
FORWARD;16
FOSTERS;0
FUNDING;40
FURNISH;12
FUTURES;51
GRAPHIC;0
GROUNDS;4
HEARING;74
HEDGING;10
HELPFUL;1
HOLDERS;6
HOTLINE;7
HOUSING;106
IMPACTS;2
IMPOSED;69
IMPROVE;17
INCLUDE;215
INDUCED;0
INITIAL;42
INSPECT;0
INSURED;76
INTENDS;2
INTERIM;18
ISSUERS;14
ISSUING;22
KNOWING;7
LAWYERS;0
LEAVING;1
LENDING;48
LENGTHS;0
LIAISON;1
LICENSE;13
LISTING;8
LOYALTY;0
MAILING;5
MANAGED;12
MANAGER;4
MARGINS;2
MARKETS;65
MEASURE;17
MEETING;13
MEMBERS;83
METHODS;16
METRICS;0
MISSING;0
MISSION;4
MONITOR;33
NATURAL;18
NEAREST;4
NOMINEE;0
NOTICES;7
NUMBERS;4
OBLIGOR;7
OBTAINS;4
OFFERED;31
OFFICER;117
OFFICES;10
ONGOING;14
ON-SITE;0
OPINION;4
OPTIONS;23
ORDERED;10
ORDERLY;71
OUTCOME;3
OVERLAP;0
OVERSEE;4
PARTIAL;5
PARTNER;10
PAYABLE;20
PAYMENT;177
PENALTY;62
PENSION;0
PERFORM;46
PERIODS;19
PERSONS;141
PLACING;7
PORTION;21
POSTING;3
PREPARE;24
PRIMARY;40
PRIVACY;13
PRIVATE;36
PROBLEM;1
PROCESS;74
PRODUCE;5
PRODUCT;59
PROGRAM;132
PROMOTE;35
PROPOSE;3
PROTECT;32
PROVIDE;286
PUBLISH;29
PURPOSE;79
QUALIFY;8
QUALITY;6
RATINGS;1
READILY;3
REAPPLY;0
REASONS;8
RECEIPT;66
RECEIVE;54
RECORDS;112
RECOVER;19
REDUCES;2
REFLECT;25
REFORMS;5
REFUSAL;7
REGULAR;13
RELATES;3
REMOVAL;2
REPORTS;204
REQUEST;155
RESERVE;7
RESOLVE;23
RESPOND;8
RESULTS;46
RETIRED;0
REVENUE;17
REVIEWS;11
REVISED;2
ROLE OF;10
ROUNDED;0
SATISFY;14
SCHEMES;1
SECRETS;0
SECURED;60
SEEKING;14
SEGMENT;2
SELLING;11
SENDING;0
SENIORS;10
SERVICE;99
SERVING;31
SETTING;20
SHARING;18
SOLICIT;5
SOURCES;19
SPECIAL;41
SPECIFY;9
SPONSOR;10
STAFFED;0
STATING;5
STUDIES;12
SUBJECT;43
SUBMITS;8
SUCCESS;1
SUMMARY;7
SUPPORT;51
SUSPEND;11
SYSTEMS;55
TALENTS;0
TESTING;4
TRADING;109
TRANCHE;0
TREATED;45
TRUSTEE;21
UNIFORM;17
UTILITY;2
UTILIZE;8
VERSION;3
VICTIMS;5
WARRANT;3
WEBSITE;11
WILLFUL;1
WITNESS;20
WORKING;9
WRITING;66
WRITTEN;106
AGAINST;138
ANOTHER;55
APPLIES;19
BETWEEN;95
CERTAIN;91
CURRENT;33
FOLLOWS;42
GENERAL;85
IN TURN;0
MATTERS;28
OUTSIDE;16
PENDING;18
PRESENT;29
RELATED;118
SEVERAL;3
THEREOF;104
THERETO;31
THROUGH;213
VARIOUS;8
VARYING;2
WITHOUT;101
HR 4645;0
SECTION;33
TITLE 5;72
TITLE I;11
JOINTLY;89
NEITHER;7
NOTHING;81
BECAUSE;6
DIVIDED;1
EQUALLY;2
EVEN IF;3
EXCEEDS;14
FURTHER;35
GRANTED;40
GREATER;14
IMPLIES;0
IN THAT;11
LARGEST;5
OVERALL;10
SIMILAR;98
SO THAT;9
SUCH AS;27
THAT IS;489
THEREBY;1
WHETHER;208
AUGMENT;0
HIGHEST;4
MAXIMUM;35
MINIMUM;66
SMALLER;4
ADOPTED;28
APPEARS;117
CHAPTER;18
CONTENT;12
FILINGS;0
HEADING;17
MEANING;68
MINIMIS;0
STATUTE;27
CENSURE;5
LIMITED;26
ALLOWED;27
AMENDED;468
APPROVE;12
AVERTED;0
CONFORM;14
ENFORCE;114
PREVENT;61
REQUIRE;179
WAIVING;1
100000;5
150000;0
1-YEAR;23
250000;4
2-YEAR;16
375000;0
3-YEAR;7
500000;2
5-YEAR;4
60-DAY;11
725000;0
90-DAY;19
BETTER;7
EASILY;2
FOURTH;4
LIKELY;25
PROMPT;10
ROBUST;8
TIMELY;55
UNDULY;1
ACCEPT;30
ACCESS;86
ACTING;57
ACTION;306
ACTORS;0
ACTUAL;17
ADJUST;10
ADOPTS;1
ADVICE;23
ADVISE;10
AFFECT;74
AFFORD;5
AGENCY;401
AGENDA;0
AGENTS;15
AGREED;10
AGREES;8
AIDING;0
AMOUNT;301
ANNUAL;82
ARISES;11
ASSESS;17
ASSETS;201
ASSIST;17
ASSURE;7
ATTEST;0
AWARDS;9
BACKED;1
BECAME;6
BECOME;27
BILLED;0
BOARDS;13
BRANCH;32
BROKER;52
BUDGET;19
BURDEN;6
BUREAU;787
CAUSED;5
CEASES;3
CHANGE;54
CHARGE;34
CHECKS;5
CHOSEN;0
CLAIMS;82
CLERKS;0
CLIENT;5
COMBAT;3
COMITY;0
COMMIT;3
COMPEL;2
COPIES;13
COURSE;11
COURTS;14
CREATE;13
CREDIT;266
DEALER;52
DEBTOR;3
DECEIT;4
DEFINE;27
DEGREE;14
DEMAND;45
DEMOTE;1
DENIAL;4
DENOTE;0
DEPEND;0
DESIGN;3
DETAIL;10
DETECT;4
DIFFER;1
DIRECT;43
DOLLAR;22
DUALLY;0
DUTIES;99
EARNED;4
EFFECT;141
EMPLOY;10
ENABLE;14
ENDING;10
ENGAGE;33
ENTICE;0
ENTITY;190
EQUITY;59
ESCROW;28
ESTATE;44
ETHICS;9
EXCESS;2
EXISTS;10
EXPECT;1
EXTEND;29
EXTENT;97
FACTOR;10
FAILED;9
FAIRLY;2
FAMILY;8
FELONY;1
FISCAL;32
FOLLOW;12
FORMAL;8
FORMAT;11
FORMER;2
FRAUDS;2
FREELY;0
FUNDED;6
FUTURE;73
GATHER;3
GLOBAL;7
GOVERN;3
GRANTS;19
GROUND;3
GROUPS;1
HANDLE;0
HARASS;1
HEALTH;33
HINDER;2
HIRING;5
HOLDER;14
HOUSES;1
IMPACT;41
IMPAIR;7
INCOME;43
INCURS;1
INFORM;10
INJURY;4
INPUTS;0
INTENT;14
INVEST;6
ISSUED;129
ISSUER;52
ISSUES;46
LAWFUL;2
LENGTH;1
LEVELS;17
LIABLE;19
LINKED;3
LOSSES;31
MANAGE;8
MARGIN;72
MARKET;199
MEDIUM;2
MEMBER;114
MERGED;2
MERGER;13
MERITS;0
METHOD;12
MISLED;0
MODELS;12
MODIFY;22
MONIES;5
MONTHS;6
MOTION;18
MUTUAL;7
NATURE;70
NEEDED;4
NOTICE;244
NOTIFY;43
NUMBER;75
OBTAIN;49
OCCURS;5
OFFICE;239
OFFSET;23
OPTION;88
ORDERS;101
OTHERS;11
PAPERS;10
PARENT;17
PASSED;0
PAYING;8
PERIOD;258
PERSON;761
PLACED;12
POLICY;50
POWERS;79
PRICES;5
PROFIT;4
PROVEN;8
PUBLIC;200
PURSUE;4
RAISED;4
RATING;0
REASON;17
RECENT;3
RECORD;37
REDUCE;27
REFORM;3
REGARD;32
RELATE;13
RELIED;1
RELIEF;38
RELIES;4
REMAIN;35
REPEAL;7
REPORT;399
RESULT;45
RETAIL;11
RETAIN;13
RETURN;20
REVEAL;1
REVIEW;148
REVISE;9
REVOKE;3
REWARD;0
RIGHTS;109
SAFETY;56
SECTOR;18
SECURE;40
SELECT;11
SENATE;115
SENIOR;38
SERVED;10
SERVES;5
SHARES;10
SIGNED;2
SIMPLE;1
SINGLE;26
SKILLS;0
SOURCE;25
STAFFS;0
STATES;29
STATUS;64
STOLEN;0
STRESS;3
SUBMIT;128
SUDDEN;1
SUPPLY;1
SYMBOL;0
SYSTEM;154
TAKING;45
TARGET;3
TESTED;0
THINGS;16
THREAT;23
TIMING;14
TRADED;40
TRADES;16
TRAVEL;6
TRUSTS;0
UNIQUE;2
USEFUL;5
VALUES;9
VERIFY;12
VIEWED;0
VOLUME;15
VOTING;8
WAIVED;8
WORKED;0
ACROSS;2
AROUND;0
COMMON;9
DURING;123
GIVING;10
HAVING;45
ITSELF;14
LISTED;18
MAKING;92
VERSUS;2
CLAUSE;46
AS FOR;1
BEFORE;324
DUE TO;10
EITHER;47
EXCEPT;152
HEREIN;0
HIGHER;17
IF NOT;4
LONGER;7
SECOND;28
SOLELY;63
UNLESS;165
WITHIN;157
EXCEED;53
MEDIAN;2
ADDING;196
FILING;47
INSERT;6
MANNER;166
MATTER;44
SOUGHT;3
TITLES;5
LIMITS;77
SHOULD;40
ALLOWS;7
CANNOT;8
COMPLY;59
DEEMED;82
ENSURE;116
EXEMPT;62
IMPOSE;47
PERMIT;42
REMOVE;5
WAIVER;34
10000;2
75000;0
DAILY;13
FIRST;72
THIRD;27
TWICE;7
WELLS;0
ABETS;0
ABUSE;9
ACTED;2
ADOPT;73
AGENT;55
AGING;1
AGREE;12
AIDED;0
AMEND;15
AREAS;34
ASKED;1
ASSET;31
AUDIT;40
AVOID;23
AWARD;23
AWARE;5
BANKS;53
BASIC;13
BEGIN;7
BOARD;380
BONDS;1
BOOKS;29
BRING;18
CAUSE;51
CHAIR;2
CHECK;5
CHIEF;50
CIVIL;77
CLAIM;104
CLASS;85
CLEAR;22
CLERK;3
COSTS;53
COURT;186
COVER;15
CYCLE;2
DATES;5
DEALS;0
DEALT;3
EDGAR;0
ELECT;18
ENTER;47
ENTRY;7
EQUAL;16
ERROR;18
EVENT;37
EXIST;6
FACTS;13
FAILS;14
FALSE;15
FEEDS;0
FILED;50
FILER;0
FILES;14
FINAL;134
FINDS;27
FINED;2
FINES;4
FIRMS;7
FIXED;9
FOCUS;4
FORCE;8
FORMS;8
FRAUD;40
FULLY;23
FUNDS;166
GAINS;2
GOALS;7
GRADE;1
GRANT;38
GROUP;85
HANDS;1
HEADS;1
HEDGE;11
HIRED;0
HOLDS;18
HUMAN;3
INDEX;43
INPUT;4
ISSUE;136
ITEMS;24
JOINT;31
KNOWS;4
LARGE;29
LEASE;34
LEAVE;4
LEGAL;49
LEVEL;28
LINES;13
LOANS;108
LOCAL;32
LOWER;7
MAILS;9
MEANS;351
MEDIA;8
MEETS;36
MODEL;26
MONEY;53
MONTH;7
NAMED;5
NASAA;0
NEEDS;19
NRSRO;0
OCCUR;2
OFFER;30
OLDER;1
ORDER;227
OWNED;34
PAPER;4
PARTY;100
PLACE;161
PLANS;39
POSED;7
POWER;26
PRICE;81
PRIOR;82
PROXY;0
RANGE;3
RATED;0
RATES;30
REFER;5
RIGHT;74
RISKS;101
RULES;439
SALES;13
SCOPE;44
SELLS;3
SENSE;5
SERVE;56
SHARE;21
SHOCK;0
SHOWS;0
SKILL;2
SMALL;17
STAFF;9
STATE;530
STEPS;27
STOCK;36
STUDY;159
SWAPS;213
TIMES;25
TRADE;165
TREAT;8
TRIAL;7
TYPES;32
UNION;0
UNITS;12
USERS;4
USING;22
VALID;13
VALUE;110
VIEWS;13
VOTES;0
WASTE;0
WEEKS;0
WORLD;0
YEARS;25
ABOUT;37
ALONG;4
AMONG;39
BEING;34
BORNE;3
CASES;8
COULD;37
DOING;1
EVERY;16
FORTH;6
GIVES;4
LATER;16
MAJOR;20
MAKES;40
MIGHT;7
TAKES;22
THEIR;100
THERE;72
THOSE;80
UNDER;2358
WHICH;887
WHOLE;19
WHOSE;27
WOULD;163
TITLE;22
OTHER;1335
UNTIL;43
WHERE;56
AFTER;705
ALONE;3
IF SO;3
IMPLY;1
RATIO;6
SINCE;3
WHILE;20
FEWER;1
MINUS;1
TOTAL;84
ADDED;50
APPLY;202
BASED;14
BASIS;123
CITED;14
COMMA;5
KNOWN;25
TABLE;11
TAKEN;69
TERMS;227
LIMIT;89
ALLOW;22
DEEMS;27
SHALL;3067
2002;0
2003;1
2010;4
2011;8
2012;9
2013;3
2014;2
2015;0
5000;6
7500;0
DAYS;9
EASY;0
ABET;0
AIDS;1
AREA;24
BACK;0
BANK;174
BEST;16
BODY;17
BOND;6
CALL;14
CARE;6
CASE;18
CASH;20
CODE;20
COME;2
COPY;40
COST;47
CURE;0
DATA;230
DATE;581
DEBT;89
DONE;2
DOOR;0
DUTY;44
FACE;3
FAIL;7
FAIR;37
FEES;83
FILE;40
FINE;2
FIRM;12
FLOW;2
FORM;110
FULL;23
FUND;183
GAIN;9
GAPS;3
GASB;0
HARM;11
HEAD;12
HELD;73
HELP;11
HIGH;13
HIRE;0
HOLD;13
HOME;94
JURY;1
LACK;5
LAST;11
LAWS;80
LEAD;2
LIST;24
LOAN;278
LOSE;4
LOSS;35
LOST;1
MAIN;2
MASS;1
MEET;49
MIND;0
MSRB;0
NAIC;16
NAME;18
NEED;16
NEWS;3
OPEN;47
OWED;12
PAID;57
PAYS;0
PLAN;157
PLAY;0
POOL;1
RATE;74
REAL;69
RELY;10
RISK;102
ROLE;7
RULE;327
SAFE;25
SALE;159
SECS;0
SEEK;18
SEND;4
SENT;4
SIPA;0
SIPC;37
SITE;9
SIZE;48
SOLD;11
STEP;0
SUIT;12
SUMS;9
SWAP;293
TEXT;0
TIER;3
TIME;210
TIPS;5
TYPE;67
UNIT;13
UPON;204
USED;128
USER;2
USES;18
VARY;4
VOID;4
VOTE;37
WAYS;9
WIDE;2
WORK;10
YEAR;139
BARS;0
BEEN;162
DOES;0
DOWN;1
FROM;598
GIVE;16
HAVE;386
INTO;233
JUST;0
MADE;316
MAKE;184
MANY;0
MOST;6
MUCH;1
MUST;13
ONCE;11
PART;67
PAST;6
SAME;189
SOME;8
SUCH;2423
TAKE;117
THAN;244
THAT;2263
THEM;5
THEY;16
THIS;140
WERE;85
WHAT;13
WHOM;31
WILL;123
WITH;1154
3114;0
78OD;0
ACTS;48
VIII;22
BOTH;50
EACH;556
NONE;5
WHEN;57
ALSO;43
LIKE;8
MORE;149
NEXT;4
ONLY;96
SOLE;36
THEN;40
LESS;20
OVER;63
ITEM;18
KNOW;6
READ;28
RISE;10
SETS;9
TERM;660
DEEM;10
1/3;0
100;17
150;5
2/3;22
DUE;26
ODD;0
TEN;3
TWO;1
AGE;11
AID;7
BAN;2
BID;1
CEO;0
DAY;77
EAD;12
ECB;0
FEE;56
FIX;11
GAO;8
IFI;26
LAW;425
LED;9
LOW;8
NET;34
NEW;142
OUT;58
PAY;99
SEC;394
SIV;1
SUM;3
TAX;33
USE;169
ARE;639
BAR;5
CAN;19
DID;6
FOR;2616
HAD;32
HAS;406
HER;10
HIS;14
HOW;22
ITS;312
MAY;1275
OFF;6
ONE;51
OWN;38
PER;23
THE;21553
WAS;148
WHO;199
101;6
103;6
10A;1
10C;0
110;0
14A;0
15A;0
19A;2
19B;0
39C;0
912;1
914;0
916;0
918;0
919;1
921;3
936;0
941;0
952;0
ACT;138
III;416
VII;40
ALL;430
ANY;3469
AND;7786
BUT;104
NON;52
NOR;16
NOT;960
WHY;9
YET;5
END;364
PUT;17
SET;64
ADD;4
10;43
12;75
15;67
20;20
23;15
25;17
30;13
31;16
35;16
62;10
EC;105
IT;142
US;120
VI;60
AN;1388
AT;628
BE;1860
BY;4021
DO;39
IN;5081
IS;1651
OF;12039
ON;1436
TO;5630
11;68
13;25
14;64
16;26
17;22
18;18
1A;30
1B;8
1F;1
22;12
24;6
27;12
28;4
29;6
2B;9
32;6
38;5
39;5
3B;2
42;20
43;3
44;6
46;3
4A;8
4B;6
4C;1
4D;5
51;5
53;2
54;5
5C;3
68;6
6A;0
6C;0
6D;2
9A;1
9B;0
AA;67
B2;7
BB;49
C1;3
CC;36
D1;3
E1;1
F1;4
F2;0
II;960
IV;211
IX;21
NO;285
AS;2321
IF;498
OR;7628
SO;67
1;1047
2;877
3;543
4;349
5;261
6;203
7;242
8;127
9;93
A;7013
I;1078
B;1411
C;989
D;658
E;622
F;224
H;152
J;42
K;39
L;86
M;68
N;97
O;49
P;79
Q;24
R;158
T;128
U;88
V;140
X;53
Y;27
Z;15
